sweep,order,all_updates_optimal,all_audits_optimal,max_update_power_mw,max_update_energy_mwh,max_update_offer_mw,max_nash_power_mw,max_nash_energy_mwh,max_nash_offer_mw,max_profitable_deviation_eur_per_day,max_lmp_reclear_gap_eur_per_mwh,max_embedded_reclear_profit_gap_eur_per_day,max_complementarity_violation,stable_sweeps,power_I1_mw,energy_I1_mwh,profit_I1_eur_per_day,power_I2_mw,energy_I2_mwh,profit_I2_eur_per_day,power_I3_mw,energy_I3_mwh,profit_I3_eur_per_day,power_I4_mw,energy_I4_mwh,profit_I4_eur_per_day
1,I1->I2->I3->I4,True,True,9.663585080438386,24.327170159095296,9.663596058014273,1.7784117036472304,6.80682340613647,1.7784185153326844,198.45767025436112,0.0010468916117858384,0.017758058980689384,2.3015923467907177e-11,0,6.617745221846564,16.485490444316646,-112.05516557826728,7.80152102803409,18.85304205656433,-162.09778882600762,8.57091972767757,20.391839455978673,3220.0999760849745,9.124363520876166,21.498727168292607,5559.426526354726
2,I2->I3->I4->I1,True,False,1.778375968421357,6.806751935921289,1.778382939574393,0.3520950453781744,2.8166900900036556,0.35424978076895197,183.44833945807878,0.0009055121921264231,0.007209254704363843,5.841093581716063e-10,0,6.428167676871863,14.968835354772544,-102.4149602085989,7.179089439086615,16.47067887899188,-142.30907488904376,8.166326685120888,18.445153371270607,3232.782300555845,8.914659181150576,19.941818445175866,5568.629541254704
3,I3->I4->I1->I2,True,True,0.3520950453781744,2.8166900900036556,0.3520995710352546,0.08535800815163874,1.5438406560354956,0.0875240640392363,315.03620289313585,0.001322066893486351,0.0073989918138011035,2.125977379674137e-10,0,6.35746522287764,14.088055447047545,-31.03485671440278,7.133130533001588,15.639386067031456,-61.922592609393504,8.043093419238527,17.459311839769327,3301.2967632159352,8.88781658832397,19.148758357057226,5265.5228347330685
4,I4->I1->I2->I3,False,False,0.10872178099822527,1.5905685615071405,0.10872472343722972,0.10618322289552218,1.4650116464947942,0.10763815322090942,492.7281107512499,0.001212499246690868,0.016436109135611332,9.379673331833542e-10,0,6.3194125995282615,13.531356450520047,10.648913604739946,7.10839482503618,15.109320901236924,-14.62984113683784,8.043093419238527,17.459311839769327,3338.05318229475,8.911192707899787,18.714916909611645,5086.873032977888
5,I1->I2->I3->I4,False,False,0.1327125226622492,1.411953213561155,0.13271252269060163,0.1327125226622492,1.411953213561155,0.13271252269060163,614.4805959786354,0.0013324011695345916,0.007410467470776894,7.838123619819394e-10,0,6.303335084379766,13.186815482834401,38.439582460571984,7.097944081695404,14.776033477143967,16.966358666054617,8.043093419238527,17.459311839769327,3362.793807328581,8.911192707899787,18.714916909611645,4964.738526253226
6,I2->I3->I4->I1,True,True,0.14391487035831574,1.398367243436251,0.14536980040922032,0.11404428228102859,0.9686709645392497,0.11404428230112096,526.0426710169158,0.0013153513542150108,0.013563900699409714,6.200847536660464e-11,0,6.282837292643945,12.94276904006013,21.332238585919328,7.09115109834081,14.55939665111737,-2.054009669912787,8.038675963587197,16.96988330456664,3348.255482978644,8.961562912525197,18.503271296651835,5052.700828740694
7,I3->I4->I1->I2,True,False,0.12736614202244922,0.9686709645392497,0.7682743485174264,0.12280710079913781,0.6387345423043538,0.4372269771717381,564.1194904069407,0.0012701901637157675,0.030525786820362555,5.77254188707845e-10,0,6.258575727183121,12.762262850591764,30.564246351942316,7.075380113807263,14.395871623493953,8.583150126102197,8.025351535524681,16.630848466977902,3358.2497318753167,9.006141062233054,18.389376807558207,5013.793668389444
8,I4->I1->I2->I3,True,False,0.12280710079913781,0.641226029713442,0.4372269771717381,0.13223931788902732,0.41679692410285973,0.3366122374624734,605.5965194228575,0.0012654543408032737,0.029037424924354127,6.033789400157978e-10,0,6.233282245557687,12.625886899285529,40.08722837104446,7.0589383432010155,14.277199094219846,19.552830433619192,8.01466236133696,16.406419356578198,3368.1823468297453,9.049123547512751,18.343358639658952,4971.53189763211
9,I1->I2->I3->I4,True,False,0.14663393693440874,0.39387589455757777,0.3510068564031421,0.09531765356269517,0.35866260237352776,3.9913876640065906,435.6503850049812,0.0012579010969346882,0.00719962961420606,4.2893905624671886e-10,0,6.226336754275525,12.556233074485238,4.69742494546567,7.054423480807234,14.212406527192247,-20.464034676735352,8.011725577446317,16.268562793483046,3334.700572651309,9.100445425439794,18.360213355514926,5141.290692474389
10,I2->I3->I4->I1,False,True,0.11518366642700428,0.31892372557523174,0.2458627860053344,0.10188198460505049,0.34550120296298026,0.1889866907325839,464.61203595248753,0.001224246560894926,0.028266992510907585,1.8206310432129926e-10,0,6.19931286599144,12.465939450463665,11.224934430573285,7.034554039862007,14.136421797845756,-12.949842085227672,8.011725577446317,16.268562793483046,3340.8048697820923,9.140759708689245,18.38507917194166,5111.59806256339
11,I3->I4->I1->I2,True,False,0.11945310495993589,0.34550120296298026,0.20439452341553555,0.1206117363586312,0.222216001531514,0.17798694589033204,548.9103284129596,0.0011960580034013901,0.026910223753475293,4.034825511635369e-10,0,6.173264141909966,12.39028220145601,29.275600858593663,7.017621331916415,14.07899658110815,7.670987085225434,7.994157340406598,16.147637372446003,3358.627146528072,9.182568295425224,18.43245055786707,5026.393250303625
12,I4->I1->I2->I3,True,False,0.1206117363586312,0.22157724260518386,0.17798694589033204,0.13182568879302892,0.2198976599777609,0.16695626492443694,598.8966141777646,0.001166203914706898,0.0056995671506427925,1.2556685123546915e-09,0,6.147484501005337,12.323409049097691,39.949569010427,7.000863538483958,14.030167123693062,19.957692885267207,7.983262730711094,16.070085337534188,3369.2704682326566,9.224782403150744,18.493318885485877,4975.628814420736
13,I1->I2->I3->I4,False,False,0.1388978470854738,0.23404161676824842,0.17619173314793635,0.09028955538627592,0.22708391427801722,0.11236733013626754,409.5017916211382,0.0011743995320401268,0.011074840249420959,5.869451836977734e-10,0,6.147484501005337,12.323409049097691,0.3229974324871705,6.993784089005883,14.006054208879307,-25.068438666266815,7.983262730711094,16.070085337534188,3330.920205819528,9.27339664963066,18.575233451354762,5164.917507122117
14,I2->I3->I4->I1,False,True,0.06176181396055824,0.18386156898890782,0.06176185339306439,0.13508233684766324,0.2417248831787795,0.15716004700560937,612.5739181845074,0.0011583942270689818,0.005748822089486794,2.206073300769507e-10,0,6.138352760433403,12.295191552096952,43.06250605892593,6.972167454119688,13.95635082879946,23.53694600289235,7.969209871182684,16.00573378838807,3372.408070846618,9.27339664963066,18.575233451354762,4961.173917638558
15,I3->I4->I1->I2,True,False,0.14101311370357905,0.2535860770954095,0.165254139628642,0.1265244272830799,0.23456311665662355,0.14011778394960928,572.7462781241575,0.0011370154582124314,0.005868265283027085,6.75723515273098e-10,0,6.117222250708968,12.246460422341102,34.83778436701566,6.958431641125823,13.924673631111888,14.290228334649285,7.96327181463042,15.970297885727488,3364.641266911565,9.322751239426914,18.663988578338156,5000.390231430786
16,I4->I1->I2->I3,False,False,0.1265244272830799,0.23456311665662355,0.14011778394960928,0.010783419794337945,0.06532073447697329,0.010909567398426745,11.60387639198784,0.0011269103322817386,0.005928390053639987,4.4018361999357164e-10,0,6.108294666006311,12.224399681236267,48.777568263230464,6.952628340813645,13.910333408882646,30.194349656163965,7.96327181463042,15.970297885727488,3378.1971841212803,9.322751239426914,18.663988578338156,4933.511316386461
17,I1->I2->I3->I4,True,True,0.1490706425847783,0.279655547265552,0.16266396453816334,0.09688975693113733,0.1817634244259878,0.10788876141942261,437.80486733922953,0.001108984617509634,0.02464554690050136,2.0615758223317465e-11,0,6.104522769320138,12.214122266259238,6.7427599559214,6.950176438524689,13.90365275026156,-17.645319015317867,7.961676027867723,15.951792448991727,3337.4711966505674,9.374925964331586,18.7618680198811,5134.972570461857
18,I2->I3->I4->I1,False,False,0.11618270022769117,0.22034931101912036,0.12718170457563005,0.10229306297712348,0.19677602760786073,0.10727913679111545,461.5379339583833,0.0010454668393933275,0.005569389741140185,5.359210099694856e-10,0,6.077749352479529,12.158798578534949,11.825491720560592,6.930880066911717,13.863905051907537,-11.770828175419254,7.961676027867723,15.951792448991727,3342.4449717299826,9.415589909411278,18.83899027873779,5110.570680758594
19,I3->I4->I1->I2,False,True,0.10229306297712348,0.19677602760786073,0.10727913679111545,0.1309966140806793,0.254182770027807,0.1381459667989553,591.0419609193232,0.0010724659576339945,0.022975316459451278,3.8546338211125613e-10,0,6.060346665255933,12.122838248959773,38.8078778833047,6.9195676200846545,13.84052943742017,19.09189171875734,7.961676027867723,15.951792448991727,3368.8626119772234,9.415589909411278,18.83899027873779,4980.616343014236
20,I4->I1->I2->I3,True,False,0.1309966140806793,0.254182770027807,0.1381459667989553,0.13364029563090796,0.2622041532698738,0.1361240448545029,601.9932966217339,0.0010470540119342786,0.006290004581302355,8.367728891351395e-10,0,6.036947909879107,12.075290017372922,41.14457790744402,6.904357495280112,13.80962121926947,21.89118123669853,7.951789374230762,15.922065004701693,3371.292039980209,9.461438724339516,18.92795424824752,4968.958856983916
21,I1->I2->I3->I4,True,False,0.14695287210852115,0.28882894643025736,0.15159995085661038,0.09551931602004693,0.1877387134786197,0.09853991798297734,429.51570348773294,0.0010324189881103507,0.020911926828375726,4.4047226712801197e-10,0,6.0305200226108155,12.061946400222812,5.434725596075992,6.900181136521774,13.80095132220076,-18.932775706741197,7.949072704239409,15.910161601587612,3336.3249188101418,9.512872229577498,19.02904437949811,5141.218363285578
22,I2->I3->I4->I1,True,True,0.128134258358358,0.2529689579487986,0.12899153526048224,0.1073219795908198,0.21249888618894985,0.11004253455193691,481.83197252932587,0.0010108279010694332,0.020006017535706633,5.155647253402156e-11,0,6.006474827186208,12.013538785746752,16.429610348661214,6.880415597398162,13.761214077244697,-6.260340423258242,7.936223079329382,15.880256810729676,3347.162685785389,9.557719220002923,19.11758351478019,5088.054057282777
23,I3->I4->I1->I2,True,False,0.12295519171652813,0.24376567023263718,0.12295519176996805,0.12152745788431574,0.24166085218801214,0.12212009027787651,544.7817316691944,0.0009615043349811003,0.005928663995334205,6.752108302922997e-10,0,5.9812546103905,11.962892156797883,29.55536480916824,6.8640214961621915,13.728291866412013,8.895118320535573,7.920592681449269,15.84626228736821,3360.1221013678037,9.600753537103706,19.202901499361612,5024.265045756327
24,I4->I1->I2->I3,False,False,0.12152745788431574,0.24166085218801214,0.12212009027787651,0.1321750234656207,0.2629556235587245,0.1349310284587908,592.521906519346,0.0009614948347618224,0.018374623520685418,8.311438420873436e-13,0,5.970599100497095,11.941447110028747,39.37805715731818,6.8640214961621915,13.728291866412013,20.245923077823306,7.920592681449269,15.84626228736821,3369.857203995306,9.600753537103706,19.202901499361612,4976.348458329196
25,I1->I2->I3->I4,False,False,0.14653333853063621,0.2916726134867922,0.14712593248926709,0.14653333853063621,0.2916726134867922,0.14712593248926709,656.8773316348706,0.00018344565762618004,0.0016834536154419766,2.957703497628645e-09,0,5.963673019068951,11.927507829633953,52.619665505772176,6.859519252948445,13.71920027455005,35.51564210124435,7.917665883731699,15.838631768992279,3382.957515569616,9.600753537103706,19.202901499361612,4911.795028914271
26,I2->I3->I4->I1,True,True,0.1496733503966734,0.2979526372196659,0.15026594270602267,0.1164148340513087,0.23192316698087012,0.11896337935069035,520.9230198578562,0.000948812503395402,0.01770144573492871,1.0025963865718732e-12,0,5.944536371306164,11.889177907708337,24.676469647901186,6.857613756132678,13.715332762589327,3.4631537154317584,7.91643068022788,15.835006362073132,3355.4666609746655,9.653139209742543,19.307184922388497,5047.39932774729
27,I3->I4->I1->I2,True,False,0.12885193055993938,0.2567973599981457,0.13140047576884584,0.12313081653898905,0.24567240735042262,0.12478737044082067,550.1107679783827,0.0009298792766330166,0.016480247701110784,3.9839781781810325e-10,0,5.920667966802554,11.841404291541082,30.7599735532595,6.842097859303756,13.684264131814281,10.598979312979026,7.903991045748683,15.80937634317224,3361.5493426464895,9.69823738543852,19.39706399838785,5017.436490767736
28,I4->I1->I2->I3,True,False,0.12313081653898905,0.24567240735042262,0.12478737044082067,0.13219337629172756,0.2640041156534956,0.1321933758784155,589.702114954558,0.0009031489737338916,0.0071140744897491,6.61971690540638e-10,0,5.8955014742016125,11.791047381685175,38.92730626107978,6.825738030606294,13.651520530293174,20.179866700434815,7.893355145759751,15.787616681658909,3369.7441131849073,9.741333171227167,19.4830493409605,4977.07973232264
29,I1->I2->I3->I4,False,False,0.14359422429984292,0.2868058116725223,0.14359422407053124,0.14359422429984292,0.2868058116725223,0.14359422407053124,640.5608623183207,0.0009038626055257737,0.007095047465426774,2.3179845341484936e-09,0,5.888590845568865,11.777210573394587,49.303504209542396,6.8212456420875265,13.642520189573634,32.23873020527017,7.893355145759751,15.787616681658909,3380.113772006847,9.741333171227167,19.4830493409605,4926.0498623323
30,I2->I3->I4->I1,True,True,0.14840739390384527,0.29643179108322926,0.1494841542814882,0.1158781775594857,0.2315077670385719,0.11587817751758323,515.9854491664892,0.0009035668118855256,0.0070559492501018894,1.6639125740162367e-10,0,5.8691798223635825,11.738378418817694,23.901924064355654,6.818325589621734,13.636669968248748,2.902158069404649,7.891455092197138,15.783499464537773,3354.90824257542,9.793275759093513,19.58680046783963,5050.2614169536
