investor,hour,node,lambda_best_response_eur_per_mwh,lambda_joint_eur_per_mwh,difference_eur_per_mwh
I1,1,N1,60.00000058738963,59.999999997136754,5.90252874133057e-07
I1,1,N2,60.00000058610134,59.999999996010565,5.900907780187481e-07
I1,1,N3,60.00000058745668,59.99999999715508,5.903016031538755e-07
I1,1,N4,60.00000058758081,59.99999999729003,5.902907744825825e-07
I1,1,N5,60.00000058768367,59.99999999737225,5.903114228544837e-07
I1,1,N6,60.00000058756578,59.99999999725255,5.903132276330325e-07
I1,1,N7,60.000000587013915,59.99999999678979,5.902241255739682e-07
I1,1,N8,60.00000058736611,59.999999997073786,5.902923234657464e-07
I1,1,N9,60.00000058745694,59.999999997155115,5.903018234221236e-07
I1,2,N1,60.00000058092473,59.99999998901872,5.919060086512218e-07
I1,2,N2,60.000000579560115,59.99999998784108,5.917190364357339e-07
I1,2,N3,60.00000058093036,59.999999989005445,5.919249161934204e-07
I1,2,N4,60.00000058108244,59.9999999891489,5.919335421822325e-07
I1,2,N5,60.00000058114855,59.999999989202784,5.919457635172876e-07
I1,2,N6,60.000000581048184,59.999999989106875,5.919413084143343e-07
I1,2,N7,60.00000058047269,59.9999999886203,5.91852383990954e-07
I1,2,N8,60.00000058083046,59.999999988917196,5.919132632925539e-07
I1,2,N9,60.00000058093062,59.999999989005474,5.919251435670958e-07
I1,3,N1,60.00000052424096,59.99999993714317,5.870977872746153e-07
I1,3,N2,60.00000052285861,59.9999999359619,5.868967107858225e-07
I1,3,N3,60.00000052426048,59.99999993715918,5.871012973557299e-07
I1,3,N4,60.00000052438937,59.99999993726966,5.871197075180135e-07
I1,3,N5,60.00000052443896,59.99999993731198,5.871269763702003e-07
I1,3,N6,60.00000052437297,59.99999993725402,5.871189543427136e-07
I1,3,N7,60.000000523771185,59.99999993674112,5.8703006544647e-07
I1,3,N8,60.000000524154366,59.99999993706718,5.870871859769977e-07
I1,3,N9,60.00000052426073,59.99999993715921,5.87101517623978e-07
I1,4,N1,59.99999745816296,59.99999896298175,-1.5048187904653787e-06
I1,4,N2,59.999997456787966,59.99999896180758,-1.5050196111587866e-06
I1,4,N3,59.99999745821736,59.99999896302782,-1.5048104629045156e-06
I1,4,N4,59.99999745831308,59.99999896311002,-1.504796941276254e-06
I1,4,N5,59.999997458358074,59.999998963148585,-1.5047905108644954e-06
I1,4,N6,59.99999745832209,59.99999896311697,-1.5047948807023204e-06
I1,4,N7,59.99999745770054,59.999998962586794,-1.5048862564981391e-06
I1,4,N8,59.99999745810873,59.9999989629347,-1.5048259669470099e-06
I1,4,N9,59.99999745821748,59.99999896302785,-1.50481037053396e-06
I1,5,N1,60.000000560497156,59.999999968714135,5.917830208090891e-07
I1,5,N2,60.00000055911995,59.999999967535324,5.915846230664101e-07
I1,5,N3,60.000000560503686,59.99999996871648,5.917872059058027e-07
I1,5,N4,60.00000056064876,59.99999996884263,5.91806127658856e-07
I1,5,N5,60.00000056070574,59.99999996889085,5.918148957562153e-07
I1,5,N6,60.00000056061959,59.99999996881416,5.918054313269749e-07
I1,5,N7,60.00000056003252,59.99999996831455,5.917179706216302e-07
I1,5,N8,60.0000005604004,59.999999968626284,5.9177411770861e-07
I1,5,N9,60.000000560503956,59.999999968716516,5.917874403849055e-07
I1,6,N1,60.00000058805758,59.99999999778073,5.902768478449616e-07
I1,6,N2,60.00000058680488,59.99999999667432,5.901305613065233e-07
I1,6,N3,60.00000058813904,59.999999997796664,5.903423740960534e-07
I1,6,N4,60.00000058826563,59.99999999794422,5.903214059799211e-07
I1,6,N5,60.00000058839039,59.99999999804273,5.903476605340074e-07
I1,6,N6,60.00000058824765,59.99999999789544,5.903522080075163e-07
I1,6,N7,60.00000058771745,59.999999997453536,5.902639159671708e-07
I1,6,N8,60.000000588055,59.999999997719755,5.903352473524137e-07
I1,6,N9,60.00000058813933,59.9999999977967,5.903426298914383e-07
I1,7,N1,60.00000058993877,59.999999999792905,5.901458663970516e-07
I1,7,N2,60.00000058899267,59.99999999891634,5.900763326849301e-07
I1,7,N3,60.00000059023625,59.99999999995737,5.902788799971859e-07
I1,7,N4,60.0000005902992,60.000000000069235,5.902299662352561e-07
I1,7,N5,60.00000059059483,60.00000000030587,5.902889625986063e-07
I1,7,N6,60.00000059031562,60.000000000035634,5.902799884438537e-07
I1,7,N7,60.00000058990524,59.999999999695554,5.902096873455775e-07
I1,7,N8,60.000000590179255,59.999999999901235,5.902780202404756e-07
I1,7,N9,60.00000059023657,59.99999999995741,5.902791571088528e-07
I1,8,N1,60.000000590209204,59.999999999972644,5.90236560071844e-07
I1,8,N2,60.000000589250824,59.99999999904298,5.902078470398919e-07
I1,8,N3,60.00000059033965,59.999999999950234,5.903894191305881e-07
I1,8,N4,60.000000590589764,60.00000000025356,5.90336206585107e-07
I1,8,N5,60.00000059099746,60.000000000573095,5.904243636223327e-07
I1,8,N6,60.00000059045407,60.000000000063025,5.90391046273453e-07
I1,8,N7,60.000000590163395,59.9999999998222,5.90341194595112e-07
I1,8,N8,60.00000059026665,59.999999999878156,5.903884954250316e-07
I1,8,N9,60.000000590340036,59.99999999995029,5.903897459802465e-07
I1,9,N1,60.00000058709005,59.99999999537753,5.91712520758847e-07
I1,9,N2,60.000000584911376,59.99999999333764,5.915737375516983e-07
I1,9,N3,60.000000585696384,59.999999993941636,5.917547483136332e-07
I1,9,N4,60.00000058721074,59.99999999546366,5.917470815575143e-07
I1,9,N5,60.00000058735646,59.99999999554445,5.918120109527081e-07
I1,9,N6,60.00000058595374,59.99999999411911,5.918346346334147e-07
I1,9,N7,60.00000058582395,59.99999999411686,5.917070851069184e-07
I1,9,N8,60.000000585557146,59.99999999384274,5.917144036970967e-07
I1,9,N9,60.00000058569696,59.99999999394172,5.917552385881208e-07
I1,10,N1,52.20000051560526,52.2000000030946,5.125106596892692e-07
I1,10,N2,52.20000051314639,52.200000000990094,5.12156297816091e-07
I1,10,N3,52.2000005127302,52.20000000063835,5.120918515899575e-07
I1,10,N4,52.20000051566724,52.2000000031475,5.125197404254322e-07
I1,10,N5,52.20000051553215,52.20000000303183,5.125003212924639e-07
I1,10,N6,52.20000051249843,52.20000000044083,5.120575963246665e-07
I1,10,N7,52.20000051361799,52.200000001394535,5.122234512100476e-07
I1,10,N8,52.200000512803925,52.200000000700186,5.121037389699268e-07
I1,10,N9,52.20000051273027,52.20000000063835,5.120919226442311e-07
I1,11,N1,60.00000058530035,59.99999999598849,5.893118597555258e-07
I1,11,N2,52.2000005109184,52.19999999908504,5.118333632481153e-07
I1,11,N3,46.72097606480361,46.72097560795215,4.5685145977358843e-07
I1,11,N4,60.00000058538203,59.999999996058236,5.893237968734866e-07
I1,11,N5,57.30487860898971,57.30487804636025,5.626294594662795e-07
I1,11,N6,41.330732111505924,41.33073170811886,4.0338706241982436e-07
I1,11,N7,52.20000051101304,52.199999999166394,5.118466432918467e-07
I1,11,N8,49.917073655880685,49.91707316733534,4.885453463998601e-07
I1,11,N9,46.72097606480367,46.72097560795215,4.5685152372243465e-07
I1,12,N1,52.20000057154718,59.99998651424917,-7.799985942701994
I1,12,N2,52.200000510562255,52.19999999877902,5.117832344581075e-07
I1,12,N3,4.728240069318234e-08,35.29894252312892,-35.29894247584652
I1,12,N4,52.20000057159653,59.999986514291294,-7.799985942694761
I1,12,N5,52.20000055102236,57.30486922278614,-5.104868671763775
I1,12,N6,5.970452084097445e-09,29.908707939997193,-29.90870793402674
I1,12,N7,52.20000051063933,52.19999999884513,5.117941981325203e-07
I1,12,N8,7.159538969991583e-08,38.49503455817705,-38.495034486581666
I1,12,N9,4.728127327764249e-08,35.298942523128744,-35.29894247584747
I1,13,N1,52.20000051267011,59.999999388751064,-7.799998876080956
I1,13,N2,52.200000509932046,52.199999998238376,5.116936705462649e-07
I1,13,N3,4.2363751808564395e-09,35.29893720573034,-35.29893720149396
I1,13,N4,52.200000512723044,59.99999938879642,-7.799998876073374
I1,13,N5,52.200000512245694,57.3048776485727,-5.104877136327005
I1,13,N6,2.9533372375343555e-09,29.908693724995906,-29.908693722042567
I1,13,N7,52.200000509989806,52.19999999828778,5.117020265288375e-07
I1,13,N8,4.745798598126564e-09,38.49503451643212,-38.49503451168632
I1,13,N9,4.2352497870081414e-09,35.298937205730155,-35.29893720149491
I1,14,N1,52.20000050892695,59.99998486538817,-7.7999843564612235
I1,14,N2,52.20000050907048,52.19999999752011,5.115503682873168e-07
I1,14,N3,2.4739925561852112e-09,35.29894007907071,-35.29894007659672
I1,14,N4,52.20000050898711,59.99998486543952,-7.799984356452413
I1,14,N5,52.20000050949213,57.30486814319142,-5.104867633699293
I1,14,N6,3.039623471348038e-09,29.908706634191336,-29.908706631151713
I1,14,N7,52.200000509113366,52.19999999755699,5.11556372373434e-07
I1,14,N8,1.9087202194519376e-09,38.49503143912086,-38.49503143721214
I1,14,N9,2.472862670931751e-09,35.29894007907053,-35.298940076597674
I1,15,N1,52.200000471715995,59.99998645585763,-7.799985984141635
I1,15,N2,52.20000050797363,52.19999999659919,5.113744379059426e-07
I1,15,N3,2.2307953920201607e-08,35.298942507190894,-35.29894248488294
I1,15,N4,52.20000047178711,59.99998645591834,-7.799985984131233
I1,15,N5,52.20000048477141,57.304869183800264,-5.104868699028856
I1,15,N6,4.771390479086825e-08,29.908707962487362,-29.90870791477346
I1,15,N7,52.200000508005886,52.199999996626985,5.113789001143232e-07
I1,15,N8,7.042454787507281e-09,38.49503451943094,-38.495034512388486
I1,15,N9,2.230683375619573e-08,35.298942507190716,-35.29894248488388
I1,16,N1,60.00000047969639,59.99999992316075,5.565356389070075e-07
I1,16,N2,52.20000050837538,52.19999999691131,5.114640728720588e-07
I1,16,N3,5.3902441598179465,35.298951983562986,-29.90870782374504
I1,16,N4,60.000000479780006,59.99999992323239,5.565476186575324e-07
I1,16,N5,57.304878538951186,57.30487799790715,5.410440380160253e-07
I1,16,N6,2.775889035010286e-07,29.90870813242283,-29.908707854833928
I1,16,N7,52.20000050841086,52.199999996941635,5.11469224306893e-07
I1,16,N8,8.586341708757685,38.495049514076,-29.908707805318315
I1,16,N9,5.3902441598179,35.2989519835629,-29.908707823745
I1,17,N1,52.20000051412583,52.200000001824016,5.123018169683746e-07
I1,17,N2,52.20000051241671,52.20000000036083,5.12055876811246e-07
I1,17,N3,52.20000051181988,52.19999999985419,5.11965687621796e-07
I1,17,N4,52.20000051421939,52.200000001903895,5.12315494916038e-07
I1,17,N5,52.20000051424014,52.20000000192121,5.123189268374517e-07
I1,17,N6,52.200000511655816,52.1999999997142,5.119416144339084e-07
I1,17,N7,52.20000051274534,52.200000000642625,5.121027157883873e-07
I1,17,N8,52.20000051185626,52.19999999988439,5.119718693435971e-07
I1,17,N9,52.20000051181995,52.19999999985419,5.119657586760695e-07
I1,18,N1,60.000000585793295,59.99999999319173,5.926015660406847e-07
I1,18,N2,60.00000058373555,59.999999991313764,5.924217845176827e-07
I1,18,N3,60.00000058455773,59.99999999197566,5.925820687480154e-07
I1,18,N4,60.000000585933456,59.99999999329783,5.92635629459437e-07
I1,18,N5,60.00000058612172,59.99999999342997,5.926917552301347e-07
I1,18,N6,60.00000058481472,59.99999999217196,5.926427633085041e-07
I1,18,N7,60.00000058464812,59.99999999209299,5.925551320729028e-07
I1,18,N8,60.000000584405115,59.999999991854544,5.925505703885392e-07
I1,18,N9,60.0000005845583,59.99999999197575,5.925825519170758e-07
I1,19,N1,60.0000005921389,60.00000000111528,5.910236211548181e-07
I1,19,N2,60.00000059204774,60.000000000838284,5.912094565019288e-07
I1,19,N3,60.000000593046,60.00000000167924,5.913667635581987e-07
I1,19,N4,60.00000059296309,60.000000001702446,5.91260644000613e-07
I1,19,N5,60.00000059381572,60.00000000237272,5.914429976883184e-07
I1,19,N6,60.00000059301714,60.000000001680036,5.913371055044081e-07
I1,19,N7,60.00000059296031,60.0000000016175,5.913428111625763e-07
I1,19,N8,60.00000059306266,60.00000000167829,5.913843708071909e-07
I1,19,N9,60.00000059304638,60.00000000167929,5.913670904078572e-07
I1,20,N1,60.00000060416728,60.0000000046569,5.995103862233009e-07
I1,20,N2,60.000000604855074,60.00000000501651,5.998385645966664e-07
I1,20,N3,60.00000060587903,60.000000005892126,5.99986904603611e-07
I1,20,N4,60.0000006055284,60.000000005647465,5.998809342599998e-07
I1,20,N5,60.000000606554345,60.00000000647624,6.000781027637458e-07
I1,20,N6,60.00000060576225,60.000000005803756,5.999584971050353e-07
I1,20,N7,60.000000605767646,60.000000005795734,5.999719121518865e-07
I1,20,N8,60.000000605969625,60.00000000595014,6.000194829880456e-07
I1,20,N9,60.00000060587935,60.00000000589217,5.99987181715278e-07
I1,21,N1,60.00000059369295,60.000000002039314,5.916536380823345e-07
I1,21,N2,60.00000059394073,60.00000000208086,5.918598731113889e-07
I1,21,N3,60.00000059508792,60.0000000030478,5.920401164871691e-07
I1,21,N4,60.000000594777816,60.00000000284117,5.919366472539878e-07
I1,21,N5,60.00000059555897,60.00000000347465,5.920843193507608e-07
I1,21,N6,60.00000059501266,60.00000000299793,5.920147287952204e-07
I1,21,N7,60.000000594853304,60.000000002860084,5.91993220666609e-07
I1,21,N8,60.000000595131425,60.00000000307502,5.920564021266728e-07
I1,21,N9,60.00000059508821,60.00000000304784,5.92040372282554e-07
I1,22,N1,60.000000590581486,60.000000000363706,5.902177804273379e-07
I1,22,N2,60.000000590031604,59.99999999982805,5.902035553617679e-07
I1,22,N3,60.00000059128289,60.00000000088189,5.90401000977181e-07
I1,22,N4,60.00000059115576,60.00000000081487,5.903408890617357e-07
I1,22,N5,60.000000591602,60.000000001181625,5.904203774775851e-07
I1,22,N6,60.000000591296526,60.00000000090186,5.90394662935978e-07
I1,22,N7,60.000000590944175,60.000000000607265,5.903369100224154e-07
I1,22,N8,60.00000059126361,60.00000000085954,5.904040634163721e-07
I1,22,N9,60.00000059128316,60.000000000881926,5.904012354562838e-07
I1,23,N1,60.00000058966283,59.999999999602636,5.90060196259401e-07
I1,23,N2,60.00000058869149,59.99999999873335,5.899581410062638e-07
I1,23,N3,60.00000059000149,59.99999999983728,5.901642126104889e-07
I1,23,N4,60.00000059000501,59.99999999987588,5.901291260101971e-07
I1,23,N5,60.0000005902572,60.00000000008254,5.901746646941319e-07
I1,23,N6,60.00000059006818,59.99999999990055,5.901676303210479e-07
I1,23,N7,60.00000058960406,59.99999999951257,5.900914956669112e-07
I1,23,N8,60.00000058994344,59.99999999978295,5.901604893665535e-07
I1,23,N9,60.000000590001754,59.999999999837314,5.901644399841643e-07
I1,24,N1,60.00000058877933,59.99999999872633,5.900529984614877e-07
I1,24,N2,60.00000058760701,59.999999997693905,5.899131068076713e-07
I1,24,N3,60.00000058894589,59.99999999882304,5.90122844812413e-07
I1,24,N4,60.00000058902325,59.999999998921616,5.901016351117505e-07
I1,24,N5,60.000000589180665,59.99999999904924,5.901314281686609e-07
I1,24,N6,60.000000589039196,59.99999999890807,5.901311226352846e-07
I1,24,N7,60.00000058851958,59.99999999847312,5.900464614683187e-07
I1,24,N8,60.00000058886752,59.99999999875185,5.901156683307818e-07
I1,24,N9,60.00000058894614,59.99999999882307,5.901230721860884e-07
I2,1,N1,60.00000058729556,59.999999997136754,5.901588053802698e-07
I2,1,N2,60.00000058594945,59.999999996010565,5.899388852981247e-07
I2,1,N3,60.00000058736584,59.99999999715508,5.902107602651085e-07
I2,1,N4,60.00000058749604,59.99999999729003,5.902060067342063e-07
I2,1,N5,60.00000058760393,59.99999999737225,5.902316786432493e-07
I2,1,N6,60.0000005874815,59.99999999725255,5.90228950159144e-07
I2,1,N7,60.00000058690395,59.99999999678979,5.90114161980182e-07
I2,1,N8,60.000000587273114,59.999999997073786,5.901993276324902e-07
I2,1,N9,60.00000058736643,59.999999997155115,5.902113144884424e-07
I2,2,N1,60.00000058057757,59.99999998901872,5.915588516813841e-07
I2,2,N2,60.00000057915064,59.99999998784108,5.913095577625427e-07
I2,2,N3,60.00000058058213,59.999999989005445,5.915766863040517e-07
I2,2,N4,60.000000580742665,59.9999999891489,5.915937677514194e-07
I2,2,N5,60.00000058081189,59.999999989202784,5.916091083690844e-07
I2,2,N6,60.000000580707216,59.999999989106875,5.916003402717251e-07
I2,2,N7,60.00000058010514,59.9999999886203,5.914848344446e-07
I2,2,N8,60.00000058047958,59.999999988917196,5.915623830787808e-07
I2,2,N9,60.000000580582714,59.999999989005474,5.915772405273856e-07
I2,3,N1,60.000000518415575,59.99999993714317,5.812724026554861e-07
I2,3,N2,60.000000516969386,59.9999999359619,5.810074839018853e-07
I2,3,N3,60.00000051843405,59.99999993715918,5.812748682387792e-07
I2,3,N4,60.000000518570694,59.99999993726966,5.813010304223099e-07
I2,3,N5,60.00000051862248,59.99999993731198,5.813104948515502e-07
I2,3,N6,60.000000518553335,59.99999993725402,5.812993180143167e-07
I2,3,N7,60.00000051792389,59.99999993674112,5.811827676893699e-07
I2,3,N8,60.00000051832437,59.99999993706718,5.812571899355135e-07
I2,3,N9,60.000000518434554,59.99999993715921,5.812753443024121e-07
I2,4,N1,59.99999720801276,59.99999896298175,-1.7549689914631017e-06
I2,4,N2,59.99999720657458,59.99999896180758,-1.7552330007220007e-06
I2,4,N3,59.99999720806962,59.99999896302782,-1.7549581983189455e-06
I2,4,N4,59.99999720816978,59.99999896311002,-1.7549402429040128e-06
I2,4,N5,59.99999720821681,59.999998963148585,-1.7549317732346026e-06
I2,4,N6,59.9999972081792,59.99999896311697,-1.7549377702152924e-06
I2,4,N7,59.999997207529084,59.999998962586794,-1.7550577098290887e-06
I2,4,N8,59.999997207956035,59.9999989629347,-1.7549786619497354e-06
I2,4,N9,59.99999720806976,59.99999896302785,-1.7549580917375351e-06
I2,5,N1,60.00000055844201,59.999999968714135,5.89727875421886e-07
I2,5,N2,60.00000055700116,59.999999967535324,5.89465834366365e-07
I2,5,N3,60.00000055844635,59.99999996871648,5.897298720469735e-07
I2,5,N4,60.00000055860045,59.99999996884263,5.897578176927709e-07
I2,5,N5,60.000000558659956,59.99999996889085,5.897691082168421e-07
I2,5,N6,60.000000558569674,59.99999996881416,5.89755515534307e-07
I2,5,N7,60.00000055795566,59.99999996831455,5.896411110484223e-07
I2,5,N8,60.00000055834009,59.999999968626284,5.897138066757179e-07
I2,5,N9,60.000000558446956,59.999999968716516,5.897304404811621e-07
I2,6,N1,60.00000058799206,59.99999999778073,5.902113286992972e-07
I2,6,N2,60.000000586683804,59.99999999667432,5.900094848243498e-07
I2,6,N3,60.000000588077825,59.999999997796664,5.902811608393677e-07
I2,6,N4,60.00000058821044,59.99999999794422,5.902662181256346e-07
I2,6,N5,60.0000005883414,59.99999999804273,5.902986686123768e-07
I2,6,N6,60.00000058819332,59.99999999789544,5.902978799099401e-07
I2,6,N7,60.000000587638304,59.999999997453536,5.901847686118344e-07
I2,6,N8,60.00000058799251,59.999999997719755,5.902727551188036e-07
I2,6,N9,60.00000058807853,59.9999999977967,5.902818287495393e-07
I2,7,N1,60.000000589945074,59.999999999792905,5.901521689111178e-07
I2,7,N2,60.00000058895979,59.99999999891634,5.900434558725465e-07
I2,7,N3,60.00000059025919,59.99999999995737,5.903018234221236e-07
I2,7,N4,60.00000059032408,60.000000000069235,5.902548423364351e-07
I2,7,N5,60.0000005906343,60.00000000030587,5.903284332475778e-07
I2,7,N6,60.000000590343994,60.000000000035634,5.903083604152926e-07
I2,7,N7,60.00000058991429,59.999999999695554,5.902187396600311e-07
I2,7,N8,60.000000590202625,59.999999999901235,5.903013899910547e-07
I2,7,N9,60.00000059025998,59.99999999995741,5.903025694919961e-07
I2,8,N1,60.00000059023222,59.999999999972644,5.902595745510553e-07
I2,8,N2,60.00000058923698,59.99999999904298,5.901940056673993e-07
I2,8,N3,60.00000059037387,59.999999999950234,5.904236388687423e-07
I2,8,N4,60.00000059063326,60.00000000025356,5.903797060113902e-07
I2,8,N5,60.00000059106157,60.000000000573095,5.904884758933804e-07
I2,8,N6,60.00000059049572,60.000000000063025,5.904326982886232e-07
I2,8,N7,60.00000059019148,59.9999999998222,5.903692823494566e-07
I2,8,N8,60.00000059030149,59.999999999878156,5.904233333353659e-07
I2,8,N9,60.00000059037484,59.99999999995029,5.90424548363444e-07
I2,9,N1,60.000000587016906,59.99999999537753,5.916393774896278e-07
I2,9,N2,60.000000584745635,59.99999999333764,5.914079963531549e-07
I2,9,N3,60.000000585562574,59.999999993941636,5.916209389056348e-07
I2,9,N4,60.000000587143994,59.99999999546366,5.91680333172917e-07
I2,9,N5,60.00000058729818,59.99999999554445,5.91753732237521e-07
I2,9,N6,60.000000585840574,59.99999999411911,5.917214664918902e-07
I2,9,N7,60.000000585700136,59.99999999411686,5.915832730352122e-07
I2,9,N8,60.00000058542298,59.99999999384274,5.915802390177305e-07
I2,9,N9,60.00000058556408,59.99999999394172,5.916223599911064e-07
I2,10,N1,52.20000051577093,52.2000000030946,5.126763298335391e-07
I2,10,N2,52.200000513199065,52.200000000990094,5.122089703490929e-07
I2,10,N3,52.20000051276378,52.20000000063835,5.121254318396495e-07
I2,10,N4,52.20000051583576,52.2000000031475,5.126882598460725e-07
I2,10,N5,52.20000051569447,52.20000000303183,5.12662637675021e-07
I2,10,N6,52.200000512521314,52.20000000044083,5.120804829061854e-07
I2,10,N7,52.20000051369233,52.200000001394535,5.122977952964902e-07
I2,10,N8,52.200000512840894,52.200000000700186,5.121407085084684e-07
I2,10,N9,52.20000051276385,52.20000000063835,5.121255028939231e-07
I2,11,N1,60.0000005850844,59.99999999598849,5.890959116072736e-07
I2,11,N2,52.2000005108687,52.19999999908504,5.117836607837489e-07
I2,11,N3,46.72097606470426,46.72097560795215,4.5675211168827445e-07
I2,11,N4,60.000000585169836,59.999999996058236,5.891116003908792e-07
I2,11,N5,57.30487860885923,57.30487804636025,5.624989753982845e-07
I2,11,N6,41.33073211154643,41.33073170811886,4.0342757046119004e-07
I2,11,N7,52.20000051096768,52.199999999166394,5.118012893490231e-07
I2,11,N8,49.917073655695894,49.91707316733534,4.88360555550571e-07
I2,11,N9,46.720976064704324,46.72097560795215,4.5675217563712067e-07
I2,12,N1,52.20000058025307,59.99998651424917,-7.799985933996105
I2,12,N2,52.200000510496196,52.19999999877902,5.117171752999639e-07
I2,12,N3,5.304427638618782e-08,35.29894252312892,-35.29894247008465
I2,12,N4,52.200000580304696,59.999986514291294,-7.799985933986598
I2,12,N5,52.20000055672245,57.30486922278614,-5.1048686660636875
I2,12,N6,5.696558979862767e-09,29.908707939997193,-29.908707934300633
I2,12,N7,52.20000051057682,52.19999999884513,5.117316916880554e-07
I2,12,N8,8.090569162263187e-08,38.49503455817705,-38.49503447727136
I2,12,N9,5.304113930578622e-08,35.298942523128744,-35.2989424700876
I2,13,N1,52.20000051254154,59.999999388751064,-7.799998876209521
I2,13,N2,52.200000509837146,52.199999998238376,5.115987704584768e-07
I2,13,N3,4.198624379559856e-09,35.29893720573034,-35.298937201531714
I2,13,N4,52.200000512596915,59.99999938879642,-7.799998876199503
I2,13,N5,52.200000512152734,57.3048776485727,-5.104877136419965
I2,13,N6,2.953432790070341e-09,29.908693724995906,-29.908693722042475
I2,13,N7,52.20000050989757,52.19999999828778,5.116097909763084e-07
I2,13,N8,4.646755787436552e-09,38.49503451643212,-38.49503451178536
I2,13,N9,4.195502630067908e-09,35.298937205730155,-35.29893720153465
I2,14,N1,52.20000050884543,59.99998486538817,-7.799984356542744
I2,14,N2,52.20000050893566,52.19999999752011,5.114155499086337e-07
I2,14,N3,2.501689871149514e-09,35.29894007907071,-35.29894007656902
I2,14,N4,52.20000050890836,59.99998486543952,-7.799984356531162
I2,14,N5,52.20000050941587,57.30486814319142,-5.104867633775548
I2,14,N6,3.0396110135162953e-09,29.908706634191336,-29.908706631151727
I2,14,N7,52.20000050898051,52.19999999755699,5.114235150927016e-07
I2,14,N8,1.9175576093922258e-09,38.49503143912086,-38.4950314372033
I2,14,N9,2.4985630884123596e-09,35.29894007907053,-35.298940076571974
I2,15,N1,52.200000470088966,59.99998645585763,-7.799985985768664
I2,15,N2,52.20000050778862,52.19999999659919,5.111894338938328e-07
I2,15,N3,2.2740658910716724e-08,35.298942507190894,-35.29894248445024
I2,15,N4,52.20000047016334,59.99998645591834,-7.799985985755001
I2,15,N5,52.20000048366687,57.304869183800264,-5.1048687001333946
I2,15,N6,4.91467110861558e-08,29.908707962487362,-29.908707913340653
I2,15,N7,52.20000050782237,52.199999996626985,5.111953811365311e-07
I2,15,N8,6.848178426333049e-09,38.49503451943094,-38.49503451258276
I2,15,N9,2.2737523799823157e-08,35.298942507190716,-35.29894248445319
I2,16,N1,60.00000047466959,59.99999992316075,5.515088403740265e-07
I2,16,N2,52.20000050820884,52.19999999691131,5.112975287602239e-07
I2,16,N3,5.390244168380099,35.298951983562986,-29.908707815182886
I2,16,N4,60.000000474757044,59.99999992323239,5.515246570553245e-07
I2,16,N5,57.30487853562968,57.30487799790715,5.377225349434411e-07
I2,16,N6,2.895277461708736e-07,29.90870813242283,-29.908707842895083
I2,16,N7,52.200000508245935,52.199999996941635,5.113043002324957e-07
I2,16,N8,8.586341715315259,38.495049514076,-29.908707798760744
I2,16,N9,5.39024416838006,35.2989519835629,-29.90870781518284
I2,17,N1,52.200000514223504,52.200000001824016,5.123994881728322e-07
I2,17,N2,52.20000051243585,52.20000000036083,5.120750188325474e-07
I2,17,N3,52.20000051181162,52.19999999985419,5.119574311152064e-07
I2,17,N4,52.20000051432137,52.200000001903895,5.124174720094743e-07
I2,17,N5,52.200000514343074,52.20000000192121,5.124218631635813e-07
I2,17,N6,52.200000511639985,52.1999999997142,5.119257835417557e-07
I2,17,N7,52.20000051277959,52.200000000642625,5.121369639482509e-07
I2,17,N8,52.20000051184966,52.19999999988439,5.119652684015819e-07
I2,17,N9,52.2000005118117,52.19999999985419,5.119575092749074e-07
I2,18,N1,60.00000058569707,59.99999999319173,5.925053443434081e-07
I2,18,N2,60.00000058355064,59.999999991313764,5.922368728761285e-07
I2,18,N3,60.000000584406685,59.99999999197566,5.924310215732476e-07
I2,18,N4,60.00000058584443,59.99999999329783,5.925466055600737e-07
I2,18,N5,60.000000586042745,59.99999999342997,5.92612778405055e-07
I2,18,N6,60.00000058468276,59.99999999217196,5.925108013116187e-07
I2,18,N7,60.00000058450514,59.99999999209299,5.924121495581858e-07
I2,18,N8,60.000000584252426,59.999999991854544,5.923978818600517e-07
I2,18,N9,60.00000058440814,59.99999999197575,5.924323929207276e-07
I2,19,N1,60.00000059230058,60.00000000111528,5.91185298048913e-07
I2,19,N2,60.00000059221891,60.000000000838284,5.913806262469734e-07
I2,19,N3,60.00000059326115,60.00000000167924,5.915819087931595e-07
I2,19,N4,60.00000059317109,60.000000001702446,5.91468641175652e-07
I2,19,N5,60.00000059406675,60.00000000237272,5.916940253314351e-07
I2,19,N6,60.0000005932318,60.000000001680036,5.915517675703086e-07
I2,19,N7,60.00000059317341,60.0000000016175,5.915559100344581e-07
I2,19,N8,60.000000593282074,60.00000000167829,5.916037864039936e-07
I2,19,N9,60.000000593262094,60.00000000167929,5.915828040770066e-07
I2,20,N1,60.000000607424816,60.0000000046569,6.027679191333846e-07
I2,20,N2,60.00000060817669,60.00000000501651,6.031601813560883e-07
I2,20,N3,60.000000609242136,60.000000005892126,6.03350009953374e-07
I2,20,N4,60.00000060887273,60.000000005647465,6.032252670706839e-07
I2,20,N5,60.000000609953,60.00000000647624,6.034767565665788e-07
I2,20,N6,60.0000006091222,60.000000005803756,6.033184476450515e-07
I2,20,N7,60.00000060913119,60.000000005795734,6.033354580381456e-07
I2,20,N8,60.000000609344966,60.00000000595014,6.033948238837183e-07
I2,20,N9,60.00000060924295,60.00000000589217,6.033507844449559e-07
I2,21,N1,60.00000059397856,60.000000002039314,5.919392478404006e-07
I2,21,N2,60.00000059425104,60.00000000208086,5.9217018133495e-07
I2,21,N3,60.000000595450004,60.0000000030478,5.924022019598851e-07
I2,21,N4,60.000000595123275,60.00000000284117,5.92282106026687e-07
I2,21,N5,60.00000059594282,60.00000000347465,5.924681687474731e-07
I2,21,N6,60.00000059537198,60.00000000299793,5.923740502566943e-07
I2,21,N7,60.00000059520555,60.000000002860084,5.923454651224347e-07
I2,21,N8,60.000000595498,60.00000000307502,5.924229782294788e-07
I2,21,N9,60.0000005954507,60.00000000304784,5.924028627646294e-07
I2,22,N1,60.0000005906162,60.000000000363706,5.902524975454071e-07
I2,22,N2,60.00000059004495,59.99999999982805,5.902168993543455e-07
I2,22,N3,60.000000591352766,60.00000000088189,5.904708757498156e-07
I2,22,N4,60.00000059121921,60.00000000081487,5.90404340528039e-07
I2,22,N5,60.00000059168681,60.000000001181625,5.905051878585255e-07
I2,22,N6,60.000000591368256,60.00000000090186,5.90466392225153e-07
I2,22,N7,60.00000059099945,60.000000000607265,5.903921831418302e-07
I2,22,N8,60.000000591334675,60.00000000085954,5.904751319008028e-07
I2,22,N9,60.000000591353405,60.000000000881926,5.90471479711141e-07
I2,23,N1,60.00000058965295,59.999999999602636,5.900503126099466e-07
I2,23,N2,60.00000058863918,59.99999999873335,5.899058308500571e-07
I2,23,N3,60.00000059000837,59.99999999983728,5.901710906641711e-07
I2,23,N4,60.000000590011894,59.99999999987588,5.901360111693066e-07
I2,23,N5,60.000000590276166,60.00000000008254,5.901936290797494e-07
I2,23,N6,60.000000590079495,59.99999999990055,5.901789421614012e-07
I2,23,N7,60.00000058959368,59.99999999951257,5.900811146375418e-07
I2,23,N8,60.000000589949636,59.99999999978295,5.901666852992093e-07
I2,23,N9,60.00000059000898,59.999999999837314,5.90171666203787e-07
I2,24,N1,60.00000058873388,59.99999999872633,5.900075521481085e-07
I2,24,N2,60.000000587509355,59.999999997693905,5.898154498140684e-07
I2,24,N3,60.00000058890867,59.99999999882304,5.900856265839138e-07
I2,24,N4,60.0000005889897,59.999999998921616,5.900680832837679e-07
I2,24,N5,60.00000058915472,59.99999999904924,5.901054862533783e-07
I2,24,N6,60.00000058900774,59.99999999890807,5.900996669083725e-07
I2,24,N7,60.000000588463855,59.99999999847312,5.899907336015531e-07
I2,24,N8,60.0000005888287,59.99999999875185,5.900768442756998e-07
I2,24,N9,60.000000588909266,59.99999999882307,5.900861950181024e-07
I3,1,N1,60.0000005898492,59.999999997136754,5.927124462346001e-07
I3,1,N2,60.00000058977386,59.999999996010565,5.937632963082251e-07
I3,1,N3,60.000000589850835,59.99999999715508,5.926957555857371e-07
I3,1,N4,60.000000589859624,59.99999999729003,5.925695916175755e-07
I3,1,N5,60.00000058986521,59.99999999737225,5.924929595835238e-07
I3,1,N6,60.00000058985745,59.99999999725255,5.926048984861154e-07
I3,1,N7,60.00000058982624,59.99999999678979,5.930364537221067e-07
I3,1,N8,60.00000058984562,59.999999997073786,5.927718333964549e-07
I3,1,N9,60.00000058985087,59.999999997155115,5.926957555857371e-07
I3,2,N1,60.00000058952932,59.99999998901872,6.005106030215757e-07
I3,2,N2,60.00000058944993,59.99999998784108,6.016088534011033e-07
I3,2,N3,60.00000058952787,59.999999989005445,6.005224264526987e-07
I3,2,N4,60.00000058953798,59.9999999891489,6.00389086002906e-07
I3,2,N5,60.00000058954154,59.999999989202784,6.003387582609321e-07
I3,2,N6,60.00000058953496,59.999999989106875,6.004280876936718e-07
I3,2,N7,60.000000589502314,59.9999999886203,6.008820108149848e-07
I3,2,N8,60.00000058952218,59.999999988917196,6.006049844131667e-07
I3,2,N9,60.00000058952791,59.999999989005474,6.005224335581261e-07
I3,3,N1,60.00000058768729,59.99999993714317,6.505441163540127e-07
I3,3,N2,60.000000587606834,59.9999999359619,6.516449317928164e-07
I3,3,N3,60.000000587686465,59.99999993715918,6.505272835966025e-07
I3,3,N4,60.00000058769539,59.99999993726966,6.504257257233803e-07
I3,3,N5,60.000000587698,59.99999993731198,6.503860134898787e-07
I3,3,N6,60.00000058769333,59.99999993725402,6.50439311300488e-07
I3,3,N7,60.000000587659216,59.99999993674112,6.509180963121253e-07
I3,3,N8,60.00000058768042,59.99999993706718,6.506132379513474e-07
I3,3,N9,60.0000005876865,59.99999993715921,6.505272907020299e-07
I3,4,N1,60.00000058056986,59.99999896298175,1.617588111457735e-06
I3,4,N2,60.00000058048972,59.99999896180758,1.6186821412134123e-06
I3,4,N3,60.000000580570784,59.99999896302782,1.6175429635723049e-06
I3,4,N4,60.00000058057801,59.99999896311002,1.6174679871028275e-06
I3,4,N5,60.00000058058033,59.999998963148585,1.6174317423178763e-06
I3,4,N6,60.00000058057731,59.99999896311697,1.6174603345575633e-06
I3,4,N7,60.0000005805421,59.999998962586794,1.6179553057327212e-06
I3,4,N8,60.000000580564624,59.9999989629347,1.6176299268977345e-06
I3,4,N9,60.00000058057081,59.99999896302785,1.6175429635723049e-06
I3,5,N1,60.000000588737755,59.999999968714135,6.200236200015752e-07
I3,5,N2,60.00000058865762,59.999999967535324,6.211222967067442e-07
I3,5,N3,60.00000058873625,59.99999996871648,6.200197688599474e-07
I3,5,N4,60.000000588746055,59.99999996884263,6.19903424592394e-07
I3,5,N5,60.000000588749096,59.99999996889085,6.198582482852544e-07
I3,5,N6,60.0000005887433,59.99999996881416,6.199291391340012e-07
I3,5,N7,60.00000058871,59.99999996831455,6.203954541206258e-07
I3,5,N8,60.000000588730394,59.999999968626284,6.201041102826821e-07
I3,5,N9,60.00000058873629,59.999999968716516,6.200197759653747e-07
I3,6,N1,60.00000058988393,59.99999999778073,5.921031984712499e-07
I3,6,N2,60.00000058981032,59.99999999667432,5.931360007593867e-07
I3,6,N3,60.00000058988594,59.999999997796664,5.920892789390564e-07
I3,6,N4,60.00000058989519,59.99999999794422,5.919509646901133e-07
I3,6,N5,60.000000589901965,59.99999999804273,5.918592336229267e-07
I3,6,N6,60.00000058989254,59.99999999789544,5.919970931245189e-07
I3,6,N7,60.0000005898627,59.999999997453536,5.924091652786956e-07
I3,6,N8,60.00000058988108,59.999999997719755,5.921613279724625e-07
I3,6,N9,60.000000589885985,59.9999999977967,5.920892860444837e-07
I3,7,N1,60.00000058999329,59.999999999792905,5.902003863411664e-07
I3,7,N2,60.000000589936064,59.99999999891634,5.910197273806261e-07
I3,7,N3,60.00000059000637,59.99999999995737,5.900490052113128e-07
I3,7,N4,60.000000590012576,60.000000000069235,5.899433404010779e-07
I3,7,N5,60.00000059002887,60.00000000030587,5.897230010987187e-07
I3,7,N6,60.00000059001141,60.000000000035634,5.899757766769653e-07
I3,7,N7,60.000000589988446,59.999999999695554,5.902928918999351e-07
I3,7,N8,60.00000059000303,59.999999999901235,5.901017985365797e-07
I3,7,N9,60.00000059000642,59.99999999995741,5.900490123167401e-07
I3,8,N1,60.00000059000708,59.999999999972644,5.900344390852297e-07
I3,8,N2,60.00000058994809,59.99999999904298,5.909051097319207e-07
I3,8,N3,60.000000590009535,59.999999999950234,5.900593009755539e-07
I3,8,N4,60.00000059002721,60.00000000025356,5.89773655690351e-07
I3,8,N5,60.00000059004962,60.000000000573095,5.894765280345382e-07
I3,8,N6,60.00000059001655,60.000000000063025,5.899535224784813e-07
I3,8,N7,60.00000059000047,59.9999999998222,5.901782671458022e-07
I3,8,N8,60.00000059000533,59.999999999878156,5.901271720176737e-07
I3,8,N9,60.00000059000959,59.99999999995029,5.900593009755539e-07
I3,9,N1,60.0000005898259,59.99999999537753,5.944483731923356e-07
I3,9,N2,60.00000058969794,59.99999999333764,5.963603015857188e-07
I3,9,N3,60.000000589740736,59.999999993941636,5.957991007221608e-07
I3,9,N4,60.00000058983248,59.99999999546366,5.943688208276399e-07
I3,9,N5,60.00000058984,59.99999999554445,5.942955496607283e-07
I3,9,N6,60.000000589753334,59.99999999411911,5.95634226385755e-07
I3,9,N7,60.00000058975032,59.99999999411686,5.956334589996004e-07
I3,9,N8,60.00000058973425,59.99999999384274,5.958915068049464e-07
I3,9,N9,60.00000058974081,59.99999999394172,5.957990865113061e-07
I3,10,N1,52.200000512222374,52.2000000030946,5.091277728297428e-07
I3,10,N2,52.20000051207719,52.200000000990094,5.110870944236012e-07
I3,10,N3,52.200000512057464,52.20000000063835,5.114191168331672e-07
I3,10,N4,52.200000512225735,52.2000000031475,5.090782337902056e-07
I3,10,N5,52.20000051221762,52.20000000303183,5.091857886441176e-07
I3,10,N6,52.20000051204541,52.20000000044083,5.116045826980553e-07
I3,10,N7,52.200000512105944,52.200000001394535,5.107114091629228e-07
I3,10,N8,52.20000051206096,52.200000000700186,5.113607741691339e-07
I3,10,N9,52.20000051205747,52.20000000063835,5.114191239385946e-07
I3,11,N1,60.00000058969587,59.99999999598849,5.937073837003481e-07
I3,11,N2,52.200000511950876,52.19999999908504,5.128658386865936e-07
I3,11,N3,46.72097606694414,46.72097560795215,4.589919910813478e-07
I3,11,N4,60.000000589700214,59.999999996058236,5.936419782415214e-07
I3,11,N5,57.304878611648114,57.30487804636025,5.652878627415703e-07
I3,11,N6,41.33073211081384,41.33073170811886,4.026949795843393e-07
I3,11,N7,52.2000005119572,52.199999999166394,5.127908053736974e-07
I3,11,N8,49.917073659752276,49.91707316733534,4.924169374476151e-07
I3,11,N9,46.72097606694415,46.72097560795215,4.5899199818677516e-07
I3,12,N1,52.200000557756375,59.99998651424917,-7.799985956492797
I3,12,N2,52.2000005119213,52.19999999877902,5.131422824433685e-07
I3,12,N3,38.49504037182348,35.29894252312892,3.1960978486945564
I3,12,N4,52.200000557759054,59.999986514291294,-7.79998595653224
I3,12,N5,52.200000541950416,57.30486922278614,-5.104868680835722
I3,12,N6,38.495040340199026,29.908707939997193,8.586332400201833
I3,12,N7,52.200000511925886,52.19999999884513,5.13080756547879e-07
I3,12,N8,38.495040390564554,38.49503455817705,5.8323875009591575e-06
I3,12,N9,38.49504037182333,35.298942523128744,3.196097848694585
I3,13,N1,52.20000107553281,59.999999388751064,-7.7999983132182535
I3,13,N2,52.200000511888184,52.199999998238376,5.136498089086672e-07
I3,13,N3,38.49504015692841,35.29893720573034,3.196102951198071
I3,13,N4,52.20000107553569,59.99999938879642,-7.79999831326073
I3,13,N5,52.200000880807394,57.3048776485727,-5.104876767765305
I3,13,N6,38.49503976745328,29.908693724995906,8.586346042457372
I3,13,N7,52.200000511891666,52.19999999828778,5.13603886531655e-07
I3,13,N8,38.49504038784605,38.49503451643212,5.8714139328230885e-06
I3,13,N9,38.495040156928184,35.298937205730155,3.1961029511980286
I3,14,N1,52.20000069586129,59.99998486538817,-7.79998416952688
I3,14,N2,52.2000005118454,52.19999999752011,5.143252934658449e-07
I3,14,N3,38.49504030919726,35.29894007907071,3.1961002301265466
I3,14,N4,52.20000069586456,59.99998486543952,-7.799984169574962
I3,14,N5,52.20000063230801,57.30486814319142,-5.104867510883409
I3,14,N6,38.495040182059356,29.908706634191336,8.58633354786802
I3,14,N7,52.20000051184805,52.19999999755699,5.14291059516836e-07
I3,14,N8,38.495040384566074,38.49503143912086,8.94544521656826e-06
I3,14,N9,38.495040309197044,35.29894007907053,3.196100230126511
I3,15,N1,52.2000005537485,59.99998645585763,-7.799985902109128
I3,15,N2,52.20000051179565,52.19999999659919,5.151964614924509e-07
I3,15,N3,38.49504037079061,35.298942507190894,3.196097863599718
I3,15,N4,52.20000055375236,59.99998645591834,-7.799985902165979
I3,15,N5,52.20000053928261,57.304869183800264,-5.104868644517651
I3,15,N6,38.49504034182155,29.908707962487362,8.586332379334188
I3,15,N7,52.20000051179772,52.199999996626985,5.15170732739989e-07
I3,15,N8,38.495040387956045,38.49503451943094,5.868525107644018e-06
I3,15,N9,38.49504037079046,35.298942507190716,3.1960978635997463
I3,16,N1,60.000000589327826,59.99999992316075,6.661670752805549e-07
I3,16,N2,52.200000511743845,52.19999999691131,5.148325357140493e-07
I3,16,N3,43.88671015834285,35.298951983562986,8.587758174779864
I3,16,N4,60.000000589333,59.99999992323239,6.661006111130519e-07
I3,16,N5,57.3048786113338,57.30487799790715,6.134266499202568e-07
I3,16,N6,38.496466202307154,29.90870813242283,8.587758069884323
I3,16,N7,52.20000051174553,52.199999996941635,5.148038937363708e-07
I3,16,N8,47.08280775109534,38.495049514076,8.587758237019337
I3,16,N9,43.88671015834285,35.2989519835629,8.58775817477995
I3,17,N1,52.20000051213309,52.200000001824016,5.10309071444226e-07
I3,17,N2,52.20000051202984,52.20000000036083,5.116690076079067e-07
I3,17,N3,52.200000511999264,52.19999999985419,5.121450712408659e-07
I3,17,N4,52.20000051213815,52.200000001903895,5.102342583995778e-07
I3,17,N5,52.200000512138274,52.20000000192121,5.102170632653724e-07
I3,17,N6,52.20000051199025,52.1999999997142,5.122760455833486e-07
I3,17,N7,52.200000512050046,52.200000000642625,5.114074212997366e-07
I3,17,N8,52.200000512001075,52.19999999988439,5.121166850585723e-07
I3,17,N9,52.20000051199927,52.19999999985419,5.121450783462933e-07
I3,18,N1,60.00000058976073,59.99999999319173,5.965690021980663e-07
I3,18,N2,60.00000058964012,59.999999991313764,5.983263591247123e-07
I3,18,N3,60.000000589685406,59.99999999197566,5.977097430331924e-07
I3,18,N4,60.00000058976842,59.99999999329783,5.964705920291635e-07
I3,18,N5,60.000000589778544,59.99999999342997,5.963485776305788e-07
I3,18,N6,60.00000058969869,59.99999999217196,5.9752673564617e-07
I3,18,N7,60.000000589692505,59.99999999209299,5.975995165385939e-07
I3,18,N8,60.00000058967794,59.999999991854544,5.978233943437772e-07
I3,18,N9,60.00000058968548,59.99999999197575,5.977097288223376e-07
I3,19,N1,60.000000590101955,60.00000000111528,5.889866727670778e-07
I3,19,N2,60.000000590088526,60.000000000838284,5.892502414894807e-07
I3,19,N3,60.00000059014513,60.00000000167924,5.884658875743298e-07
I3,19,N4,60.000000590144204,60.000000001702446,5.884417575430234e-07
I3,19,N5,60.0000005901909,60.00000000237272,5.87818178132693e-07
I3,19,N6,60.000000590144424,60.000000001680036,5.884643883291574e-07
I3,19,N7,60.00000059014091,60.0000000016175,5.885234060087896e-07
I3,19,N8,60.00000059014581,60.00000000167829,5.884675218226221e-07
I3,19,N9,60.000000590145184,60.00000000167929,5.884658946797572e-07
I3,20,N1,60.000000590481626,60.0000000046569,5.85824729171236e-07
I3,20,N2,60.0000005905077,60.00000000501651,5.854911933056428e-07
I3,20,N3,60.00000059056631,60.000000005892126,5.846741828463564e-07
I3,20,N4,60.00000059054947,60.000000005647465,5.849020041637232e-07
I3,20,N5,60.00000059060568,60.00000000647624,5.841294381525586e-07
I3,20,N6,60.00000059056031,60.000000005803756,5.847565560657131e-07
I3,20,N7,60.000000590560084,60.000000005795734,5.847643507195244e-07
I3,20,N8,60.00000059057071,60.00000000595014,5.84620565291516e-07
I3,20,N9,60.00000059056636,60.00000000589217,5.846741899517838e-07
I3,21,N1,60.000000590179056,60.000000002039314,5.881397413531886e-07
I3,21,N2,60.000000590184314,60.00000000208086,5.881034539356733e-07
I3,21,N3,60.00000059024935,60.0000000030478,5.872015478303183e-07
I3,21,N4,60.00000059023466,60.00000000284117,5.873934938449565e-07
I3,21,N5,60.00000059027777,60.00000000347465,5.868031180966682e-07
I3,21,N6,60.00000059024584,60.00000000299793,5.872479107438267e-07
I3,21,N7,60.000000590236695,60.000000002860084,5.873766113495549e-07
I3,21,N8,60.00000059025156,60.00000000307502,5.871765367260195e-07
I3,21,N9,60.00000059024939,60.00000000304784,5.872015549357457e-07
I3,22,N1,60.00000059003127,60.000000000363706,5.896675645544747e-07
I3,22,N2,60.00000058999631,59.99999999982805,5.901682627040827e-07
I3,22,N3,60.00000059006725,60.00000000088189,5.891853618322784e-07
I3,22,N4,60.000000590062186,60.00000000081487,5.892473140534094e-07
I3,22,N5,60.00000059008708,60.000000001181625,5.889054577323805e-07
I3,22,N6,60.00000059006856,60.00000000090186,5.8916669587461e-07
I3,22,N7,60.00000059004869,60.000000000607265,5.894414272233917e-07
I3,22,N8,60.00000059006605,60.00000000085954,5.892065075840947e-07
I3,22,N9,60.000000590067295,60.000000000881926,5.891853689377058e-07
I3,23,N1,60.0000005899796,59.999999999602636,5.903769633164302e-07
I3,23,N2,60.0000005899218,59.99999999873335,5.911884457532324e-07
I3,23,N3,60.00000058999609,59.99999999983728,5.901588124856971e-07
I3,23,N4,60.000000589998244,59.99999999987588,5.901223616433526e-07
I3,23,N5,60.00000059001226,60.00000000008254,5.899297264022607e-07
I3,23,N6,60.00000059000037,59.99999999990055,5.90099816122347e-07
I3,23,N7,60.00000058997418,59.99999999951257,5.904616102725413e-07
I3,23,N8,60.000000589992716,59.99999999978295,5.902097655052785e-07
I3,23,N9,60.000000589996134,59.999999999837314,5.901588195911245e-07
I3,24,N1,60.00000058992872,59.99999999872633,5.91202386601708e-07
I3,24,N2,60.000000589859816,59.999999997693905,5.921659109731081e-07
I3,24,N3,60.00000058993578,59.99999999882304,5.911127374247371e-07
I3,24,N4,60.000000589942026,59.999999998921616,5.910204095016525e-07
I3,24,N5,60.00000058995069,59.99999999904924,5.909014504368315e-07
I3,24,N6,60.000000589941514,59.99999999890807,5.910334408554263e-07
I3,24,N7,60.0000005899122,59.99999999847312,5.91439075492417e-07
I3,24,N8,60.00000058993125,59.99999999875185,5.911793934387788e-07
I3,24,N9,60.000000589935816,59.99999999882307,5.911127445301645e-07
I4,1,N1,60.000000589844284,59.999999997136754,5.927075292788686e-07
I4,1,N2,60.00000058978145,59.999999996010565,5.93770884904643e-07
I4,1,N3,60.00000058984532,59.99999999715508,5.926902417741076e-07
I4,1,N4,60.000000589852874,59.99999999729003,5.925628414615858e-07
I4,1,N5,60.00000058985748,59.99999999737225,5.924852288785587e-07
I4,1,N6,60.0000005898509,59.99999999725255,5.925983472820917e-07
I4,1,N7,60.00000058982499,59.99999999678979,5.930352031668917e-07
I4,1,N8,60.000000589840944,59.999999997073786,5.927671580252536e-07
I4,1,N9,60.00000058984535,59.999999997155115,5.926902346686802e-07
I4,2,N1,60.0000005893953,59.99999998901872,6.003765804507566e-07
I4,2,N2,60.00000058932948,59.99999998784108,6.014884021965372e-07
I4,2,N3,60.00000058939439,59.999999989005445,6.003889438943588e-07
I4,2,N4,60.00000058940256,59.9999999891489,6.002536636628975e-07
I4,2,N5,60.00000058940555,59.999999989202784,6.00202767486735e-07
I4,2,N6,60.00000058940023,59.999999989106875,6.00293354580117e-07
I4,2,N7,60.00000058937302,59.9999999886203,6.007527204587859e-07
I4,2,N8,60.000000589389614,59.999999988917196,6.004724184549559e-07
I4,2,N9,60.00000058939442,59.999999989005474,6.003889438943588e-07
I4,3,N1,60.00000058616867,59.99999993714317,6.490254946811547e-07
I4,3,N2,60.00000058610258,59.9999999359619,6.501406772940754e-07
I4,3,N3,60.00000058616933,59.99999993715918,6.490101469580623e-07
I4,3,N4,60.0000005861757,59.99999993726966,6.489060382364187e-07
I4,3,N5,60.00000058617803,59.99999993731198,6.488660488912501e-07
I4,3,N6,60.00000058617479,59.99999993725402,6.489207748927583e-07
I4,3,N7,60.00000058614612,59.99999993674112,6.494050026617515e-07
I4,3,N8,60.000000586164305,59.99999993706718,6.490971244943466e-07
I4,3,N9,60.00000058616936,59.99999993715921,6.490101469580623e-07
I4,4,N1,60.00000049766785,59.99999896298175,1.5346860990916866e-06
I4,4,N2,60.000000497602166,59.99999896180758,1.5357945883920365e-06
I4,4,N3,60.000000497670314,59.99999896302782,1.534642493083993e-06
I4,4,N4,60.00000049767498,59.99999896311002,1.5345649586606669e-06
I4,4,N5,60.00000049767712,59.999998963148585,1.5345285362400318e-06
I4,4,N6,60.00000049767536,59.99999896311697,1.5345583861403611e-06
I4,4,N7,60.00000049764571,59.999998962586794,1.5350589137597126e-06
I4,4,N8,60.00000049766514,59.9999989629347,1.5347304440638254e-06
I4,4,N9,60.00000049767032,59.99999896302785,1.534642471767711e-06
I4,5,N1,60.00000058818691,59.999999968714135,6.194727717456772e-07
I4,5,N2,60.00000058812097,59.999999967535324,6.205856450947067e-07
I4,5,N3,60.000000588186786,59.99999996871648,6.194703061623841e-07
I4,5,N4,60.000000588194055,59.99999996884263,6.193514252572641e-07
I4,5,N5,60.00000058819673,59.99999996889085,6.193058794679018e-07
I4,5,N6,60.00000058819244,59.99999996881416,6.193782837726758e-07
I4,5,N7,60.00000058816451,59.99999996831455,6.198499633569554e-07
I4,5,N8,60.000000588181884,59.999999968626284,6.195555997123847e-07
I4,5,N9,60.000000588186815,59.999999968716516,6.194702990569567e-07
I4,6,N1,60.00000058988183,59.99999999778073,5.921010952647521e-07
I4,6,N2,60.00000058982027,59.99999999667432,5.931459483576873e-07
I4,6,N3,60.00000058988297,59.999999997796664,5.920863088704209e-07
I4,6,N4,60.00000058989105,59.99999999794422,5.919468293313912e-07
I4,6,N5,60.00000058989661,59.99999999804273,5.918538761306991e-07
I4,6,N6,60.000000589888586,59.99999999789544,5.91993142506908e-07
I4,6,N7,60.00000058986381,59.999999997453536,5.924102737253634e-07
I4,6,N8,60.00000058987888,59.999999997719755,5.921591252899816e-07
I4,6,N9,60.00000058988301,59.9999999977967,5.920863088704209e-07
I4,7,N1,60.00000058999028,59.999999999792905,5.901973736399668e-07
I4,7,N2,60.00000058994205,59.99999999891634,5.910257101504612e-07
I4,7,N3,60.0000005900003,59.99999999995737,5.90042930070922e-07
I4,7,N4,60.000000590006024,60.000000000069235,5.899367891970542e-07
I4,7,N5,60.000000590019404,60.00000000030587,5.897135366694783e-07
I4,7,N6,60.00000059000467,60.000000000035634,5.89969033626403e-07
I4,7,N7,60.00000058998559,59.999999999695554,5.902900355181373e-07
I4,7,N8,60.0000005899974,59.999999999901235,5.900961639326852e-07
I4,7,N9,60.00000059000033,59.99999999995741,5.900429229654947e-07
I4,8,N1,60.00000059000203,59.999999999972644,5.900293871263784e-07
I4,8,N2,60.000000589952,59.99999999904298,5.909090248223947e-07
I4,8,N3,60.00000059000294,59.999999999950234,5.900527071389661e-07
I4,8,N4,60.00000059001842,60.00000000025356,5.897648662767097e-07
I4,8,N5,60.00000059003676,60.000000000573095,5.89463667211021e-07
I4,8,N6,60.00000059000906,60.000000000063025,5.899460333580464e-07
I4,8,N7,60.00000058999554,59.9999999998222,5.901733359792161e-07
I4,8,N8,60.00000058999927,59.999999999878156,5.901211110881377e-07
I4,8,N9,60.00000059000298,59.99999999995029,5.900526929281114e-07
I4,9,N1,60.00000058983081,59.99999999537753,5.944532830426397e-07
I4,9,N2,60.00000058972344,59.99999999333764,5.963858029645053e-07
I4,9,N3,60.000000589759345,59.999999993941636,5.958177098364104e-07
I4,9,N4,60.000000589836205,59.99999999546366,5.943725440715752e-07
I4,9,N5,60.0000005898423,59.99999999554445,5.942978518191921e-07
I4,9,N6,60.00000058977057,59.99999999411911,5.956514641525246e-07
I4,9,N7,60.000000589766984,59.99999999411686,5.95650121226754e-07
I4,9,N8,60.000000589753384,59.99999999384274,5.959106417208204e-07
I4,9,N9,60.000000589759395,59.99999999394172,5.958176743092736e-07
I4,10,N1,52.20000051217753,52.2000000030946,5.090829304776889e-07
I4,10,N2,52.20000051206071,52.200000000990094,5.11070616937559e-07
I4,10,N3,52.20000051204469,52.20000000063835,5.114063412747782e-07
I4,10,N4,52.20000051218047,52.2000000031475,5.090329722179376e-07
I4,10,N5,52.20000051217465,52.20000000303183,5.091428150194588e-07
I4,10,N6,52.20000051203555,52.20000000044083,5.11594720364883e-07
I4,10,N7,52.200000512084124,52.200000001394535,5.106895883955076e-07
I4,10,N8,52.200000512047055,52.200000000700186,5.113468688477951e-07
I4,10,N9,52.20000051204469,52.20000000063835,5.114063412747782e-07
I4,11,N1,60.000000589714695,59.99999999598849,5.937262059774184e-07
I4,11,N2,52.200000511959075,52.19999999908504,5.128740383497643e-07
I4,11,N3,46.72097606697009,46.72097560795215,4.5901794010205776e-07
I4,11,N4,60.00000058971831,59.999999996058236,5.936600757650012e-07
I4,11,N5,57.3048786116574,57.30487804636025,5.652971495351267e-07
I4,11,N6,41.33073211082652,41.33073170811886,4.0270765566674527e-07
I4,11,N7,52.200000511964326,52.199999999166394,5.12797932117337e-07
I4,11,N8,49.91707365978665,49.91707316733534,4.924513135051711e-07
I4,11,N9,46.72097606697008,46.72097560795215,4.590179329966304e-07
I4,12,N1,52.200000517123705,59.99998651424917,-7.799985997125468
I4,12,N2,52.200000511931606,52.19999999877902,5.13152585313037e-07
I4,12,N3,38.4950403863818,35.29894252312892,3.1960978632528807
I4,12,N4,52.20000051712606,59.999986514291294,-7.799985997165237
I4,12,N5,52.200000515355796,57.30486922278614,-5.104868707430342
I4,12,N6,38.49504038283388,29.908707939997193,8.586332442836685
I4,12,N7,52.200000511935286,52.19999999884513,5.130901570282731e-07
I4,12,N8,38.49504038847736,38.49503455817705,5.830300310094572e-06
I4,12,N9,38.49504038638168,35.298942523128744,3.1960978632529375
I4,13,N1,52.200000524302844,59.999999388751064,-7.79999886444822
I4,13,N2,52.200000511901685,52.199999998238376,5.136633092206466e-07
I4,13,N3,38.49504038101209,35.29893720573034,3.196103175281749
I4,13,N4,52.200000524305366,59.99999938879642,-7.799998864491052
I4,13,N5,52.20000052004278,57.3048776485727,-5.104877128529921
I4,13,N6,38.495040372470406,29.908693724995906,8.5863466474745
I4,13,N7,52.20000051190444,52.19999999828778,5.13616662090044e-07
I4,13,N8,38.495040386062854,38.49503451643212,5.869630733457143e-06
I4,13,N9,38.49504038101195,35.298937205730155,3.1961031752817917
I4,14,N1,52.20000051718053,59.99998486538817,-7.799984348207644
I4,14,N2,52.20000051186099,52.19999999752011,5.143408827734675e-07
I4,14,N3,38.4950403795785,35.29894007907071,3.196100300507787
I4,14,N4,52.20000051718339,59.99998486543952,-7.799984348256132
I4,14,N5,52.20000051536708,57.30486814319142,-5.104867627824341
I4,14,N6,38.49504037592385,29.908706634191336,8.586333741732513
I4,14,N7,52.20000051186305,52.19999999755699,5.143060590739879e-07
I4,14,N8,38.49504038173261,38.49503143912086,8.942611749773732e-06
I4,14,N9,38.49504037957835,35.29894007907053,3.1961003005078155
I4,15,N1,52.20000051371282,59.99998645585763,-7.799985942144808
I4,15,N2,52.200000511809414,52.19999999659919,5.152102247052426e-07
I4,15,N3,38.49504038543537,35.298942507190894,3.1960978782444727
I4,15,N4,52.200000513716205,59.99998645591834,-7.7999859422021345
I4,15,N5,52.20000051308028,57.304869183800264,-5.104868670719981
I4,15,N6,38.495040384136885,29.908707962487362,8.586332421649523
I4,15,N7,52.20000051181096,52.199999996626985,5.151839772565836e-07
I4,15,N8,38.49504038619583,38.49503451943094,5.866764894335574e-06
I4,15,N9,38.49504038543524,35.298942507190716,3.1960978782445224
I4,16,N1,60.00000058912497,59.99999992316075,6.659642224349227e-07
I4,16,N2,52.20000051178754,52.19999999691131,5.148762340922985e-07
I4,16,N3,43.88670997905132,35.298951983562986,8.587757995488332
I4,16,N4,60.00000058912927,59.99999992323239,6.658968842998547e-07
I4,16,N5,57.30487861121058,57.30487799790715,6.133034347044486e-07
I4,16,N6,38.496466023182954,29.90870813242283,8.587757890760123
I4,16,N7,52.200000511788936,52.199999996941635,5.148473007920984e-07
I4,16,N8,47.082807571705075,38.495049514076,8.587758057629074
I4,16,N9,43.886709979051325,35.2989519835629,8.587757995488424
I4,17,N1,52.200000512104225,52.200000001824016,5.102802091982994e-07
I4,17,N2,52.20000051202267,52.20000000036083,5.116618382317029e-07
I4,17,N3,52.20000051199742,52.19999999985419,5.121432309351803e-07
I4,17,N4,52.20000051210868,52.200000001903895,5.102047850868985e-07
I4,17,N5,52.20000051210992,52.20000000192121,5.101887126102156e-07
I4,17,N6,52.20000051199082,52.1999999997142,5.122766211229646e-07
I4,17,N7,52.20000051203898,52.200000000642625,5.113963581493408e-07
I4,17,N8,52.200000511998425,52.19999999988439,5.121140347341679e-07
I4,17,N9,52.20000051199742,52.19999999985419,5.121432309351803e-07
I4,18,N1,60.00000058976059,59.99999999319173,5.965688600895191e-07
I4,18,N2,60.00000058966026,59.999999991313764,5.983464959058438e-07
I4,18,N3,60.0000005896985,59.99999999197566,5.977228383358124e-07
I4,18,N4,60.000000589767005,59.99999999329783,5.964691780491194e-07
I4,18,N5,60.00000058977546,59.99999999342997,5.963454938751056e-07
I4,18,N6,60.00000058971026,59.99999999217196,5.975383032819082e-07
I4,18,N7,60.0000005897038,59.99999999209299,5.976108141680925e-07
I4,18,N8,60.00000058969165,59.999999991854544,5.978371078185774e-07
I4,18,N9,60.00000058969855,59.99999999197575,5.977228028086756e-07
I4,19,N1,60.00000059007187,60.00000000111528,5.889565883876458e-07
I4,19,N2,60.0000005900595,60.000000000838284,5.892212158187249e-07
I4,19,N3,60.000000590106545,60.00000000167924,5.884273051037781e-07
I4,19,N4,60.00000059010639,60.000000001702446,5.884039424586263e-07
I4,19,N5,60.000000590144765,60.00000000237272,5.877720425928601e-07
I4,19,N6,60.00000059010628,60.000000001680036,5.884262463951018e-07
I4,19,N7,60.00000059010304,60.0000000016175,5.88485541186401e-07
I4,19,N8,60.000000590106914,60.00000000167829,5.884286267132666e-07
I4,19,N9,60.00000059010659,60.00000000167929,5.884272979983507e-07
I4,20,N1,60.000000590304005,60.0000000046569,5.856471076981506e-07
I4,20,N2,60.00000059032648,60.00000000501651,5.853099693808872e-07
I4,20,N3,60.000000590375315,60.000000005892126,5.844831889589841e-07
I4,20,N4,60.00000059036107,60.000000005647465,5.847136037573364e-07
I4,20,N5,60.000000590407886,60.00000000647624,5.83931644371205e-07
I4,20,N6,60.0000005903703,60.000000005803756,5.845665427273161e-07
I4,20,N7,60.00000059037002,60.000000005795734,5.845742876431359e-07
I4,20,N8,60.00000059037888,60.00000000595014,5.844287400691428e-07
I4,20,N9,60.00000059037535,60.00000000589217,5.844831818535567e-07
I4,21,N1,60.00000059012108,60.000000002039314,5.880817681713779e-07
I4,21,N2,60.00000059012458,60.00000000208086,5.88043718607878e-07
I4,21,N3,60.00000059017859,60.0000000030478,5.87130784879264e-07
I4,21,N4,60.000000590166714,60.00000000284117,5.873255446431358e-07
I4,21,N5,60.000000590202326,60.00000000347465,5.867276726689852e-07
I4,21,N6,60.000000590175816,60.00000000299793,5.871778867572175e-07
I4,21,N7,60.00000059016812,60.000000002860084,5.873080368701267e-07
I4,21,N8,60.000000590180335,60.00000000307502,5.87105311922187e-07
I4,21,N9,60.00000059017862,60.00000000304784,5.87130784879264e-07
I4,22,N1,60.00000059002125,60.000000000363706,5.896575459019004e-07
I4,22,N2,60.000000589991686,59.99999999982805,5.901636370708729e-07
I4,22,N3,60.000000590050554,60.00000000088189,5.891686640779881e-07
I4,22,N4,60.00000059004667,60.00000000081487,5.892317958000604e-07
I4,22,N5,60.000000590067216,60.000000001181625,5.888855909574886e-07
I4,22,N6,60.00000059005175,60.00000000090186,5.891498844334819e-07
I4,22,N7,60.00000059003523,60.000000000607265,5.89427962438549e-07
I4,22,N8,60.00000059004948,60.00000000085954,5.891899377274967e-07
I4,22,N9,60.00000059005059,60.000000000881926,5.891686640779881e-07
I4,23,N1,60.00000058997857,59.999999999602636,5.903759330294633e-07
I4,23,N2,60.0000005899302,59.99999999873335,5.911968514737964e-07
I4,23,N3,60.000000589991835,59.99999999983728,5.901545563347099e-07
I4,23,N4,60.00000058999392,59.99999999987588,5.901180344380919e-07
I4,23,N5,60.0000005900055,60.00000000008254,5.899229620354163e-07
I4,23,N6,60.00000058999546,59.99999999990055,5.900949062720429e-07
I4,23,N7,60.000000589973745,59.99999999951257,5.904611768414725e-07
I4,23,N8,60.000000589988986,59.99999999978295,5.902060351559157e-07
I4,23,N9,60.00000058999186,59.999999999837314,5.901545492292826e-07
I4,24,N1,60.00000058993045,59.99999999872633,5.912041203259832e-07
I4,24,N2,60.0000005898729,59.999999997693905,5.921789920648735e-07
I4,24,N3,60.00000058993594,59.99999999882304,5.91112893744139e-07
I4,24,N4,60.00000058994141,59.999999998921616,5.910197913294724e-07
I4,24,N5,60.00000058994856,59.99999999904924,5.908993259140516e-07
I4,24,N6,60.0000005899408,59.99999999890807,5.910327232072632e-07
I4,24,N7,60.00000058991644,59.99999999847312,5.914433174325495e-07
I4,24,N8,60.00000058993212,59.99999999875185,5.911802674063438e-07
I4,24,N9,60.000000589935965,59.99999999882307,5.91112893744139e-07
