unit,hour,node,soc_start_mwh,soc_end_mwh,p_charge_mw,p_discharge_mw,net_injection_mw,lambda_eur_per_mwh,spot_revenue_eur,degradation_cost_eur,rho_charge_dual,sigma_discharge_dual,gamma_soc_transition_dual
I3,1,N1,1.4793211138433952e-07,1.480573496613359e-07,0.0,0.0,0.0,67.15000079997654,0.0,0.0,-0.01663932751383593,-0.01665768427906265,-65.0918631998415
I3,2,N1,1.480573496613359e-07,1.4812310245407648e-07,0.0,0.0,0.0,67.15000081640382,0.0,0.0,-0.016638867768817848,-0.016658206603920592,-65.09186196632628
I3,3,N1,1.4812310245407648e-07,1.481503985281922e-07,0.0,0.0,0.0,67.15000082800577,0.0,0.0,-0.016638766464658946,-0.016658321714008804,-65.09185664224594
I3,4,N1,1.481503985281922e-07,1.481526523053573e-07,0.0,0.0,0.0,67.15000083209375,0.0,0.0,-0.016638743956465352,-0.01665834727478888,-65.09184659582472
I3,5,N1,1.481526523053573e-07,1.4813843217930825e-07,0.0,0.0,0.0,67.15000081918923,0.0,0.0,-0.01663873907022334,-0.01665835287706418,-65.09183168809359
I3,6,N1,1.4813843217930825e-07,1.481131917689002e-07,0.0,0.0,0.0,67.15000078797718,0.0,0.0,-0.016638738006133306,-0.016658354200912176,-65.09181188833884
I3,7,N1,1.481131917689002e-07,1.4808034383378897e-07,0.0,0.0,0.0,67.15000073961733,0.0,0.0,-0.016638737459354142,-0.016658355053313284,-65.09178718913505
I3,8,N1,1.4808034383378897e-07,1.4804190866904298e-07,0.0,0.0,0.0,67.15000070718347,0.0,0.0,-0.016638734382580855,-0.016658358891773445,-65.09175758611957
I3,9,N1,1.4804190866904298e-07,1.4799887380850257e-07,0.0,0.0,0.0,67.15000070742896,0.0,0.0,-0.01663872593307625,-0.016658370182969343,-65.09172306695773
I3,10,N1,1.4799887380850257e-07,1.4810623597566239e-07,0.0,0.0,0.0,60.000000410588726,0.0,0.0,-0.016659006114545533,-0.01664757087350443,-65.09168357889315
I3,11,N1,1.4810623597566239e-07,1.48210934302489e-07,0.0,0.0,0.0,60.000000505620854,0.0,0.0,-0.016658991416436723,-0.016647549528396886,-65.09165396129951
I3,12,N1,1.48210934302489e-07,1.4831425518668732e-07,0.0,0.0,0.0,60.00000053675359,0.0,0.0,-0.016658989559113987,-0.01664755062722917,-65.0916341594659
I3,13,N1,1.4831425518668732e-07,1.484171958807504e-07,0.0,0.0,0.0,60.00000054915962,0.0,0.0,-0.016658988866927734,-0.01664755112388959,-65.09162416171736
I3,14,N1,1.484171958807504e-07,1.4852066139749348e-07,0.0,0.0,0.0,60.000000558618154,0.0,0.0,-0.016658988606484466,-0.016647551272814115,-65.09162396558796
I3,15,N1,1.4852066139749348e-07,1.4862563913000768e-07,0.0,0.0,0.0,60.00000056561196,0.0,0.0,-0.016658988805991884,-0.016647550967593495,-65.09163357107136
I3,16,N1,1.4862563913000768e-07,1.487333889335681e-07,0.0,0.0,0.0,60.00000054409394,0.0,0.0,-0.016658990470359916,-0.016647549046029456,-65.09165298053745
I3,17,N1,1.487333889335681e-07,1.4884568961868207e-07,0.0,0.0,0.0,60.00000044336617,0.0,0.0,-0.01665899747274739,-0.016647540195847188,-65.09168220510142
I3,18,N1,1.4884568961868207e-07,1.4881029652097612e-07,0.0,0.0,0.0,67.15000083334415,0.0,0.0,-0.016638729701990054,-0.01665836523940074,-65.09172129493953
I3,19,N1,1.4881029652097612e-07,1.4878350944239796e-07,0.0,0.0,0.0,67.15000075588337,0.0,0.0,-0.016638737152515095,-0.016658356435411633,-65.09175542172055
I3,20,N1,1.4878350944239796e-07,1.48768361136058e-07,0.0,0.0,0.0,67.15000072281246,0.0,0.0,-0.0166387394760315,-0.016658353468983828,-65.09178463553364
I3,21,N1,1.48768361136058e-07,1.4877007265095437e-07,0.0,0.0,0.0,67.1500007183495,0.0,0.0,-0.016638744297161414,-0.016658348148754422,-65.09180895399477
I3,22,N1,1.4877007265095437e-07,1.4879707075059348e-07,0.0,0.0,0.0,67.15000073644724,0.0,0.0,-0.016638766218995973,-0.016658323204093772,-65.0918284103605
I3,23,N1,1.4879707075059348e-07,1.4886268307721522e-07,0.0,0.0,0.0,67.15000076218436,0.0,0.0,-0.016638866764668303,-0.01665820910251096,-65.0918431441916
I3,24,N1,1.4886268307721522e-07,1.4898788007539414e-07,0.0,0.0,0.0,67.15000078315106,0.0,0.0,-0.016639325382591937,-0.016657688750760145,-65.09185378789876
I3,1,N2,5.591072304586367e-08,5.6141105395177593e-08,0.0,0.0,0.0,67.1500005205728,0.0,0.0,-0.03794359744257188,-0.037929315980680695,-68.35600652716182
I3,2,N2,5.6141105395177593e-08,5.624680693664554e-08,0.0,0.0,0.0,67.150000533985,0.0,0.0,-0.03794312470823819,-0.03792985349070569,-68.35600572514021
I3,3,N2,5.624680693664554e-08,5.629930806624933e-08,0.0,0.0,0.0,67.15000054257371,0.0,0.0,-0.03794304002184496,-0.03792995013893682,-68.35601142539996
I3,4,N2,5.629930806624933e-08,5.6328715041689055e-08,0.0,0.0,0.0,67.15000054465393,0.0,0.0,-0.037943024940312084,-0.0379299673809774,-68.3560229478545
I3,5,N2,5.6328715041689055e-08,5.6347786616891165e-08,0.0,0.0,0.0,67.15000053375744,0.0,0.0,-0.037943022007425775,-0.03792997071267153,-68.35604017032458
I3,6,N2,5.6347786616891165e-08,5.636196770793269e-08,0.0,0.0,0.0,67.15000050857435,0.0,0.0,-0.03794302074111678,-0.03792997217752377,-68.3560630693256
I3,7,N2,5.636196770793269e-08,5.6373552794852695e-08,0.0,0.0,0.0,67.15000047027532,0.0,0.0,-0.03794301577346279,-0.037929977907791075,-68.35609163412067
I3,8,N2,5.6373552794852695e-08,5.6383376259986966e-08,0.0,0.0,0.0,67.15000044791336,0.0,0.0,-0.03794298386775867,-0.03793001436945456,-68.3561258236732
I3,9,N2,5.6383376259986966e-08,5.6391419732530044e-08,0.0,0.0,0.0,67.15000045821756,0.0,0.0,-0.03794283017283789,-0.03793019090413963,-68.35616539577691
I3,10,N2,5.6391419732530044e-08,5.666555589101211e-08,0.0,0.0,0.0,60.00000019595767,0.0,0.0,-0.03820237241243291,-0.03789562895919785,-68.35620910410721
I3,11,N2,5.666555589101211e-08,5.661817557410164e-08,0.0,0.0,0.0,70.33422087027884,0.0,0.0,-0.03792239292577291,-0.03795385451821844,-68.35639876261644
I3,12,N2,5.661817557410164e-08,5.647087039161559e-08,0.0,0.0,0.0,74.3101344453895,0.0,0.0,-0.037898123992877605,-0.03804188189843748,-68.35657060039
I3,13,N2,5.647087039161559e-08,5.632512926375031e-08,0.0,0.0,0.0,74.31013445800853,0.0,0.0,-0.037897625790825146,-0.03804244075432356,-68.35665575738881
I3,14,N2,5.632512926375031e-08,5.617940519222258e-08,0.0,0.0,0.0,74.31013504956539,0.0,0.0,-0.03790491014357482,-0.038035504852065645,-68.35665022657881
I3,15,N2,5.617940519222258e-08,5.603234568585136e-08,0.0,0.0,0.0,74.310134553651,0.0,0.0,-0.03789767139504614,-0.038042389854984426,-68.35657014555925
I3,16,N2,5.603234568585136e-08,5.598545595794024e-08,0.0,0.0,0.0,70.33422109661377,0.0,0.0,-0.0379222831680423,-0.03795397624879532,-68.35639967040117
I3,17,N2,5.598545595794024e-08,5.6260512921241934e-08,0.0,0.0,0.0,60.00000024442338,0.0,0.0,-0.03820235098570149,-0.03789560215572262,-68.35621070675543
I3,18,N2,5.6260512921241934e-08,5.6270282740964276e-08,0.0,0.0,0.0,67.15000056804779,0.0,0.0,-0.03794282933371358,-0.0379301916961643,-68.3561674844965
I3,19,N2,5.6270282740964276e-08,5.6283488990605805e-08,0.0,0.0,0.0,67.15000048683055,0.0,0.0,-0.03794298715637276,-0.03793001062822721,-68.3561283629983
I3,20,N2,5.6283488990605805e-08,5.630203160818283e-08,0.0,0.0,0.0,67.15000044974397,0.0,0.0,-0.037943016429398506,-0.037929976520849285,-68.35609462731038
I3,21,N2,5.630203160818283e-08,5.6331179783820563e-08,0.0,0.0,0.0,67.15000044302042,0.0,0.0,-0.03794302422376282,-0.037929968107533116,-68.35606651655777
I3,22,N2,5.6331179783820563e-08,5.638365145481908e-08,0.0,0.0,0.0,67.15000045906365,0.0,0.0,-0.03794304170227584,-0.03792994844789513,-68.35604409729262
I3,23,N2,5.638365145481908e-08,5.648961848948779e-08,0.0,0.0,0.0,67.15000048278355,0.0,0.0,-0.03794312773190897,-0.03792985024567598,-68.3560275004958
I3,24,N2,5.648961848948779e-08,5.672062638813102e-08,0.0,0.0,0.0,67.15000050274205,0.0,0.0,-0.03794360109651312,-0.03792931036965462,-68.35601741995767
I3,1,N3,8.372173702506384e-08,7.792003776628784e-08,0.0,0.0,0.0,67.15000058954799,0.0,0.0,-0.02671566116522305,-0.03007704273889161,-56.023557256153765
I3,2,N3,7.792003776628784e-08,7.197807157127314e-08,0.0,0.0,0.0,67.15000059485601,0.0,0.0,-0.026715241519686305,-0.030078923339135692,-56.02347458787186
I3,3,N3,7.197807157127314e-08,6.590514093746233e-08,0.0,0.0,0.0,67.15000059794257,0.0,0.0,-0.026715163172445003,-0.030115928423769544,-56.02134227588792
I3,4,N3,6.590514093746233e-08,5.967333517435929e-08,0.0,0.0,0.0,67.15000059790682,0.0,0.0,-0.02671514888339698,-0.03019219848262355,-56.017078412181576
I3,5,N3,5.967333517435929e-08,5.322794033782268e-08,0.0,0.0,0.0,67.15000059296666,0.0,0.0,-0.026715147339464482,-0.030316455403818398,-56.010509092906425
I3,6,N3,5.322794033782268e-08,4.6486325786213505e-08,0.0,0.0,0.0,67.15000058305736,0.0,0.0,-0.026715149896671158,-0.03050524583000864,-56.00133392873738
I3,7,N3,4.6486325786213505e-08,3.9326008583751516e-08,0.0,0.0,0.0,67.15000056962653,0.0,0.0,-0.026715157919912236,-0.030790271827011807,-55.98905470978257
I3,8,N3,3.9326008583751516e-08,3.155653304758852e-08,0.0,0.0,0.0,67.1500005611161,0.0,0.0,-0.026715183094094444,-0.031237752162079115,-55.97281988773923
I3,9,N3,3.155653304758852e-08,2.286357497331563e-08,0.0,0.0,0.0,67.15000056207715,0.0,0.0,-0.026715269846367042,-0.03201140330536055,-55.95103692457683
I3,10,N3,2.286357497331563e-08,2.1385358418351592e-08,0.0,0.0,0.0,60.00000019593128,0.0,0.0,-0.02672957766261149,-0.026787387003198732,-55.92014284112565
I3,11,N3,2.1385358418351592e-08,1.864670908043314e-08,0.0,0.0,0.0,48.99363549041398,0.0,0.0,-0.02683270039894085,-0.0267426354382564,-55.88911982982536
I3,12,N3,1.864670908043314e-08,5.046735446950296e-08,3.5518106151143283e-08,0.0,-3.5518106151143283e-08,44.75912604084303,-1.5897593899510642e-06,2.6638579613357465e-07,-0.06797874836103315,-0.026735259708103743,-55.85834645608053
I3,13,N3,5.046735446950296e-08,7.879503744077308e-08,3.248116951307053e-08,0.0,-3.248116951307053e-08,44.75912604675307,-1.4538287603814768e-06,2.43608771348029e-07,-0.06168176305825716,-0.02673501416424477,-55.848358905891
I3,14,N3,7.879503744077308e-08,1.086768500873297e-07,3.4041730842951553e-08,0.0,-3.4041730842951553e-08,44.75912544585936,-1.5236781011938483e-06,2.553129813221367e-07,-0.061656322818680484,-0.026742294849779538,-55.84833599757835
I3,15,N3,1.086768500873297e-07,1.4185074701378363e-07,3.592316941653052e-08,0.0,-3.592316941653052e-08,44.759126012040774,-1.6078896666663787e-06,2.694237706239789e-07,-0.06791353425001793,-0.026734652660239822,-55.858248283062146
I3,16,N3,1.4185074701378363e-07,1.3756112852932554e-07,0.0,0.0,0.0,48.993635375021576,0.0,0.0,-0.02683278520320441,-0.026742537869248316,-55.88879971351985
I3,17,N3,1.3756112852932554e-07,1.3503287084233924e-07,0.0,0.0,0.0,60.000000244394926,0.0,0.0,-0.026729594456444458,-0.026787387922975726,-55.919599144972594
I3,18,N3,1.3503287084233924e-07,1.259334789869198e-07,0.0,0.0,0.0,67.1500006155079,0.0,0.0,-0.02671528041057953,-0.03204322677180815,-55.950271087632686
I3,19,N3,1.259334789869198e-07,1.1797904200492676e-07,0.0,0.0,0.0,67.15000058475749,0.0,0.0,-0.026715188822270086,-0.0312667793969972,-55.97187343402399
I3,20,N3,1.1797904200492676e-07,1.107297603491444e-07,0.0,0.0,0.0,67.15000056768966,0.0,0.0,-0.026715163702555736,-0.030818043906689022,-55.987946699506125
I3,21,N3,1.107297603491444e-07,1.0395274074509945e-07,0.0,0.0,0.0,67.15000056225384,0.0,0.0,-0.026715157691608784,-0.030532687451842292,-56.000073442160385
I3,22,N3,1.0395274074509945e-07,9.751553086606639e-08,0.0,0.0,0.0,67.15000056592501,0.0,0.0,-0.02671516845023061,-0.030344233722419876,-56.00909922153674
I3,23,N3,9.751553086606639e-08,9.134810741592163e-08,0.0,0.0,0.0,67.15000057371192,0.0,0.0,-0.02671524525042857,-0.030220838736362766,-56.01551781272212
I3,24,N3,9.134810741592163e-08,8.543757492709586e-08,0.0,0.0,0.0,67.15000058144992,0.0,0.0,-0.026715664053067786,-0.030145661480911225,-56.0196260462374
I3,1,N4,9.978847414153952e-08,9.9940603428672e-08,0.0,0.0,0.0,67.15000052055898,0.0,0.0,-0.022676260689462213,-0.022701731569319303,-65.09264467113064
I3,2,N4,9.9940603428672e-08,1.0000476509699158e-07,0.0,0.0,0.0,67.15000053397203,0.0,0.0,-0.022675772271814977,-0.022702288410929857,-65.09264318583595
I3,3,N4,1.0000476509699158e-07,1.000204713642859e-07,0.0,0.0,0.0,67.15000054256107,0.0,0.0,-0.02267567717664379,-0.022702396874661166,-65.0926321967318
I3,4,N4,1.000204713642859e-07,1.0000917158863588e-07,0.0,0.0,0.0,67.15000054464147,0.0,0.0,-0.02267565882710491,-0.02270241778947649,-65.09261100999959
I3,5,N4,1.0000917158863588e-07,9.998259599948084e-08,0.0,0.0,0.0,67.15000053374453,0.0,0.0,-0.022675655348086816,-0.02270242174559422,-65.09257949182735
I3,6,N4,9.998259599948084e-08,9.994718124967414e-08,0.0,0.0,0.0,67.1500005085596,0.0,0.0,-0.022675654635206623,-0.02270242254301841,-65.09253761718493
I3,7,N4,9.994718124967414e-08,9.990641324295153e-08,0.0,0.0,0.0,67.15000047025246,0.0,0.0,-0.022675654083979167,-0.022702423157687997,-65.09248538115295
I3,8,N4,9.990641324295153e-08,9.986203516378864e-08,0.0,0.0,0.0,67.1500004478755,0.0,0.0,-0.02267565155163218,-0.022702426326562365,-65.09242277968718
I3,9,N4,9.986203516378864e-08,9.981459325947188e-08,0.0,0.0,0.0,67.15000045817987,0.0,0.0,-0.022675644612897495,-0.022702434748549296,-65.09234979845527
I3,10,N4,9.981459325947188e-08,9.991824810514822e-08,0.0,0.0,0.0,60.00000019593678,0.0,0.0,-0.022713584364272264,-0.022682170813215385,-65.09226638093251
I3,11,N4,9.991824810514822e-08,1.0002002320966982e-07,0.0,0.0,0.0,60.00000039106044,0.0,0.0,-0.022713577122124597,-0.022682161481187714,-65.09220375799447
I3,12,N4,1.0002002320966982e-07,1.001209114436919e-07,0.0,0.0,0.0,60.00000045534599,0.0,0.0,-0.022713575479048478,-0.022682162445195338,-65.09216187982919
I3,13,N4,1.001209114436919e-07,1.0022154368970088e-07,0.0,0.0,0.0,60.00000047815143,0.0,0.0,-0.022713575132801585,-0.02268216261171361,-65.09214073020509
I3,14,N4,1.0022154368970088e-07,1.0032242883226695e-07,0.0,0.0,0.0,60.00000049305099,0.0,0.0,-0.022713575143404472,-0.022682162581340325,-65.09214030897965
I3,15,N4,1.0032242883226695e-07,1.0042413697561749e-07,0.0,0.0,0.0,60.000000501010355,0.0,0.0,-0.02271357547689069,-0.02268216228577782,-65.09216061716934
I3,16,N4,1.0042413697561749e-07,1.0052750221215243e-07,0.0,0.0,0.0,60.00000045191761,0.0,0.0,-0.022713576996762873,-0.022682160706473505,-65.09220165733213
I3,17,N4,1.0052750221215243e-07,1.0063392832990438e-07,0.0,0.0,0.0,60.00000024440446,0.0,0.0,-0.022713582630947624,-0.022682153138765045,-65.09226344009114
I3,18,N4,1.0063392832990438e-07,1.0059119341306654e-07,0.0,0.0,0.0,67.15000056800172,0.0,0.0,-0.0226756488943469,-0.02270243020452579,-65.09234601498645
I3,19,N4,1.0059119341306654e-07,1.0055482198067066e-07,0.0,0.0,0.0,67.15000048651851,0.0,0.0,-0.022675655038560963,-0.02270242293551976,-65.09241816458477
I3,20,N4,1.0055482198067066e-07,1.005278144167766e-07,0.0,0.0,0.0,67.15000044942582,0.0,0.0,-0.0226756568499727,-0.02270242053775341,-65.09247993902814
I3,21,N4,1.005278144167766e-07,1.0051636146710872e-07,0.0,0.0,0.0,67.15000044295228,0.0,0.0,-0.022675660707993258,-0.022702416178404138,-65.09253135463676
I3,22,N4,1.0051636146710872e-07,1.0053207266999578e-07,0.0,0.0,0.0,67.15000045903967,0.0,0.0,-0.022675679560321217,-0.022702394492603847,-65.0925724415814
I3,23,N4,1.0053207266999578e-07,1.0059633847764264e-07,0.0,0.0,0.0,67.1500004827668,0.0,0.0,-0.022675775325499137,-0.02270228506685779,-65.09260333785586
I3,24,N4,1.0059633847764264e-07,1.007486153353256e-07,0.0,0.0,0.0,67.15000050272863,0.0,0.0,-0.022676264222185355,-0.022701727003796062,-65.09262474198279
I3,1,N5,1.1617691269358428e-07,1.1634288873777023e-07,0.0,0.0,0.0,67.15000023594595,0.0,0.0,-0.019553962733050403,-0.019569281661114234,-66.32181961655279
I3,2,N5,1.1634288873777023e-07,1.1643203029395506e-07,0.0,0.0,0.0,67.15000026229546,0.0,0.0,-0.01955347579262331,-0.019569837196860528,-66.32181837013955
I3,3,N5,1.1643203029395506e-07,1.1647601148179077e-07,0.0,0.0,0.0,67.15000027950897,0.0,0.0,-0.019553377214067802,-0.01956994968307992,-66.32181386047813
I3,4,N5,1.1647601148179077e-07,1.1649320012689968e-07,0.0,0.0,0.0,67.15000028590168,0.0,0.0,-0.019553357252961884,-0.019569972438401483,-66.32180540028399
I3,5,N5,1.1649320012689968e-07,1.1649431030824164e-07,0.0,0.0,0.0,67.1500002663803,0.0,0.0,-0.019553353064856654,-0.019569977185907517,-66.32179285111886
I3,6,N5,1.1649431030824164e-07,1.1648561275810502e-07,0.0,0.0,0.0,67.1500002153226,0.0,0.0,-0.019553351563636693,-0.01956997885774808,-66.32177618487167
I3,7,N5,1.1648561275810502e-07,1.1647075662897133e-07,0.0,0.0,0.0,67.15000012527447,0.0,0.0,-0.019553348333182185,-0.01956998250013995,-66.32175539246535
I3,8,N5,1.1647075662897133e-07,1.1645178817786785e-07,0.0,0.0,0.0,67.15000005979172,0.0,0.0,-0.019553333610304674,-0.019569999408433257,-66.32173045303901
I3,9,N5,1.1645178817786785e-07,1.1642968519901355e-07,0.0,0.0,0.0,67.15000005716053,0.0,0.0,-0.01955326399593275,-0.019570078903593992,-66.32170126666534
I3,10,N5,1.1642968519901355e-07,1.1658048719432055e-07,0.0,0.0,0.0,59.99999980783224,0.0,0.0,-0.019590166112951352,-0.019558125532323466,-66.32166735264325
I3,11,N5,1.1658048719432055e-07,1.1662319201644253e-07,0.0,0.0,0.0,63.57076725031992,0.0,0.0,-0.019567522829486973,-0.019559644250517833,-66.3216534388552
I3,12,N5,1.1662319201644253e-07,1.166385748906304e-07,0.0,0.0,0.0,64.94455857697012,0.0,0.0,-0.019561505024300315,-0.019562908287596596,-66.32164879355786
I3,13,N5,1.166385748906304e-07,1.1665416905958862e-07,0.0,0.0,0.0,64.94455860488027,0.0,0.0,-0.019561318289271042,-0.0195631218870132,-66.32164609871593
I3,14,N5,1.1665416905958862e-07,1.1667009691321665e-07,0.0,0.0,0.0,64.94455882334361,0.0,0.0,-0.019563806775650495,-0.019560750712498846,-66.32164407276323
I3,15,N5,1.1667009691321665e-07,1.1668658849858064e-07,0.0,0.0,0.0,64.94455865720025,0.0,0.0,-0.019561338912586844,-0.019563098643682338,-66.32164788906924
I3,16,N5,1.1668658849858064e-07,1.1673140110363577e-07,0.0,0.0,0.0,63.570767381290814,0.0,0.0,-0.019567484106275124,-0.019559687593954232,-66.32165250938257
I3,17,N5,1.1673140110363577e-07,1.1688577350711021e-07,0.0,0.0,0.0,59.99999986060894,0.0,0.0,-0.019590160146095797,-0.01955812546779672,-66.32166613070093
I3,18,N5,1.1688577350711021e-07,1.1686951904548566e-07,0.0,0.0,0.0,67.15000016268158,0.0,0.0,-0.019553266959393512,-0.01957007634191869,-66.3216997214633
I3,19,N5,1.1686951904548566e-07,1.1686007691459518e-07,0.0,0.0,0.0,67.15000005568115,0.0,0.0,-0.019553336793310214,-0.019569996461124593,-66.32172857985465
I3,20,N5,1.1686007691459518e-07,1.168608080412666e-07,0.0,0.0,0.0,67.15000002290697,0.0,0.0,-0.019553351654806327,-0.019569979307407247,-66.32175319177914
I3,21,N5,1.168608080412666e-07,1.1687782759447459e-07,0.0,0.0,0.0,67.15000003765749,0.0,0.0,-0.0195533584228921,-0.01956997155166541,-66.32177366305595
I3,22,N5,1.1687782759447459e-07,1.1692176755380184e-07,0.0,0.0,0.0,67.15000009250264,0.0,0.0,-0.01955337888406232,-0.019569948100203138,-66.32179004321871
I3,23,N5,1.1692176755380184e-07,1.170109505307331e-07,0.0,0.0,0.0,67.15000015503315,0.0,0.0,-0.019553477831422902,-0.01956983509756118,-66.32180247704538
I3,24,N5,1.170109505307331e-07,1.1717700618733214e-07,0.0,0.0,0.0,67.15000020086595,0.0,0.0,-0.019553965236174677,-0.019569278749348547,-66.32181165740693
I3,1,N6,7.313676701445923e-08,7.325101990903624e-08,0.0,0.0,0.0,67.15000049323766,0.0,0.0,-0.029805783199345303,-0.029874439634770055,-62.94933599882238
I3,2,N6,7.325101990903624e-08,7.325605600966458e-08,0.0,0.0,0.0,67.15000050789348,0.0,0.0,-0.02980530013815809,-0.029874990153728388,-62.94933346755648
I3,3,N6,7.325605600966458e-08,7.320878332905856e-08,0.0,0.0,0.0,67.15000051731114,0.0,0.0,-0.029805210704519695,-0.029875092426996545,-62.949294828445915
I3,4,N6,7.320878332905856e-08,7.313606557289445e-08,0.0,0.0,0.0,67.1500005198059,0.0,0.0,-0.02980519414652955,-0.029875111810682167,-62.94921938907024
I3,5,N6,7.313606557289445e-08,7.305070912362336e-08,0.0,0.0,0.0,67.15000050808041,0.0,0.0,-0.029805190921337925,-0.02987511631849492,-62.94910702325603
I3,6,N6,7.305070912362336e-08,7.295883872787025e-08,0.0,0.0,0.0,67.15000048040997,0.0,0.0,-0.02980519047339622,-0.02987511788538003,-62.94895770901932
I3,7,N6,7.295883872787025e-08,7.286328585146551e-08,0.0,0.0,0.0,67.15000044080925,0.0,0.0,-0.0298051918710071,-0.029875117577660214,-62.94877144662771
I3,8,N6,7.286328585146551e-08,7.276506335387739e-08,0.0,0.0,0.0,67.15000042899962,0.0,0.0,-0.029805199989280114,-0.0298751105853196,-62.94854825011802
I3,9,N6,7.276506335387739e-08,7.266379757382532e-08,0.0,0.0,0.0,67.15000047115375,0.0,0.0,-0.029805251793113403,-0.02987505287932937,-62.94828818419819
I3,10,N6,7.266379757382532e-08,7.270853457530402e-08,0.0,0.0,0.0,60.00000024691615,0.0,0.0,-0.029849760762292715,-0.0298215085680331,-62.947991555230374
I3,11,N6,7.270853457530402e-08,7.288391839121868e-08,0.0,0.0,0.0,56.13517005650159,0.0,0.0,-0.029925795974518016,-0.029813203990601184,-62.94771473359462
I3,12,N6,7.288391839121868e-08,7.31803942274824e-08,0.0,0.0,0.0,54.64824314878538,0.0,0.0,-0.03000811093691177,-0.029809056248842596,-62.947498630030104
I3,13,N6,7.31803942274824e-08,7.347520199335432e-08,0.0,0.0,0.0,54.64824319460568,0.0,0.0,-0.030008286919033532,-0.029808841484600373,-62.94739017317861
I3,14,N6,7.347520199335432e-08,7.377020150118756e-08,0.0,0.0,0.0,54.648242999768826,0.0,0.0,-0.030005552534980166,-0.029811422125341266,-62.94739080499985
I3,15,N6,7.377020150118756e-08,7.406707852612504e-08,0.0,0.0,0.0,54.64824318145625,0.0,0.0,-0.030008276658807616,-0.029808855630037497,-62.94749459141104
I3,16,N6,7.406707852612504e-08,7.424329185552536e-08,0.0,0.0,0.0,56.135170064060766,0.0,0.0,-0.029925836223274466,-0.02981316023970077,-62.947707383623026
I3,17,N6,7.424329185552536e-08,7.428956944384392e-08,0.0,0.0,0.0,60.00000029947279,0.0,0.0,-0.029849769410793727,-0.0298214832577439,-62.94798121884136
I3,18,N6,7.428956944384392e-08,7.419111211906839e-08,0.0,0.0,0.0,67.15000058056468,0.0,0.0,-0.02980525675761665,-0.029875048129757935,-62.94827480025394
I3,19,N6,7.419111211906839e-08,7.409808129663553e-08,0.0,0.0,0.0,67.15000045988022,0.0,0.0,-0.029805203584519824,-0.029875106879593993,-62.94853191587351
I3,20,N6,7.409808129663553e-08,7.401236926959173e-08,0.0,0.0,0.0,67.1500004103329,0.0,0.0,-0.02980519420490221,-0.029875115518276832,-62.9487521665923
I3,21,N6,7.401236926959173e-08,7.393967088199657e-08,0.0,0.0,0.0,67.15000040404149,0.0,0.0,-0.029805195474028916,-0.029875112874245803,-62.94893548347253
I3,22,N6,7.393967088199657e-08,7.389260417031153e-08,0.0,0.0,0.0,67.15000042385095,0.0,0.0,-0.029805212130378574,-0.029875092500385756,-62.94908187729236
I3,23,N6,7.389260417031153e-08,7.389796327105461e-08,0.0,0.0,0.0,67.15000045130469,0.0,0.0,-0.02980530199926973,-0.0298749888924162,-62.94919147606646
I3,24,N6,7.389796327105461e-08,7.401259950016164e-08,0.0,0.0,0.0,67.15000047375145,0.0,0.0,-0.029805785537093808,-0.029874436353203037,-62.949264981096775
I3,1,N7,5.591212157357755e-08,5.614250356082943e-08,0.0,0.0,0.0,67.1500005205728,0.0,0.0,-0.03794277940522702,-0.037928499127444115,-68.3560064256899
I3,2,N7,5.614250356082943e-08,5.6248205936643426e-08,0.0,0.0,0.0,67.150000533985,0.0,0.0,-0.03794230666888736,-0.03792903663970265,-68.35600562365768
I3,3,N7,5.6248205936643426e-08,5.630070789082138e-08,0.0,0.0,0.0,67.15000054257371,0.0,0.0,-0.03794222198201846,-0.03792913328843594,-68.35601132366777
I3,4,N7,5.630070789082138e-08,5.633011544979965e-08,0.0,0.0,0.0,67.15000054465393,0.0,0.0,-0.03794220690047564,-0.03792915053050917,-68.35602284563234
I3,5,N7,5.633011544979965e-08,5.6349187401420905e-08,0.0,0.0,0.0,67.15000053375744,0.0,0.0,-0.03794220396688937,-0.03792915386285799,-68.35604006737206
I3,6,N7,5.6349187401420905e-08,5.636336873565105e-08,0.0,0.0,0.0,67.15000050857435,0.0,0.0,-0.037942202701497056,-0.037929155326799247,-68.35606296540074
I3,7,N7,5.636336873565105e-08,5.637495399115495e-08,0.0,0.0,0.0,67.15000047027532,0.0,0.0,-0.037942197731210936,-0.03792916105955253,-68.35609152898469
I3,8,N7,5.637495399115495e-08,5.638477758675441e-08,0.0,0.0,0.0,67.15000044791336,0.0,0.0,-0.037942165827689556,-0.03792919751944263,-68.35612571708153
I3,9,N7,5.638477758675441e-08,5.6392821161131514e-08,0.0,0.0,0.0,67.15000045821756,0.0,0.0,-0.037942012132430224,-0.037929374054152074,-68.35616528748761
I3,10,N7,5.6392821161131514e-08,5.6666957394805494e-08,0.0,0.0,0.0,60.00000019595767,0.0,0.0,-0.03820154269799709,-0.03789481370279826,-68.35620899387634
I3,11,N7,5.6666957394805494e-08,5.661957710294177e-08,0.0,0.0,0.0,70.33422087027884,0.0,0.0,-0.03792157620045811,-0.037953036243867415,-68.35639864394442
I3,12,N7,5.661957710294177e-08,5.6472271873413836e-08,0.0,0.0,0.0,74.3101344453895,0.0,0.0,-0.037897308254233576,-0.03804105978852793,-68.35657047442301
I3,13,N7,5.6472271873413836e-08,5.632653067166014e-08,0.0,0.0,0.0,74.31013445800853,0.0,0.0,-0.0378968100508689,-0.03804161864586891,-68.35665562777017
I3,14,N7,5.632653067166014e-08,5.618080652904266e-08,0.0,0.0,0.0,74.31013504956539,0.0,0.0,-0.03790409440247589,-0.038034682746591934,-68.35665009695845
I3,15,N7,5.618080652904266e-08,5.6033746988183374e-08,0.0,0.0,0.0,74.310134553651,0.0,0.0,-0.037896855653830344,-0.03804156774763654,-68.35657001956582
I3,16,N7,5.6033746988183374e-08,5.59868573100546e-08,0.0,0.0,0.0,70.33422109661377,0.0,0.0,-0.037921466445047756,-0.03795315797225292,-68.35639955168115
I3,17,N7,5.59868573100546e-08,5.626191439068029e-08,0.0,0.0,0.0,60.00000024442338,0.0,0.0,-0.038201521272307595,-0.03789478690125362,-68.35621059645081
I3,18,N7,5.626191439068029e-08,5.627168438832943e-08,0.0,0.0,0.0,67.15000056804779,0.0,0.0,-0.03794201129341077,-0.037929374845931764,-68.35616737611123
I3,19,N7,5.627168438832943e-08,5.628489090083072e-08,0.0,0.0,0.0,67.15000048683055,0.0,0.0,-0.03794216911506533,-0.03792919377900057,-68.35612825629059
I3,20,N7,5.628489090083072e-08,5.630343391049653e-08,0.0,0.0,0.0,67.15000044974397,0.0,0.0,-0.03794219839028793,-0.037929159669597166,-68.35609452203491
I3,21,N7,5.630343391049653e-08,5.633258267988321e-08,0.0,0.0,0.0,67.15000044302042,0.0,0.0,-0.037942206183927414,-0.03792915125721159,-68.35606641247571
I3,22,N7,5.633258267988321e-08,5.638505517950241e-08,0.0,0.0,0.0,67.15000045906365,0.0,0.0,-0.03794222366257148,-0.03792913159731157,-68.3560439941626
I3,23,N7,5.638505517950241e-08,5.6491023041402564e-08,0.0,0.0,0.0,67.15000048278355,0.0,0.0,-0.037942309692285354,-0.037929033394976296,-68.35602739807791
I3,24,N7,5.6491023041402564e-08,5.672203055064215e-08,0.0,0.0,0.0,67.15000050274205,0.0,0.0,-0.037942783059846684,-0.03792849351585745,-68.35601731801157
I3,1,N8,28.112086762938098,25.811827161639794,0.0,2.153042938039264,2.153042938039264,67.15000048750925,144.57683433896491,16.14782203529448,0.0,0.0,-55.832400398772215
I3,2,N8,25.811827161639794,23.555222386234412,0.0,2.1121820210034876,2.1121820210034876,67.15000049542488,141.8330237568117,15.841365157526157,0.0,0.0,-55.83240040434944
I3,3,N8,23.555222386234412,21.3652741485263,0.0,2.0497915017188446,2.0497915017188446,67.15000050008328,137.6435003654869,15.373436262891335,0.0,0.0,-55.83240040734391
I3,4,N8,21.3652741485263,19.2592982714779,0.0,1.9711933721413584,1.9711933721413584,67.15000050004882,132.36563592498513,14.783950291060188,0.0,0.0,-55.83240040645746
I3,5,N8,19.2592982714779,16.821598635398917,0.0,2.281686810593979,2.281686810593979,67.15000049326963,153.2152704568725,17.112651079454842,0.0,0.0,-55.832400400995766
I3,6,N8,16.821598635398917,13.98051172437835,0.0,2.6592572999393065,2.6592572999393065,67.1500004805276,178.56912896877094,19.9444297495448,0.0,0.0,-55.832400392292215
I3,7,N8,13.98051172437835,10.606086665118706,0.0,3.158461806691079,3.158461806691079,67.15000046672138,212.0907117934276,23.68846355018309,0.0,0.0,-55.832400384384606
I3,8,N8,10.606086665118706,6.321714149657384,0.0,4.010172625695844,4.010172625695844,67.15000046644855,269.28309368601515,30.076294692718832,0.0,0.0,-55.832400383415674
I3,9,N8,6.321714149657384,2.9873465463483163e-06,0.0,5.917121599146974,5.917121599146974,67.15000048606021,397.3347182587966,44.3784119936023,0.0,0.0,-55.8324003890406
I3,10,N8,2.9873465463483163e-06,2.945805805855303e-06,0.0,0.0,0.0,60.00000031841393,0.0,0.0,0.0,0.0,-55.832399905846614
I3,11,N8,2.945805805855303e-06,3.4150126101832043,3.6485146329619895,0.0,-3.6485146329619895,44.759125811874014,-163.30432548320903,27.36385974721492,0.0,0.0,-55.83239942260497
I3,12,N8,3.4150126101832043,14.717486008984457,12.075292126990865,0.0,-12.075292126990865,38.89546155778301,-469.674060724373,90.56469095243149,-5.863664220641875,0.0,-55.83239940604669
I3,13,N8,14.717486008984457,26.019959407785706,12.075292126990863,0.0,-12.075292126990863,38.895461630663384,-469.67406160442476,90.56469095243148,-5.863664124432671,0.0,-55.83239938112273
I3,14,N8,26.019959407785706,37.32243281052406,12.07529213119716,0.0,-12.07529213119716,38.89546080580654,-469.6740518076433,90.5646909839787,-5.8636649178980536,0.0,-55.83239934758484
I3,15,N8,37.32243281052406,48.6249062093253,12.07529212699086,0.0,-12.07529212699086,38.89546152956036,-469.67406038357603,90.56469095243145,-5.863664154685063,0.0,-55.8323993054276
I3,16,N8,48.6249062093253,54.138781049149905,5.890891957157716,0.0,-5.890891957157716,44.75912562952669,-263.67117318039055,44.181689678682865,0.0,0.0,-55.83239925477057
I3,17,N8,54.138781049149905,54.13878100760917,0.0,0.0,0.0,60.00000037416472,0.0,0.0,0.0,0.0,-55.83239989181172
I3,18,N8,54.13878100760917,48.30974068043774,0.0,5.455981697456481,5.455981697456481,67.1500006468292,366.369174513291,40.91986273092361,0.0,0.0,-55.83240052881524
I3,19,N8,48.30974068043774,43.1139381347371,0.0,4.863271133999851,4.863271133999851,67.15000055205047,326.56865933286116,36.47453350499889,0.0,0.0,-55.832400467612295
I3,20,N8,43.1139381347371,38.72230345891278,0.0,4.11057000779561,4.11057000779561,67.15000049471706,276.0247780570444,30.82927505846708,0.0,0.0,-55.832400419770686
I3,21,N8,38.72230345891278,35.594120998379616,0.0,2.9279787342830987,2.9279787342830987,67.15000046780621,196.61377337683672,21.95984050712324,0.0,0.0,-55.832400391951836
I3,22,N8,35.594120998379616,32.94184902290143,0.0,2.4825265202716382,2.4825265202716382,67.15000046217004,166.70165698358988,18.618948902037285,0.0,0.0,-55.83240038114886
I3,23,N8,32.94184902290143,30.479018697219033,0.0,2.305209136062771,2.305209136062771,67.15000046738496,154.79479456403513,17.28906852047078,0.0,0.0,-55.83240038110193
I3,24,N8,30.479018697219033,28.112086805743303,0.0,2.215448201645338,2.215448201645338,67.15000047619942,148.7673477954796,16.615861512340036,0.0,0.0,-55.83240038611862
I3,1,N9,26.843264159631975,24.67775067104372,0.0,2.0269205765426666,2.0269205765426666,67.15000051713437,136.10771776303037,15.20190432407,0.0,0.0,-55.83240042561178
I3,2,N9,24.67775067104372,22.556475122166315,0.0,1.9855138649733126,1.9855138649733126,67.15000052695481,133.32725707923402,14.891353987299844,0.0,0.0,-55.832400432917595
I3,3,N9,22.556475122166315,20.499637067885256,0.0,1.9252003700311302,1.9252003700311302,67.1500005325078,129.2772058727746,14.439002775233476,0.0,0.0,-55.83240043647207
I3,4,N9,20.499637067885256,18.522235708807877,0.0,1.8508476233204858,1.8508476233204858,67.15000053208173,124.28441889077284,13.881357174903643,0.0,0.0,-55.832400434649244
I3,5,N9,18.522235708807877,16.24786322502723,0.0,2.128812596042748,2.128812596042748,67.15000052257358,142.94976693673175,15.96609447032061,0.0,0.0,-55.832400426102716
I3,6,N9,16.24786322502723,13.617733350903482,0.0,2.461801513403892,2.461801513403892,67.15000050406051,165.3099728659683,18.463511350529192,0.0,0.0,-55.832400411560236
I3,7,N9,13.617733350903482,10.533149018228013,0.0,2.887170886608303,2.887170886608303,67.15000047947281,193.8735264200675,21.653781649562273,0.0,0.0,-55.83240039455837
I3,8,N9,10.533149018228013,6.600651025749119,0.0,3.680818072184311,3.680818072184311,67.15000046375567,247.16693525417674,27.606135541382333,0.0,0.0,-55.83240038236264
I3,9,N9,6.600651025749119,0.00021218978317983159,0.0,6.178010701688184,6.178010701688184,67.15000046525005,414.85342149268126,46.33508026266138,0.0,0.0,-55.83240037830109
I3,10,N9,0.00021218978317983159,0.0002121487242712748,0.0,0.0,0.0,60.00000019593128,0.0,0.0,0.0,0.0,-55.83240014645965
I3,11,N9,0.0002121487242712748,0.00021210852610253797,0.0,0.0,0.0,48.99363549041398,0.0,0.0,0.0,0.0,-55.83239991461454
I3,12,N9,0.00021210852610253797,0.9586047438396116,1.0239237883408316,0.0,-1.0239237883408316,44.75912604025176,-45.82993389795935,7.679428412556238,0.0,0.0,-55.83239968277037
I3,13,N9,0.9586047438396116,18.626950040933732,18.876437315884232,0.0,-18.876437315884232,44.75912604913834,-844.8928371803208,141.57327986913174,0.0,0.0,-55.83239968056943
I3,14,N9,18.626950040933732,42.21276562011119,25.198520950588655,0.0,-25.198520950588655,44.75912543599066,-1127.8637600288362,188.9889071294149,-5.968348997058372e-07,0.0,-55.83239966725411
I3,15,N9,42.21276562011119,50.39683217652615,8.743660883534687,0.0,-8.743660883534687,44.759126001993835,-391.3586192048338,65.57745662651016,0.0,0.0,-55.832399636101776
I3,16,N9,50.39683217652615,50.39683213632798,0.0,0.0,0.0,48.99363537502157,0.0,0.0,0.0,0.0,-55.83239991404387
I3,17,N9,50.39683213632798,50.39683209526907,0.0,0.0,0.0,60.000000244394926,0.0,0.0,0.0,0.0,-55.83240019198352
I3,18,N9,50.39683209526907,43.93053951441099,0.0,6.052449806907232,6.052449806907232,67.15000056916547,406.42200797866604,45.39337355180424,0.0,0.0,-55.83240046992129
I3,19,N9,43.93053951441099,39.960299699153246,0.0,3.716144418305308,3.716144418305308,67.1500005118432,249.5390995912847,27.871083137289812,0.0,0.0,-55.83240042936403
I3,20,N9,39.960299699153246,36.72909152744699,0.0,3.0244107999411263,3.0244107999411263,67.15000047909176,203.0891866650169,22.68308099955845,0.0,0.0,-55.83240040128574
I3,21,N9,36.72909152744699,33.92165452818685,0.0,2.6277609825315538,2.6277609825315538,67.15000046772914,176.45415120607421,19.708207368986653,0.0,0.0,-55.83240038862926
I3,22,N9,33.92165452818685,31.424094542843825,0.0,2.33771609750513,2.33771609750513,67.15000047335107,156.9776370540299,17.532870731288476,0.0,0.0,-55.83240038907123
I3,23,N9,31.424094542843825,29.087244059051326,0.0,2.1872920040538433,2.1872920040538433,67.15000048697998,146.87665913738297,16.404690030403824,0.0,0.0,-55.8324003971018
I3,24,N9,29.087244059051326,26.84326420243717,0.0,2.1003650970149086,2.1003650970149086,67.15000050095045,141.03951731672996,15.752738227611815,0.0,0.0,-55.8324004073388
I2,1,N2,0.00032225628107107867,0.00032225634095751665,0.0,0.0,0.0,67.1500005205728,0.0,0.0,-4.017282077976218e-06,-4.017280204762471e-06,-68.35113558479904
I2,2,N2,0.00032225634095751665,0.0003222564008458977,0.0,0.0,0.0,67.150000533985,0.0,0.0,-4.017281334340782e-06,-4.0172802101168555e-06,-68.35113558479982
I2,3,N2,0.0003222564008458977,0.0003222564608114647,0.0,0.0,0.0,67.15000054257371,0.0,0.0,-4.017281066852463e-06,-4.017280295511748e-06,-68.35113558480815
I2,4,N2,0.0003222564608114647,0.0003222565209294855,0.0,0.0,0.0,67.15000054465393,0.0,0.0,-4.017280954583698e-06,-4.017280359667213e-06,-68.35113558482384
I2,5,N2,0.0003222565209294855,0.0003222565812753083,0.0,0.0,0.0,67.15000053375744,0.0,0.0,-4.017280907940283e-06,-4.017280397189147e-06,-68.35113558484676
I2,6,N2,0.0003222565812753083,0.0003222566419244496,0.0,0.0,0.0,67.15000050857435,0.0,0.0,-4.017280858380693e-06,-4.017280444216907e-06,-68.35113558487673
I2,7,N2,0.0003222566419244496,0.0003222567029527421,0.0,0.0,0.0,67.15000047027532,0.0,0.0,-4.017280776508017e-06,-4.017280529977443e-06,-68.35113558491356
I2,8,N2,0.0003222567029527421,0.00032225676443657815,0.0,0.0,0.0,67.15000044791336,0.0,0.0,-4.017281207753436e-06,-4.017280316349162e-06,-68.35113558495699
I2,9,N2,0.00032225676443657815,0.00032225682645329896,0.0,0.0,0.0,67.15000045821756,0.0,0.0,-4.01728066744913e-06,-4.017280668196199e-06,-68.35113558500666
I2,10,N2,0.00032225682645329896,0.00032225716122458604,0.0,0.0,0.0,60.00000019595767,0.0,0.0,-4.0172631989406955e-06,-4.017282882541305e-06,-68.35113558506231
I2,11,N2,0.00032225716122458604,0.0003222571682541632,0.0,0.0,0.0,70.33422087027884,0.0,0.0,-4.017277536166302e-06,-4.017283954722751e-06,-68.35113558509077
I2,12,N2,0.0003222571682541632,0.00032225707274182054,0.0,0.0,0.0,74.3101344453895,0.0,0.0,-4.017278524941816e-06,-4.017277820392468e-06,-68.35113558510515
I2,13,N2,0.00032225707274182054,0.0003222569784099931,0.0,0.0,0.0,74.31013445800853,0.0,0.0,-4.017278449120144e-06,-4.017277963928392e-06,-68.35113558511785
I2,14,N2,0.0003222569784099931,0.0003222568840078876,0.0,0.0,0.0,74.31013504956539,0.0,0.0,-4.0172734949585044e-06,-4.017281863552406e-06,-68.35113558512855
I2,15,N2,0.0003222568840078876,0.00032225678850473106,0.0,0.0,0.0,74.310134553651,0.0,0.0,-4.01727849885599e-06,-4.01727787954186e-06,-68.35113558511563
I2,16,N2,0.00032225678850473106,0.0003222567955494636,0.0,0.0,0.0,70.33422109661377,0.0,0.0,-4.017277366991042e-06,-4.017283717354678e-06,-68.35113558510083
I2,17,N2,0.0003222567955494636,0.00032225713034240343,0.0,0.0,0.0,60.00000024442338,0.0,0.0,-4.0172628435961965e-06,-4.017283086434864e-06,-68.35113558507099
I2,18,N2,0.00032225713034240343,0.00032225719238675025,0.0,0.0,0.0,67.15000056804779,0.0,0.0,-4.017280812168574e-06,-4.01728057902951e-06,-68.35113558501524
I2,19,N2,0.00032225719238675025,0.00032225725390421964,0.0,0.0,0.0,67.15000048683055,0.0,0.0,-4.0172811970104566e-06,-4.01728041105136e-06,-68.35113558496536
I2,20,N2,0.00032225725390421964,0.0003222573149722333,0.0,0.0,0.0,67.15000044974397,0.0,0.0,-4.017281219127912e-06,-4.017280399857583e-06,-68.35113558492161
I2,21,N2,0.0003222573149722333,0.0003222573756672721,0.0,0.0,0.0,67.15000044302042,0.0,0.0,-4.017281214390933e-06,-4.017280372045156e-06,-68.35113558488429
I2,22,N2,0.0003222573756672721,0.00032225743606525395,0.0,0.0,0.0,67.15000045906365,0.0,0.0,-4.017280794069944e-06,-4.0172805312872935e-06,-68.35113558485358
I2,23,N2,0.00032225743606525395,0.00032225749624177234,0.0,0.0,0.0,67.15000048278355,0.0,0.0,-4.017280617942111e-06,-4.017280796693366e-06,-68.35113558482988
I2,24,N2,0.00032225749624177234,0.00032225755627224273,0.0,0.0,0.0,67.15000050274205,0.0,0.0,-4.017280338868678e-06,-4.017281538649104e-06,-68.35113558481305
I2,1,N3,9.32145382571824,8.56933136241986,0.0,0.7039865768713433,0.7039865768713433,67.15000058954799,47.27269905194457,5.279899326535074,0.0,0.0,-55.83240049387784
I2,2,N3,8.56933136241986,7.822112825335592,0.0,0.6993965019349344,0.6993965019349344,67.15000059485601,46.96447552097106,5.245473764512008,0.0,0.0,-55.832400498017975
I2,3,N3,7.822112825335592,7.075302956128556,0.0,0.6990139888018453,0.6990139888018453,67.15000059794257,46.93878976601413,5.24260491601384,0.0,0.0,-55.832400500084134
I2,4,N3,7.075302956128556,6.323721123886683,0.0,0.7034805462024527,0.7034805462024527,67.15000059790682,47.23871909811052,5.276104096518395,0.0,0.0,-55.832400499212014
I2,5,N3,6.323721123886683,5.50542770984072,0.0,0.7659225867710828,0.7659225867710828,67.15000059296666,51.431702155844775,5.744419400783121,0.0,0.0,-55.83240049462878
I2,6,N3,5.50542770984072,4.597270701351635,0.0,0.8500349111698433,0.8500349111698433,67.15000058305736,57.079844780674094,6.375261833773825,0.0,0.0,-55.83240048667432
I2,7,N3,4.597270701351635,3.5533846807767966,0.0,0.9770772664821118,0.9770772664821118,67.15000056962653,65.61073900084294,7.328079498615838,0.0,0.0,-55.832400477224716
I2,8,N3,3.5533846807767966,2.2363439434049748,0.0,1.2327500814040895,1.2327500814040895,67.1500005611161,82.77916865800053,9.245625610530672,0.0,0.0,-55.832400470287254
I2,9,N3,2.2363439434049748,0.0002118689931702108,0.0,2.093019572873516,2.093019572873516,67.15000056207715,140.5462654948951,15.697646796551371,0.0,0.0,-55.8324004675336
I2,10,N3,0.0002118689931702108,0.00021182793423582676,0.0,0.0,0.0,60.00000019593128,0.0,0.0,0.0,0.0,-55.83240020659851
I2,11,N3,0.00021182793423582676,0.00021178773608264363,0.0,0.0,0.0,48.99363549041398,0.0,0.0,0.0,0.0,-55.83239994566037
I2,12,N3,0.00021178773608264363,2.4074717402329626,2.571858956271813,0.0,-2.571858956271813,44.75912604084303,-115.11415918304108,19.2889421720386,0.0,0.0,-55.83239968472202
I2,13,N3,2.4074717402329626,7.214712205265035,5.135940700433341,0.0,-5.135940700433341,44.75912604675307,-229.88021717934515,38.51955525325006,0.0,0.0,-55.83239968336325
I2,14,N3,7.214712205265035,12.542550497886255,5.692134960678148,0.0,-5.692134960678148,44.75912544585936,-254.77498275975498,42.69101220508611,-5.774635337354276e-07,0.0,-55.832399672888855
I2,15,N3,12.542550497886255,17.30464136644193,5.0877039520611245,0.0,-5.0877039520611245,44.759126012040774,-227.72118230226172,38.157779640458436,0.0,0.0,-55.83239965863602
I2,16,N3,17.30464136644193,17.304641326243782,0.0,0.0,0.0,48.993635375021576,0.0,0.0,0.0,0.0,-55.83239994244262
I2,17,N3,17.304641326243782,17.304641285184847,0.0,0.0,0.0,60.000000244394926,0.0,0.0,0.0,0.0,-55.832400226247636
I2,18,N3,17.304641285184847,15.072341997244507,0.0,2.0894320847362264,2.0894320847362264,67.1500006155079,140.30536577609956,15.670740635521698,0.0,0.0,-55.83240051005034
I2,19,N3,15.072341997244507,13.744969311092978,0.0,1.242420785461896,1.242420785461896,67.15000058475749,83.42855647028118,9.31815589096422,0.0,0.0,-55.83240049140789
I2,20,N3,13.744969311092978,12.681037699212915,0.0,0.995839939943801,0.995839939943801,67.15000056768966,66.87065253255427,7.468799549578508,0.0,0.0,-55.832400477822276
I2,21,N3,12.681037699212915,11.749523359405613,0.0,0.8718973732836965,0.8718973732836965,67.15000056225384,58.54790910622786,6.539230299627724,0.0,0.0,-55.832400471959645
I2,22,N3,11.749523359405613,10.89998780236585,0.0,0.7951652326132799,0.7951652326132799,67.15000056592501,53.395345819985636,5.963739244599599,0.0,0.0,-55.832400472870994
I2,23,N3,10.89998780236585,10.097166467305888,0.0,0.7514407208401829,0.7514407208401829,67.15000057371192,50.45924483552878,5.635805406301372,0.0,0.0,-55.8324004776486
I2,24,N3,10.097166467305888,9.321453868523445,0.0,0.7260669436844264,0.7260669436844264,67.15000058144992,48.75539569058079,5.445502077633198,0.0,0.0,-55.83240048344823
I2,1,N7,0.006606743648284828,0.006606743710761285,0.0,0.0,0.0,67.1500005205728,0.0,0.0,-1.8610903556256292e-07,-1.8610903347182128e-07,-68.3511302689458
I2,2,N7,0.006606743710761285,0.0066067437732377525,0.0,0.0,0.0,67.150000533985,0.0,0.0,-1.8610903548081323e-07,-1.8610903396729792e-07,-68.35113026894581
I2,3,N7,0.0066067437732377525,0.006606743835714423,0.0,0.0,0.0,67.15000054257371,0.0,0.0,-1.8610903549110262e-07,-1.8610903398968068e-07,-68.35113026894582
I2,4,N7,0.006606743835714423,0.006606743898191489,0.0,0.0,0.0,67.15000054465393,0.0,0.0,-1.8610903547955857e-07,-1.8610903400472587e-07,-68.35113026894587
I2,5,N7,0.006606743898191489,0.006606743960669143,0.0,0.0,0.0,67.15000053375744,0.0,0.0,-1.8610903550789534e-07,-1.8610903398542622e-07,-68.35113026894591
I2,6,N7,0.006606743960669143,0.006606744023147576,0.0,0.0,0.0,67.15000050857435,0.0,0.0,-1.8610903551991635e-07,-1.8610903398098486e-07,-68.35113026894598
I2,7,N7,0.006606744023147576,0.0066067440856269815,0.0,0.0,0.0,67.15000047027532,0.0,0.0,-1.8610903554897424e-07,-1.8610903396549448e-07,-68.35113026894605
I2,8,N7,0.0066067440856269815,0.006606744148107551,0.0,0.0,0.0,67.15000044791336,0.0,0.0,-1.8610903570527577e-07,-1.8610903333550377e-07,-68.35113026894615
I2,9,N7,0.006606744148107551,0.006606744210589477,0.0,0.0,0.0,67.15000045821756,0.0,0.0,-1.8610903555985665e-07,-1.86109033959726e-07,-68.35113026894625
I2,10,N7,0.006606744210589477,0.006606744544685963,0.0,0.0,0.0,60.00000019595767,0.0,0.0,-1.8610899894824786e-07,-1.861090371617959e-07,-68.35113026894638
I2,11,N7,0.006606744544685963,0.0066067445488388514,0.0,0.0,0.0,70.33422087027884,0.0,0.0,-1.8610902501357368e-07,-1.861090443036256e-07,-68.35113026894643
I2,12,N7,0.0066067445488388514,0.0066067444479594095,0.0,0.0,0.0,74.3101344453895,0.0,0.0,-1.861090275501926e-07,-1.86109032842636e-07,-68.35113026894646
I2,13,N7,0.0066067444479594095,0.006606744347082869,0.0,0.0,0.0,74.31013445800853,0.0,0.0,-1.8610902803781778e-07,-1.8610903252328536e-07,-68.35113026894649
I2,14,N7,0.006606744347082869,0.006606744246132757,0.0,0.0,0.0,74.31013504956539,0.0,0.0,-1.8610901514051508e-07,-1.861090453968535e-07,-68.35113026894652
I2,15,N7,0.006606744246132757,0.006606744145253333,0.0,0.0,0.0,74.310134553651,0.0,0.0,-1.8610902796360526e-07,-1.8610903267857623e-07,-68.35113026894648
I2,16,N7,0.006606744145253333,0.00660674414940626,0.0,0.0,0.0,70.33422109661377,0.0,0.0,-1.861090251579739e-07,-1.8610904351814984e-07,-68.35113026894645
I2,17,N7,0.00660674414940626,0.0066067444835028,0.0,0.0,0.0,60.00000024442338,0.0,0.0,-1.8610899997784817e-07,-1.8610903857356364e-07,-68.35113026894639
I2,18,N7,0.0066067444835028,0.006606744545984792,0.0,0.0,0.0,67.15000056804779,0.0,0.0,-1.8610903572438015e-07,-1.8610903383680953e-07,-68.35113026894626
I2,19,N7,0.006606744545984792,0.006606744608465443,0.0,0.0,0.0,67.15000048683055,0.0,0.0,-1.861090360333818e-07,-1.8610903362798663e-07,-68.35113026894615
I2,20,N7,0.006606744608465443,0.006606744670944945,0.0,0.0,0.0,67.15000044974397,0.0,0.0,-1.861090360711059e-07,-1.8610903361172217e-07,-68.35113026894605
I2,21,N7,0.006606744670944945,0.006606744733423489,0.0,0.0,0.0,67.15000044302042,0.0,0.0,-1.8610903611148593e-07,-1.8610903346677355e-07,-68.35113026894597
I2,22,N7,0.006606744733423489,0.006606744795901268,0.0,0.0,0.0,67.15000045906365,0.0,0.0,-1.861090361139612e-07,-1.861090334557331e-07,-68.3511302689459
I2,23,N7,0.006606744795901268,0.0066067448583784745,0.0,0.0,0.0,67.15000048278355,0.0,0.0,-1.861090361034119e-07,-1.8610903346660907e-07,-68.35113026894585
I2,24,N7,0.0066067448583784745,0.006606744920855301,0.0,0.0,0.0,67.15000050274205,0.0,0.0,-1.8610903610515362e-07,-1.8610903349998788e-07,-68.35113026894582
I2,1,N8,27.800775864144942,25.496461732942358,0.0,2.156837978029678,2.156837978029678,67.15000048750925,144.83167127617133,16.176284835222585,0.0,0.0,-55.83240039875339
I2,2,N8,25.496461732942358,23.23575131368667,0.0,2.116024903647382,2.116024903647382,67.15000049542488,142.0910733282531,15.870186777355366,0.0,0.0,-55.83240040433352
I2,3,N8,23.23575131368667,21.040440322110115,0.0,2.0548110393397154,2.0548110393397154,67.15000050008328,137.98056231923854,15.411082795047866,0.0,0.0,-55.83240040732941
I2,4,N8,21.040440322110115,18.926904270220966,0.0,1.9782696957923052,1.9782696957923052,67.15000050004882,132.84081106168472,14.837022718442288,0.0,0.0,-55.83240040644369
I2,5,N8,18.926904270220966,16.482700348134966,0.0,2.287774822296555,2.287774822296555,67.15000049326963,153.6240804457035,17.158311167224163,0.0,0.0,-55.83240040098225
I2,6,N8,16.482700348134966,13.63791271010533,0.0,2.6627211804198017,2.6627211804198017,67.1500004805276,178.8017285447007,19.970408853148513,0.0,0.0,-55.83240039227861
I2,7,N8,13.63791271010533,10.267533725845668,0.0,3.1546746804911088,3.1546746804911088,67.15000046672138,211.83640626733208,23.660060103683314,0.0,0.0,-55.83240038437056
I2,8,N8,10.267533725845668,6.024460650718826,0.0,3.9715163495427928,3.9715163495427928,67.15000046644855,266.68732472430656,29.786372621570944,0.0,0.0,-55.83240038340061
I2,9,N8,6.024460650718826,2.9590503978385683e-06,0.0,5.638892350625727,5.638892350625727,67.15000048606021,378.6516240853588,42.29169262969295,0.0,0.0,-55.83240038902313
I2,10,N8,2.9590503978385683e-06,2.9175096105348686e-06,0.0,0.0,0.0,60.00000031841393,0.0,0.0,0.0,0.0,-55.8323999049925
I2,11,N8,2.9175096105348686e-06,6.259984177589441,6.688014201020265,0.0,-6.688014201020265,44.759125811874014,-299.3496690550661,50.16010650765199,0.0,0.0,-55.83239942091432
I2,12,N8,6.259984177589441,16.09614296707397,10.508716689686793,0.0,-10.508716689686793,38.89546155778301,-408.7413860253454,78.81537517265095,-5.863664216348471,0.0,-55.832399402725905
I2,13,N8,16.09614296707397,25.932301756558495,10.508716689686791,0.0,-10.508716689686791,38.895461630663384,-408.7413867912245,78.81537517265093,-5.8636641195111014,0.0,-55.83239937713082
I2,14,N8,25.932301756558495,35.76846054998013,10.508716693893097,0.0,-10.508716693893097,38.89546080580654,-408.7413782866439,78.81537520419823,-5.863664913392719,0.0,-55.83239934403764
I2,15,N8,35.76846054998013,45.60461933946465,10.508716689686787,0.0,-10.508716689686787,38.89546152956036,-408.7413857287613,78.8153751726509,-5.863664151642662,0.0,-55.83239930344336
I2,16,N8,45.60461933946465,53.396043733328256,8.324171395233698,0.0,-8.324171395233698,44.75912562952669,-372.5826332409776,62.43128546425274,0.0,0.0,-55.83239925540811
I2,17,N8,53.396043733328256,53.39604369178747,0.0,0.0,0.0,60.00000037416472,0.0,0.0,0.0,0.0,-55.83239989128344
I2,18,N8,53.39604369178747,47.76913090755218,0.0,5.266790317268308,5.266790317268308,67.1500006468292,353.66497321128065,39.50092737951231,0.0,0.0,-55.832400527120996
I2,19,N8,47.76913090755218,42.7363485488897,0.0,4.710684238932151,4.710684238932151,67.15000055205047,316.3224492448294,35.330131791991136,0.0,0.0,-55.832400466935816
I2,20,N8,42.7363485488897,38.426353085217286,0.0,4.03415570522144,4.03415570522144,67.15000049471706,270.89355760138534,30.2561677891608,0.0,0.0,-55.832400419462566
I2,21,N8,38.426353085217286,35.29858069740411,0.0,2.9275949062171933,2.9275949062171933,67.15000046780621,196.5879993220316,21.95696179662895,0.0,0.0,-55.83240039178384
I2,22,N8,35.29858069740411,32.64011998418434,0.0,2.4883191787977674,2.4883191787977674,67.15000046217004,167.09063400629665,18.662393840983256,0.0,0.0,-55.8324003810335
I2,23,N8,32.64011998418434,30.17190210959995,0.0,2.310251881835047,2.310251881835047,67.15000046738496,155.13341494500037,17.326889113762853,0.0,0.0,-55.83240038105531
I2,24,N8,30.17190210959995,27.800775906950147,0.0,2.2193740769042782,2.2193740769042782,67.15000047619942,149.03097032098694,16.645305576782086,0.0,0.0,-55.83240038608888
I2,1,N9,0.004103540193813831,0.003778232358753658,0.0,0.0003044393690721284,0.0003044393690721284,67.15000051713437,0.020443103790629486,0.002283295268040963,-6.132311127849877e-07,-7.042896480917671e-07,-55.83240431827659
I2,2,N9,0.003778232358753658,0.0034527024324957456,0.0,0.00030464724646822274,0.00030464724646822274,67.15000052695481,0.02045706276087649,0.0022848543485116707,-6.132311137161439e-07,-7.045436388005742e-07,-55.832404316324094
I2,3,N9,0.0034527024324957456,0.0031220817046716306,0.0,0.00030941223711618526,0.00030941223711618526,67.1500005325078,0.02077703188711627,0.0023205917783713894,-6.132311135555653e-07,-7.058616730720553e-07,-55.83240426293505
I2,4,N9,0.0031220817046716306,0.0027807088033881436,0.0,0.00031947627225634547,0.00031947627225634547,67.15000053208173,0.021452831852001086,0.0023960720419225912,-6.132311123126899e-07,-7.083500192750923e-07,-55.832404155602326
I2,5,N9,0.0027807088033881436,0.002420979939592035,0.0,0.00033665745447725447,0.00033665745447725447,67.15000052257358,0.022606548244075927,0.0025249309085794086,-6.132311108902374e-07,-7.122362874322163e-07,-55.83240398901109
I2,6,N9,0.002420979939592035,0.0020310726026653713,0.0,0.0003649045074331103,0.0003649045074331103,67.15000050406051,0.024503337858067308,0.002736783805748327,-6.132311082954558e-07,-7.180682035333641e-07,-55.83240375388423
I2,7,N9,0.0020310726026653713,0.001588949830732946,0.0,0.0004137781581233661,0.0004137781581233661,67.15000047947281,0.02778520351637941,0.0031033361859252456,-6.132311047733822e-07,-7.269335391289196e-07,-55.83240343449067
I2,8,N9,0.001588949830732946,0.0010405475608227612,0.0,0.0005132557749738993,0.0005132557749738993,67.15000046375567,0.034465125527522615,0.003849418312304245,-6.132311077746567e-07,-7.411452608953865e-07,-55.832403003290786
I2,9,N9,0.0010405475608227612,0.00017098924087180896,0.0,0.0008138578564608959,0.0008138578564608959,67.15000046525005,0.05465055543999656,0.006103933923456719,-6.132310937034271e-07,-7.586057680480318e-07,-55.83240241093709
I2,10,N9,0.00017098924087180896,0.0001709480967092888,0.0,0.0,0.0,60.00000019593128,0.0,0.0,-6.132310239252905e-07,-6.132309403993164e-07,-55.83240174973107
I2,11,N9,0.0001709480967092888,0.00017090767829553664,0.0,0.0,0.0,48.99363549041398,0.0,0.0,-6.132308026039231e-07,-6.132310070037871e-07,-55.83240108448302
I2,12,N9,0.00017090767829553664,0.0019453051997819844,0.0018957568861597508,0.0,-0.0018957568861597508,44.75912604025176,-0.0848524214092995,0.01421817664619813,-1.6013491345290229e-06,-6.132310659200635e-07,-55.83240042705355
I2,13,N9,0.0019453051997819844,0.003698103812739045,0.0018726811174233746,0.0,-0.0018726811174233746,44.75912604913834,-0.08381957018459406,0.01404510838067531,-1.3866883296497769e-06,-6.132310716472869e-07,-55.83240014922045
I2,14,N9,0.003698103812739045,0.005643289091782275,0.00207822242767716,0.0,-0.00207822242767716,44.75912543599066,-0.09301941832429103,0.0155866682075787,-1.8003940004640495e-06,-6.132309340485884e-07,-55.832400123154834
I2,15,N9,0.005643289091782275,0.007414952748447228,0.0018928360907018312,0.0,-0.0018928360907018312,44.759126001993835,-0.08472168908484469,0.014196270680263735,-1.6141197375883282e-06,-6.132310651904268e-07,-55.832400401349105
I2,16,N9,0.007414952748447228,0.007414912329725685,0.0,0.0,0.0,48.99363537502157,0.0,0.0,-6.132308019724236e-07,-6.132310065724576e-07,-55.83240106436353
I2,17,N9,0.007414912329725685,0.007414871185176542,0.0,0.0,0.0,60.000000244394926,0.0,0.0,-6.132310240781013e-07,-6.132309486099122e-07,-55.832401735082726
I2,18,N9,0.007414871185176542,0.006539691064519987,0.0,0.000819119861499813,0.000819119861499813,67.15000056916547,0.055003899165927184,0.006143398961248598,-6.132310949690651e-07,-7.653360942759178e-07,-55.83240240185371
I2,19,N9,0.006539691064519987,0.00598668869541636,0.0,0.0005175614675772865,0.0005175614675772865,67.1500005118432,0.03475425281272511,0.0038817110068296488,-6.132311064340528e-07,-7.44133326859536e-07,-55.832402988388964
I2,20,N9,0.00598668869541636,0.005540578740928516,0.0,0.0004175101608811492,0.0004175101608811492,67.15000047909176,0.028035807503194843,0.003131326206608619,-6.132311109361132e-07,-7.277640606457991e-07,-55.832403412037245
I2,21,N9,0.005540578740928516,0.005146908828935667,0.0,0.0003684262776765853,0.0003684262776765853,67.15000046772914,0.02473982471830641,0.00276319708257439,-6.132311145129218e-07,-7.178994749245436e-07,-55.83240372482029
I2,22,N9,0.005146908828935667,0.004783450467012423,0.0,0.0003401482647851667,0.0003401482647851667,67.15000047335107,0.02284095614133349,0.00255111198588875,-6.132311137366485e-07,-7.118882136986668e-07,-55.83240395451055
I2,23,N9,0.004783450467012423,0.004438246867684871,0.0,0.00032306180575811244,0.00032306180575811244,67.15000048697998,0.02169360041398188,0.0024229635431858433,-6.132311156111476e-07,-7.082313019775709e-07,-55.83240411650909
I2,24,N9,0.004438246867684871,0.004103582986512576,0.0,0.000313196628851985,0.000313196628851985,67.15000050095045,0.021031153784306787,0.0023489747163898873,-6.132311176703324e-07,-7.061448521418765e-07,-55.83240421968748
I4,1,N3,31.657077890475446,29.094738240086507,0.0,2.398349863988107,2.398349863988107,67.15000058954799,161.0491947807437,17.9876239799108,0.0,0.0,-55.83240049358303
I4,2,N3,29.094738240086507,26.593614105997567,0.0,2.341052140731308,2.341052140731308,67.15000059485601,157.20165264269625,17.55789105548481,0.0,0.0,-55.83240049771486
I4,3,N3,26.593614105997567,24.187559191193106,0.0,2.252067351481035,2.252067351481035,67.15000059794257,151.22632399855846,16.890505136107762,0.0,0.0,-55.832400499767054
I4,4,N3,24.187559191193106,21.901086658748934,0.0,2.140138241591808,2.140138241591808,67.15000059790682,143.71028420249317,16.051036811938562,0.0,0.0,-55.832400498883835
I4,5,N3,21.901086658748934,19.23406895472518,0.0,2.496328522190291,2.496328522190291,67.15000059296666,167.62846174531765,18.722463916427184,0.0,0.0,-55.83240049429865
I4,6,N3,19.23406895472518,16.11875283934714,0.0,2.9159358352179097,2.9159358352179097,67.15000058305736,195.8050930350405,21.869518764134323,0.0,0.0,-55.832400486357216
I4,7,N3,16.11875283934714,12.457536147614176,0.0,3.426898774686119,3.426898774686119,67.15000056962653,230.11625467222532,25.701740810145893,0.0,0.0,-55.832400476945224
I4,8,N3,12.457536147614176,7.7867500972592225,0.0,4.371855694356301,4.371855694356301,67.1500005611161,293.57011232914425,32.78891770767226,0.0,0.0,-55.83240047008944
I4,9,N3,7.7867500972592225,0.00021222710542735535,0.0,7.28819939768802,7.28819939768802,67.15000056207715,489.4025936512809,54.66149548266015,0.0,0.0,-55.832400467514454
I4,10,N3,0.00021222710542735535,0.00021218604649401413,0.0,0.0,0.0,60.00000019593128,0.0,0.0,0.0,0.0,-55.832400206188275
I4,11,N3,0.00021218604649401413,0.0002121458483425584,0.0,0.0,0.0,48.99363549041398,0.0,0.0,0.0,0.0,-55.83239994485905
I4,12,N3,0.0002121458483425584,0.9665544036255647,1.0324169747337149,0.0,-1.0324169747337149,44.75912604084303,-46.210081498812194,7.743127310502861,0.0,0.0,-55.83239968352961
I4,13,N3,0.9665544036255647,22.623304506298396,23.13755356116064,0.0,-23.13755356116064,44.75912604675307,-1035.6166762574894,173.5316517087048,0.0,0.0,-55.8323996813139
I4,14,N3,22.623304506298396,50.33360585638942,29.605022842590323,0.0,-29.605022842590323,44.75912544585936,-1325.0949312390321,222.03767131942743,-5.936830364873038e-07,0.0,-55.83239967084759
I4,15,N3,50.33360585638942,59.51168794550157,9.805643290262473,0.0,-9.805643290262473,44.759126012040774,-438.89202365798013,73.54232467696855,0.0,0.0,-55.832399639378686
I4,16,N3,59.51168794550157,59.51168790530342,0.0,0.0,0.0,48.993635375021576,0.0,0.0,0.0,0.0,-55.83239993563575
I4,17,N3,59.51168790530342,59.511687864244486,0.0,0.0,0.0,60.000000244394926,0.0,0.0,0.0,0.0,-55.83240023188931
I4,18,N3,59.511687864244486,51.90777384491631,0.0,7.117263473315233,7.117263473315233,67.1500006155079,477.9242466138498,53.379476049864245,0.0,0.0,-55.8324005281416
I4,19,N3,51.90777384491631,47.202379780771665,0.0,4.404248795263458,4.404248795263458,67.15000058475749,295.74530917735865,33.031865964475934,0.0,0.0,-55.83240049768315
I4,20,N3,47.202379780771665,43.36857354508141,0.0,3.5884425878301447,3.5884425878301447,67.15000056768966,240.96392180991597,26.913319408726085,0.0,0.0,-55.832400479822084
I4,21,N3,43.36857354508141,40.0397049966801,0.0,3.1158209125276874,3.1158209125276874,67.15000056225384,209.22737602811648,23.368656843957655,0.0,0.0,-55.83240047240348
I4,22,N3,40.0397049966801,37.08167808908234,0.0,2.7687131367355686,2.7687131367355686,67.15000056592501,185.91908869867746,20.765348525516764,0.0,0.0,-55.832400472756774
I4,23,N3,37.08167808908234,34.31347920400712,0.0,2.5910341076544596,2.5910341076544596,67.15000057371192,173.98794181550412,19.432755807408448,0.0,0.0,-55.83240047735583
I4,24,N3,34.31347920400712,31.657077933280647,0.0,2.486391540624041,2.486391540624041,67.15000058144992,166.9611933986165,18.647936554680307,0.0,0.0,-55.83240048313995
I4,1,N8,81.75380435653481,75.33501488254143,0.0,6.0079868988818514,6.0079868988818514,67.15000048750925,403.43632318886546,45.059901741613885,0.0,0.0,-55.832400398810144
I4,2,N8,75.33501488254143,69.24863897131652,0.0,5.696847804130585,5.696847804130585,67.15000049542488,382.54333286972894,42.72635853097939,0.0,0.0,-55.832400404360605
I4,3,N8,69.24863897131652,63.76960881980897,0.0,5.128372173035123,5.128372173035123,67.15000050008328,344.3701939839217,38.462791297763424,0.0,0.0,-55.83240040734139
I4,4,N8,63.76960881980897,59.0159531966005,0.0,4.449421614547194,4.449421614547194,67.15000050004882,298.7786636417721,33.370662109103954,0.0,0.0,-55.83240040644724
I4,5,N8,59.0159531966005,52.703014841635145,0.0,5.90891025147163,5.90891025147163,67.15000049326963,396.7833263010059,44.31682688603723,0.0,0.0,-55.83240040098117
I4,6,N8,52.703014841635145,44.318255847913534,0.0,7.8481343693474965,7.8481343693474965,67.1500004805276,527.0022266729295,58.86100777010623,0.0,0.0,-55.832400392276526
I4,7,N8,44.318255847913534,33.37941735578888,0.0,10.238752779852742,10.238752779852742,67.15000046672138,687.5322539457565,76.79064584889556,0.0,0.0,-55.83240038437323
I4,8,N8,33.37941735578888,18.845020932045106,0.0,13.604195003848249,13.604195003848249,67.15000046644855,913.5217008540669,102.03146252886187,0.0,0.0,-55.83240038341902
I4,9,N8,18.845020932045106,2.9589967632815133e-06,0.0,17.63893677399733,17.63893677399733,67.15000048606021,1184.454612947506,132.29202580497997,0.0,0.0,-55.83240038908239
I4,10,N8,2.9589967632815133e-06,2.917455975950695e-06,0.0,0.0,0.0,60.00000031841393,0.0,0.0,0.0,0.0,-55.8323999232554
I4,11,N8,2.917455975950695e-06,4.451795685490708,4.75618888900627,0.0,-4.75618888900627,44.759125811874014,-212.88285686806893,35.67141666754703,0.0,0.0,-55.832399457379836
I4,12,N8,4.451795685490708,45.15573662900734,43.487116426900585,0.0,-43.487116426900585,38.89546155778301,-1691.4514652413457,326.1533732017544,-5.863664305824469,0.0,-55.832399471407356
I4,13,N8,45.15573662900734,85.85967757252399,43.487116426900585,0.0,-43.487116426900585,38.895461630663384,-1691.451468410703,326.1533732017544,-5.8636642171108075,0.0,-55.832399454491444
I4,14,N8,85.85967757252399,126.56361851997772,43.48711643110689,0.0,-43.48711643110689,38.89546080580654,-1691.4514327036638,326.1533732333017,-5.863664996941669,0.0,-55.83239940638678
I4,15,N8,126.56361851997772,167.26755946349436,43.48711642690058,0.0,-43.48711642690058,38.89546152956036,-1691.4514640140237,326.15337320175433,-5.86366419896732,0.0,-55.832399327091316
I4,16,N8,167.26755946349436,178.48242444245062,11.981693387854067,0.0,-11.981693387854067,44.75912562952669,-536.2901196014295,89.8627004089055,0.0,0.0,-55.83239921668251
I4,17,N8,178.48242444245062,178.48242440090985,0.0,0.0,0.0,60.00000037416472,0.0,0.0,0.0,0.0,-55.83239989890641
I4,18,N8,178.48242440090985,164.8834456840704,0.0,12.728644030185778,12.728644030185778,67.1500006468292,854.7284548602337,95.46483022639333,0.0,0.0,-55.83240058110012
I4,19,N8,164.8834456840704,139.48467591751918,0.0,23.773248452716015,23.773248452716015,67.15000055205047,1596.3736467239135,178.2993633953701,0.0,0.0,-55.83240048640654
I4,20,N8,139.48467591751918,113.62859994339141,0.0,24.201287063007683,24.201287063007683,67.15000049471706,1625.1164382537556,181.50965297255763,0.0,0.0,-55.83240042652157
I4,21,N8,113.62859994339141,102.85323671083773,0.0,10.085739936894287,10.085739936894287,67.15000046780621,677.2574414806231,75.64304952670714,0.0,0.0,-55.832400394379476
I4,22,N8,102.85323671083773,95.18091528344613,0.0,7.181292807262616,7.181292807262616,67.15000046217004,482.22381532666304,53.859696054469616,0.0,0.0,-55.83240038202131
I4,23,N8,95.18091528344613,88.29897748529561,0.0,6.4414937302929385,6.4414937302929385,67.15000046738496,432.54630699982806,48.31120297719704,0.0,0.0,-55.83240038141545
I4,24,N8,88.29897748529561,81.75380439934001,0.0,6.126281959678502,6.126281959678502,67.15000047619942,411.3798365097433,45.94711469758876,0.0,0.0,-55.83240038627525
I4,1,N9,0.007228340766707633,0.00666559442317278,0.0,0.0005266818012872682,0.0005266818012872682,67.15000051713437,0.035366683228805325,0.003950113509654511,-2.0377367505352557e-07,-2.2319669919397298e-07,-55.832402608331215
I4,2,N9,0.00666559442317278,0.00610241858942324,0.0,0.0005270838041391599,0.0005270838041391599,67.15000052695481,0.035393677725693934,0.0039531285310437,-2.0377367489467113e-07,-2.232929001158023e-07,-55.83240260673248
I4,3,N9,0.00610241858942324,0.0055302225966569665,0.0,0.0005355266730911369,0.0005355266730911369,67.1500005325078,0.035960616383241974,0.004016450048183527,-2.037736747477743e-07,-2.2363880812283198e-07,-55.83240257352439
I4,4,N9,0.0055302225966569665,0.004938987474313586,0.0,0.0005533472986014471,0.0005533472986014471,67.15000053208173,0.03715727139551316,0.0041501047395108535,-2.037736745738886e-07,-2.2426386807294439e-07,-55.832402506809366
I4,5,N9,0.004938987474313586,0.0043151724865759696,0.0,0.0005838420529794909,0.0005838420529794909,67.15000052257358,0.03920499416267324,0.0043788153973461814,-2.0377367443094232e-07,-2.252315727034626e-07,-55.83240240254872
I4,6,N9,0.0043151724865759696,0.0036375767334032305,0.0,0.0006341808499990664,0.0006341808499990664,67.15000050406051,0.04258524439710283,0.004756356374992998,-2.0377367424152013e-07,-2.267226556015748e-07,-55.83240225344813
I4,7,N9,0.0036375767334032305,0.0028661757244587017,0.0,0.000721982570312175,0.000721982570312175,67.15000047947281,0.04848112994263356,0.005414869277341312,-2.0377367402349954e-07,-2.2916965162164898e-07,-55.83240204623214
I4,8,N9,0.0028661757244587017,0.0018999067945804503,0.0,0.000904378945932536,0.000904378945932536,67.15000046375567,0.06072904663878066,0.00678284209449402,-2.0377367383172835e-07,-2.3389993006165498e-07,-55.83240175413925
I4,9,N9,0.0018999067945804503,0.0001498269271474748,0.0,0.0016380259876116784,0.0016380259876116784,67.15000046525005,0.10999344583021586,0.012285194907087588,-2.037736732520906e-07,-2.444479876728842e-07,-55.832401308906384
I4,10,N9,0.0001498269271474748,0.00014978587066034391,0.0,0.0,0.0,60.00000019593128,0.0,0.0,-2.037736628373338e-07,-2.037736568819142e-07,-55.83240071370772
I4,11,N9,0.00014978587066034391,0.0001497456678839677,0.0,0.0,0.0,48.99363549041398,0.0,0.0,-2.0377363913834552e-07,-2.0377366662375463e-07,-55.832400115931534
I4,12,N9,0.0001497456678839677,0.0029907465596531397,0.0030352900356756464,0.0,-0.0030352900356756464,44.75912604025176,-0.1358569292755265,0.02276467526756735,-3.5444532471276756e-07,-2.0377367563699318e-07,-55.83239952231109
I4,13,N9,0.0029907465596531397,0.0049410179180299765,0.0020836559118824717,0.0,-0.0020836559118824717,44.75912604913834,-0.09326261760297984,0.01562741933911854,-3.0162970858535825e-07,-2.0377367688562273e-07,-55.832399296193856
I4,14,N9,0.0049410179180299765,0.010612812513762851,0.006059642273767401,0.0,-0.006059642273767401,44.75912543599066,-0.2712242886287868,0.045447317053255505,-4.2112635245906895e-07,-2.037736608747293e-07,-55.832399216439505
I4,15,N9,0.010612812513762851,0.013233764919271921,0.0028001954982863585,0.0,-0.0028001954982863585,44.759126001993835,-0.12533430313801502,0.021001466237147687,-3.4606356623787314e-07,-2.0377367606456977e-07,-55.832399451050996
I4,16,N9,0.013233764919271921,0.013233724716925323,0.0,0.0,0.0,48.99363537502157,0.0,0.0,-2.0377363755278412e-07,-2.0377366687076352e-07,-55.83240007621057
I4,17,N9,0.013233724716925323,0.013233683660492594,0.0,0.0,0.0,60.000000244394926,0.0,0.0,-2.0377366258973994e-07,-2.037736584038641e-07,-55.83240070545987
I4,18,N9,0.013233683660492594,0.011470612658683009,0.0,0.0016501856891093076,0.0016501856891093076,67.15000056916547,0.11080996996291871,0.012376392668319807,-2.037736731263172e-07,-2.48046278657852e-07,-55.83240133240816
I4,19,N9,0.011470612658683009,0.010497189543376558,0.0,0.000911075263375174,0.000911075263375174,67.1500005118432,0.06117870440197062,0.0068330644753138055,-2.0377367359844533e-07,-2.3474101614848734e-07,-55.83240176314819
I4,20,N9,0.010497189543376558,0.009719281299399814,0.0,0.0007280733422454544,0.0007280733422454544,67.15000047909176,0.0488901252805962,0.005460550066840908,-2.0377367365646108e-07,-2.2920557899162001e-07,-55.83240204383776
I4,21,N9,0.009719281299399814,0.009035430204224098,0.0,0.0006400358500948181,0.0006400358500948181,67.15000046772914,0.04297840763323045,0.0048002688757111354,-2.0377367364617143e-07,-2.26432629207689e-07,-55.832402242817075
I4,22,N9,0.009035430204224098,0.008405330403081564,0.0,0.0005897246383359979,0.0005897246383359979,67.15000047335107,0.03960000974340905,0.004422934787519984,-2.0377367349050832e-07,-2.2491151723805233e-07,-55.8324023859662
I4,23,N9,0.008405330403081564,0.007807556660811306,0.0,0.0005594674468867441,0.0005594674468867441,67.15000048697998,0.03756823933089431,0.004196005851650581,-2.037736732704892e-07,-2.2405232124904727e-07,-55.83240248572225
I4,24,N9,0.007807556660811306,0.007228383572158983,0.0,0.0005420572348966725,0.0005420572348966725,67.15000050095045,0.036399143594855375,0.004065429261725044,-2.037736729645467e-07,-2.2359026840032783e-07,-55.83240254873063
I1,1,N3,8.236896348284972,7.576643865349716,0.0,0.6179962752514576,0.6179962752514576,67.15000058954799,41.49845024747384,4.6349720643859325,0.0,0.0,-55.83240049406037
I1,2,N3,7.576643865349716,6.920154789521417,0.0,0.6144737261993459,0.6144737261993459,67.15000059485601,41.261911079809465,4.608552946495094,0.0,0.0,-55.83240049819701
I1,3,N3,6.920154789521417,6.2628583036442595,0.0,0.6152294620050787,0.6152294620050787,67.15000059794257,41.31265874151291,4.61422096503809,0.0,0.0,-55.83240050026259
I1,4,N3,6.2628583036442595,5.599535113494075,0.0,0.6208704572046316,0.6208704572046316,67.15000059790682,41.6914515725137,4.656528429034737,0.0,0.0,-55.83240049938982
I1,5,N3,5.599535113494075,4.880050803528139,0.0,0.673437265352176,0.673437265352176,67.15000059296666,45.22131276772446,5.05077949014132,0.0,0.0,-55.83240049480434
I1,6,N3,4.880050803528139,4.083736361934858,0.0,0.7453502685553718,0.7453502685553718,67.15000058305736,50.050270968075175,5.590127014165288,0.0,0.0,-55.83240048684405
I1,7,N3,4.083736361934858,3.1695805146079605,0.0,0.8556498243220381,0.8556498243220381,67.15000056962653,57.456886190625696,6.417373682415286,0.0,0.0,-55.832400477382755
I1,8,N3,3.1695805146079605,2.015789801876952,0.0,1.0799480583402885,1.0799480583402885,67.1500005611161,72.51851272352661,8.099610437552164,0.0,0.0,-55.83240047042328
I1,9,N3,2.015789801876952,0.00021230580425539412,0.0,1.886580487548111,1.886580487548111,67.15000056207715,126.68388079925944,14.149353656610831,0.0,0.0,-55.8324004676261
I1,10,N3,0.00021230580425539412,0.00021226474532164258,0.0,0.0,0.0,60.00000019593128,0.0,0.0,0.0,0.0,-55.832400206442266
I1,11,N3,0.00021226474532164258,0.00021222454716970086,0.0,0.0,0.0,48.99363549041398,0.0,0.0,0.0,0.0,-55.83239994525538
I1,12,N3,0.00021222454716970086,0.9974848274570914,1.0654622152601039,0.0,-1.0654622152601039,44.75912604084303,-47.689157584582816,7.990966614450779,0.0,0.0,-55.832399684068285
I1,13,N3,0.9974848274570914,5.3808985840530275,4.683134388001568,0.0,-4.683134388001568,44.75912604675307,-209.61300236644595,35.12350791001176,0.0,0.0,-55.83239968221254
I1,14,N3,5.3808985840530275,11.357189413110566,6.384926132084469,0.0,-6.384926132084469,44.75912544585936,-285.7837097085143,47.886945990633514,-5.774963332587229e-07,0.0,-55.8323996723862
I1,15,N3,11.357189413110566,15.289646630380206,4.201343213507662,0.0,-4.201343213507662,44.759126012040774,-188.04845031322176,31.510074101307463,0.0,0.0,-55.832399658392625
I1,16,N3,15.289646630380206,15.289646590182057,0.0,0.0,0.0,48.993635375021576,0.0,0.0,0.0,0.0,-55.83239994204121
I1,17,N3,15.289646590182057,15.289646549123125,0.0,0.0,0.0,60.000000244394926,0.0,0.0,0.0,0.0,-55.832400225688204
I1,18,N3,15.289646549123125,13.27575520377065,0.0,1.8850022504739838,1.8850022504739838,67.1500006155079,126.5779022795618,14.137516878554878,0.0,0.0,-55.832400509332885
I1,19,N3,13.27575520377065,12.112606740029658,0.0,1.088706913285632,1.088706913285632,67.15000058475749,73.1066698637597,8.16530184964224,0.0,0.0,-55.83240049127101
I1,20,N3,12.112606740029658,11.181834318377136,0.0,0.8712029378908225,0.8712029378908225,67.15000056768966,58.50127777394163,6.534022034181168,0.0,0.0,-55.832400477902475
I1,21,N3,11.181834318377136,10.366461130504488,0.0,0.7631892550728612,0.7631892550728612,67.15000056225384,51.248158907248715,5.723919413046459,0.0,0.0,-55.832400472122885
I1,22,N3,10.366461130504488,9.62179316299744,0.0,0.6970091688106569,0.6970091688106569,67.15000056592501,46.80416608009053,5.227568766079926,0.0,0.0,-55.832400473065945
I1,23,N3,9.62179316299744,8.917609654154763,0.0,0.6591157155008036,0.6591157155008036,67.15000057371192,44.259620674021505,4.943367866256027,0.0,0.0,-55.83240047785389
I1,24,N3,8.917609654154763,8.236896391090177,0.0,0.637147565452512,0.637147565452512,67.15000058144992,42.78445939060558,4.77860674089384,0.0,0.0,-55.83240048365202
I1,1,N8,68.16138510781283,62.73014012394561,0.0,5.083645256123781,5.083645256123781,67.15000048750925,341.36678142703596,38.12733942092835,0.0,0.0,-55.832400398832206
I1,2,N8,62.73014012394561,57.539604418644785,0.0,4.858341371385634,4.858341371385634,67.15000049542488,326.2376254954885,36.43756028539225,0.0,0.0,-55.83240040439313
I1,3,N8,57.539604418644785,52.78633168254664,0.0,4.449063232211921,4.449063232211921,67.15000050008328,298.7545982679326,33.3679742415894,0.0,0.0,-55.83240040737747
I1,4,N8,52.78633168254664,48.570690183323805,0.0,3.9458403944966394,3.9458403944966394,67.15000050004882,264.9631844635622,29.593802958724794,0.0,0.0,-55.832400406483465
I1,5,N8,48.570690183323805,43.1392531356159,0.0,5.08382502787865,5.08382502787865,67.15000049326963,341.3788531297478,38.128687709089874,0.0,0.0,-55.83240040101579
I1,6,N8,43.1392531356159,36.15516944634269,0.0,6.537102284383793,6.537102284383793,67.1500004805276,438.96642153762974,49.02826713287845,0.0,0.0,-55.832400392308166
I1,7,N8,36.15516944634269,27.275329260106773,0.0,8.311530365540882,8.311530365540882,67.15000046672138,558.1192679252391,62.33647774155662,0.0,0.0,-55.83240038440002
I1,8,N8,27.275329260106773,15.641045020977717,0.0,10.889689999048866,10.889689999048866,67.15000046644855,731.2426885156113,81.67267499286649,0.0,0.0,-55.83240038343776
I1,9,N8,15.641045020977717,2.9589990942562413e-06,0.0,14.64001532123607,14.64001532123607,67.15000048606021,983.077035936931,109.80011490927053,0.0,0.0,-55.83240038908641
I1,10,N8,2.9589990942562413e-06,2.9174583069243253e-06,0.0,0.0,0.0,60.00000031841393,0.0,0.0,0.0,0.0,-55.832399917862055
I1,11,N8,2.9174583069243253e-06,4.587588555495569,4.901266741573075,0.0,-4.901266741573075,44.759125811874014,-219.37641472362304,36.75950056179806,0.0,0.0,-55.832399446589406
I1,12,N8,4.587588555495569,36.34501575909883,33.92887525177945,0.0,-33.92887525177945,38.89546155778301,-1319.679263054403,254.4665643883459,-5.863664279545315,0.0,-55.83239945115148
I1,13,N8,36.34501575909883,68.10244296270209,33.92887525177945,0.0,-33.92887525177945,38.895461630663384,-1319.6792655271522,254.4665643883459,-5.863664188378451,0.0,-55.83239943161463
I1,14,N8,68.10244296270209,99.85987017024246,33.92887525598576,0.0,-33.92887525598576,38.89546080580654,-1319.6792377042934,254.4665644198932,-5.863664972179823,0.0,-55.832399387751956
I1,15,N8,99.85987017024246,131.6172973738457,33.928875251779445,0.0,-33.928875251779445,38.89546152956036,-1319.67926209684,254.46656438834583,-5.863664184598768,0.0,-55.832399319560444
I1,16,N8,131.6172973738457,143.1300648135332,12.299965247609649,0.0,-12.299965247609649,44.75912562952669,-550.5356897565727,92.24973935707237,0.0,0.0,-55.83239922710722
I1,17,N8,143.1300648135332,143.1300647719924,0.0,0.0,0.0,60.00000037416472,0.0,0.0,0.0,0.0,-55.83239989651265
I1,18,N8,143.1300647719924,131.0413031255421,0.0,11.315080852301573,11.315080852301573,67.1500006468292,759.8076865509753,84.8631063922618,0.0,0.0,-55.83240056588577
I1,19,N8,131.0413031255421,112.54579694255987,0.0,17.31179373849545,17.31179373849545,67.15000055205047,1162.4869590969533,129.83845303871587,0.0,0.0,-55.83240048092197
I1,20,N8,112.54579694255987,94.63941665891652,0.0,16.760371896714236,16.760371896714236,67.15000049471706,1125.458981156003,125.70278922535677,0.0,0.0,-55.83240042452232
I1,21,N8,94.63941665891652,85.99149526217087,0.0,8.094454378577984,8.094454378577984,67.15000046780621,543.5426153081477,60.70840783933488,0.0,0.0,-55.8324003935972
I1,22,N8,85.99149526217087,79.54436103196876,0.0,6.034517590693241,6.034517590693241,67.15000046217004,405.2178590040244,45.25888193019931,0.0,0.0,-55.83240038158202
I1,23,N8,79.54436103196876,73.71571684360215,0.0,5.455610911535201,5.455610911535201,67.15000046738496,366.3442752594592,40.91708183651401,0.0,0.0,-55.832400381295386
I1,24,N8,73.71571684360215,68.16138515061803,0.0,5.198854415857196,5.198854415857196,67.15000047619942,349.10307650050214,38.991408118928966,0.0,0.0,-55.83240038624538
I1,1,N9,32.088604152961,29.492211440578345,0.0,2.430223530014221,2.430223530014221,67.15000051713437,163.18951129720708,18.226676475106657,0.0,0.0,-55.83240042558709
I1,2,N9,29.492211440578345,26.959959937794807,0.0,2.3701873578294497,2.3701873578294497,67.15000052695481,159.15808232722918,17.776405183720872,0.0,0.0,-55.83240043289117
I1,3,N9,26.959959937794807,24.52631315547019,0.0,2.2778933394798946,2.2778933394798946,67.1500005325078,152.9605389590709,17.08420004609921,0.0,0.0,-55.832400436444644
I1,4,N9,24.52631315547019,22.216016957396967,0.0,2.1624371926205948,2.1624371926205948,67.15000053208173,145.20765863506628,16.21827894465446,0.0,0.0,-55.8324004346214
I1,5,N9,22.216016957396967,19.517547460234844,0.0,2.5257674005678066,2.5257674005678066,67.15000052257358,169.6052822680275,18.94325550425855,0.0,0.0,-55.83240042607482
I1,6,N9,19.517547460234844,16.358307516662826,0.0,2.957048538407468,2.957048538407468,67.15000050406051,198.56581084459287,22.177864038056008,0.0,0.0,-55.83240041153297
I1,7,N9,16.358307516662826,12.630066311079133,0.0,3.4896337196504,3.4896337196504,67.15000047947281,234.32890594770885,26.172252897378,0.0,0.0,-55.83240039453308
I1,8,N9,12.630066311079133,7.864018265753136,0.0,4.461020921649203,4.461020921649203,67.15000046375567,299.5575569575677,33.45765691236902,0.0,0.0,-55.83240038234205
I1,9,N9,7.864018265753136,0.0002121448383924322,0.0,7.360522480400276,7.360522480400276,67.15000046525005,494.2590879833619,55.203918603002066,0.0,0.0,-55.83240037829132
I1,10,N9,0.0002121448383924322,0.00021210377946584682,0.0,0.0,0.0,60.00000019593128,0.0,0.0,0.0,0.0,-55.83240014634316
I1,11,N9,0.00021210377946584682,0.00021206358131835448,0.0,0.0,0.0,48.99363549041398,0.0,0.0,0.0,0.0,-55.832399914391324
I1,12,N9,0.00021206358131835448,0.9858012710813407,1.0529799552067909,0.0,-1.0529799552067909,44.75912604025176,-47.130462532959406,7.897349664050932,0.0,0.0,-55.83239968244043
I1,13,N9,0.9858012710813407,22.881065850249378,23.392376719809366,0.0,-23.392376719809366,44.75912604913834,-1047.0223381908766,175.44282539857025,0.0,0.0,-55.83239967995653
I1,14,N9,22.881065850249378,49.615308794981274,28.56222540096733,0.0,-28.56222540096733,44.75912543599066,-1278.4202294529352,214.21669050725495,-5.97963799545638e-07,0.0,-55.83239966573445
I1,15,N9,49.615308794981274,60.415390138764934,11.538548476877331,0.0,-11.538548476877331,44.759126001993835,-516.4553451566665,86.53911357657998,0.0,0.0,-55.83239963124071
I1,16,N9,60.415390138764934,60.41539009856678,0.0,0.0,0.0,48.99363537502157,0.0,0.0,0.0,0.0,-55.83239991221987
I1,17,N9,60.41539009856678,60.41539005750786,0.0,0.0,0.0,60.000000244394926,0.0,0.0,0.0,0.0,-55.8324001931961
I1,18,N9,60.41539005750786,52.76154927485511,0.0,7.1639949237870475,7.1639949237870475,67.15000056916547,481.0622632097988,53.72996192840286,0.0,0.0,-55.83240047417074
I1,19,N9,52.76154927485511,47.95218539999692,0.0,4.501564538091334,4.501564538091334,67.1500005118432,302.2800610369283,33.76173403568501,0.0,0.0,-55.83240043086673
I1,20,N9,47.95218539999692,44.016272651644655,0.0,3.684014283681782,3.684014283681782,67.15000047909176,247.38156091421254,27.630107127613364,0.0,0.0,-55.832400401800044
I1,21,N9,44.016272651644655,40.6042213177115,0.0,3.1936799997854965,3.1936799997854965,67.15000046772914,214.4556134793733,23.952599998391225,0.0,0.0,-55.83240038878831
I1,22,N9,40.6042213177115,37.5914916568276,0.0,2.8199149138113815,2.8199149138113815,67.15000047335107,189.357287797244,21.14936185358536,0.0,0.0,-55.8324003891044
I1,23,N9,37.5914916568276,34.78139514939,0.0,2.6302502821856484,2.6302502821856484,67.15000048697998,176.6213077296455,19.726877116392362,0.0,0.0,-55.83240039709334
I1,24,N9,34.78139514939,32.08860419576621,0.0,2.520452283815931,2.520452283815931,67.15000050095045,169.2483721208615,18.903392128619483,0.0,0.0,-55.83240040732238
