iteration,investor,node,x_power_mw,x_energy_mwh,proposed_x_power_mw,private_headroom_limit_mw,private_headroom_slack_mw,access_shadow_price_eur_per_mw_day,headroom_complementarity_residual_eur_per_day,headroom_mw
1,I1,N1,0.0,0.0,4.1414651218938676e-07,100.0,99.99999958585349,9.0818179615037e-08,9.081817923891668e-06,100.0
1,I1,N2,0.0,0.0,3.1673154132909124e-07,80.60724957308994,80.6072492563584,1.1268938069450885e-07,9.083580998186936e-06,94.18217317442097
1,I1,N3,10.46424796500134,22.28236101292294,7.718848059514048e-07,34.880824748939915,34.88082397705511,2.6053679012849736e-07,9.087737916019065e-06,66.20500302177416
1,I1,N4,0.0,0.0,4.1414363026095895e-07,100.0,99.99999958585637,9.081817961506241e-08,9.081817923894472e-06,100.0
1,I1,N5,0.0,0.0,3.270923050337394e-07,100.0,99.99999967290769,9.081818024157121e-08,9.081817994451193e-06,100.0
1,I1,N6,0.0,0.0,4.316213546099212e-07,100.0,99.99999956837864,9.081817958045773e-08,9.081817918846708e-06,100.0
1,I1,N7,0.0,0.0,3.1573101649188216e-07,51.84480826569917,51.84480794996816,1.7525758412853955e-07,9.086195790919521e-06,85.55344033473371
1,I1,N8,15.070546590766018,65.29543030662126,8.74400096984192,29.832486372922233,21.088485403080313,4.3099310978338353e-07,9.088991904495074e-06,1.353332378445316
1,I1,N9,8.868703240515604,18.828503160636668,7.907455381708267e-07,29.562342289979085,29.562341499233547,3.0742562889042847e-07,9.088221426875486e-06,34.203936148210445
1,I2,N1,0.0,0.0,1.955123339174734e-06,100.0,99.99999804487666,1.803704454060799e-06,0.00018037044187961524,100.0
1,I2,N2,0.4298938379463178,0.8597890081601007,1.510312316503053e-06,82.04022550884893,82.04022399853662,1.5386024986266154e-06,0.00012622729363203565,94.18217317442097
1,I2,N3,3.2046019972117024,12.02952507782185,4.8226891824659684e-06,35.09857218836949,35.0985673656803,5.226549474485228e-06,0.00018344439882028078,66.20500302177416
1,I2,N4,0.0,0.0,1.9533890014640314e-06,100.0,99.999998046611,1.8010660603372952e-06,0.0001801066025155469,100.0
1,I2,N5,0.0,0.0,1.979994351496676e-06,100.0,99.99999802000565,1.8059715224313477e-06,0.00018059714866732135,100.0
1,I2,N6,0.0,0.0,1.652027067378384e-06,100.0,99.99999834797293,1.6086610035691668e-06,0.00016086609769936516,100.0
1,I2,N7,9.050564302053251,18.10112995024445,2.1937242814582526e-06,82.01335082052002,82.01334862679573,2.592146589167764e-06,0.00021259062190917528,85.55344033473371
1,I2,N8,11.146116295409838,55.860376776871284,11.028222591585337,26.183141386489893,15.154918794904557,-2.2190116141638706e-06,-3.362894081760354e-05,1.353332378445316
1,I2,N9,2.55448061914432,9.588480540907206,4.503735291015491e-06,29.208563937895534,29.208559434160243,5.156717265458977e-06,0.00015062028273331882,34.203936148210445
1,I4,N1,0.0,0.0,1.1627660479131662e-05,100.0,99.99998837233952,6.984383094144774e-08,6.984382282024421e-06,100.0
1,I4,N2,0.0,0.0,1.090152436298547e-05,81.61033167090261,81.61032076937825,9.805209844132203e-08,8.002063205906943e-06,94.18217317442097
1,I4,N3,15.416654460808731,31.550746268828426,5.143011273779269,71.28245875503526,66.139447481256,0.0,0.0,66.20500302177416
1,I4,N4,0.0,0.0,1.163866142096263e-05,100.0,99.99998836133858,6.979828025200498e-08,6.979827212841946e-06,100.0
1,I4,N5,0.0,0.0,1.2718626795368234e-05,100.0,99.99998728137321,5.8487920770960774e-08,5.848791333210041e-06,100.0
1,I4,N6,0.0,0.0,1.0422244589447726e-05,100.0,99.99998957775541,7.26631529184539e-08,7.266314534532237e-06,100.0
1,I4,N7,0.0,0.0,1.0787724334595421e-05,72.96278651846677,72.96277573074244,1.1251961136592757e-07,8.20974316940247e-06,85.55344033473371
1,I4,N8,40.35840386612675,166.79156290574497,44.86951138089883,44.869511422738626,4.183979740446375e-08,18.532644623810317,7.75402096429148e-07,1.353332378445316
1,I4,N9,17.78770436478203,37.161140723937194,14.261055399476827,52.67063526924537,38.40957986976855,3.6615822519667757e-07,1.4063983595664487e-05,34.203936148210445
1,I3,N1,0.0,0.0,8.64275902099667e-07,100.0,99.9999991357241,1.1647103319977349e-07,1.164710321931424e-05,100.0
1,I3,N2,5.387932987632712,10.775867090329339,9.146962719961284e-07,99.57010616205368,99.5701052473574,1.0883784665950915e-07,1.0836995846783072e-05,94.18217317442097
1,I3,N3,4.709492555204064,9.418986364309738,0.2784073862550775,70.91449557697823,70.63608819072314,1.2813264918888128e-07,9.050789108216809e-06,66.20500302177416
1,I3,N4,0.0,0.0,8.642708015460911e-07,100.0,99.9999991357292,1.1646787772820768e-07,1.1646787672160982e-05,100.0
1,I3,N5,0.0,0.0,9.134435694696027e-07,100.0,99.99999908655643,1.0826211604144245e-07,1.0826211505252912e-05,100.0
1,I3,N6,0.0,0.0,6.810572374820307e-07,100.0,99.99999931894276,2.2280132726080066e-07,2.228013257433961e-05,100.0
1,I3,N7,5.395995363213043,10.791991824187232,8.705272116584676e-07,90.94943569794675,90.94943482741954,1.2167784803009184e-07,1.1066531509353496e-05,85.55344033473371
1,I3,N8,32.07160086925207,136.21571890386338,33.42493308846631,33.424933247697396,1.5923108520610185e-07,18.422025989772166,2.9333591900464345e-06,1.353332378445316
1,I3,N9,36.5851756273476,73.17035246594054,36.87617338002742,70.78911177555804,33.912938395530624,2.6711204879873135e-07,9.058554455615345e-06,34.203936148210445
2,I1,N1,0.0,0.0,4.066013760319479e-06,100.0,99.99999593398624,2.0643149136358563e-06,0.0002064314829700528,100.0
2,I1,N2,0.0,0.0,2.725778103168702e-06,94.18217317442097,94.18217044864286,1.4985198559525824e-06,0.00014113385249400187,98.25464042754906
2,I1,N3,3.139280577080213,6.6847227690558455,8.839399729263888e-06,76.6692509867755,76.66924214737577,4.828571463586488e-06,0.0003702029147676211,82.61832676944557
2,I1,N4,0.0,0.0,4.069227045368464e-06,100.0,99.99999593077295,2.0660791401709526e-06,0.00020660790560975015,100.0
2,I1,N5,0.0,0.0,4.282411928297089e-06,100.0,99.99999571758808,2.197728370905125e-06,0.0002197728276789343,100.0
2,I1,N6,0.0,0.0,3.4228563111023575e-06,100.0,99.99999657714369,2.0559798761062147e-06,0.0002055979805732978,100.0
2,I1,N7,0.0,0.0,2.7178214461309777e-06,85.55344033473371,85.55343761691226,1.5039209515389901e-06,0.00012866560730825832,95.66602040294501
2,I1,N8,15.577280953182658,67.10584538841948,15.79445282278979,16.423878969211344,0.6294261464215545,3.3881580574328836e-06,2.1325952695571196e-06,0.022858248101016443
2,I1,N9,2.6606173224634357,5.648565726676967,9.071869649335954e-06,43.072639388726046,43.0726303168564,5.047377603235921e-06,0.0002174038295737615,22.776070143634115
2,I2,N1,0.0,0.0,1.6127044649646425e-06,100.0,99.99999838729553,1.1928840897617544e-05,0.0011928840705240594,100.0
2,I2,N2,0.12896884948231507,0.25793880176672135,9.972834567343861e-07,94.61206701236729,94.61206601508384,7.813312428688145e-06,0.0007392336312995178,98.25464042754906
2,I2,N3,2.9866526035034036,11.191443495787603,2.8932457204855613,76.73457240690699,73.84132668642143,-1.3334254749509366e-05,-0.0009846190610784877,82.61832676944557
2,I2,N4,0.0,0.0,1.6117219338382664e-06,100.0,99.99999838827807,1.1927659544882934e-05,0.001192765935264223,100.0
2,I2,N5,0.0,0.0,1.5968173601800375e-06,100.0,99.99999840318264,1.2152419834359204e-05,0.0012152419640307256,100.0
2,I2,N6,0.0,0.0,1.3244742123584608e-06,100.0,99.99999867552579,9.565427896023482e-06,0.0009565427769331857,100.0
2,I2,N7,2.7151699792001605,5.430341074238873,9.836916925339399e-07,94.60400463678695,94.60400365309526,7.794229187968275e-06,0.0007373652865716124,95.66602040294501
2,I2,N8,11.73873481058944,58.08199930843902,11.992714174237841,11.992714311438519,1.3720067748579368e-07,35.35560192958422,4.850812537656989e-06,0.022858248101016443
2,I2,N9,2.77234072596943,10.386962797187696,2.8657093431801917,42.96650268540693,40.10079334222674,-1.3135080896661694e-05,-0.0005267271645704608,22.776070143634115
2,I4,N1,0.0,0.0,1.3117684705588163e-05,100.0,99.9999868823153,-0.0015036873411981523,-0.1503687143949188,100.0
2,I4,N2,0.0,0.0,1.1842776720474277e-05,94.48309816288497,94.48308632010826,-0.002341480992069394,-0.22123035069058528,98.25464042754906
2,I4,N3,8.702888846678645,18.029961738910753,5.825560726337179,89.16457426421232,83.33901353787515,2.312492423749004e-06,0.00019272083740905197,82.61832676944557
2,I4,N4,0.0,0.0,1.107775967199435e-05,100.0,99.99998892224033,-0.00028110282924463805,-0.02811027981047422,100.0
2,I4,N5,0.0,0.0,1.1231991778147467e-05,100.0,99.99998876800822,-0.000801925731998122,-0.08019256419258898,100.0
2,I4,N6,0.0,0.0,1.1776571518124107e-05,100.0,99.99998822342849,-0.001310193074005586,-0.13101929197097617,100.0
2,I4,N7,0.0,0.0,1.1845302277047378e-05,91.8888346575868,91.88882281228452,-0.002343073085781818,-0.2153022276156382,95.66602040294501
2,I4,N8,40.53618960772635,167.45810149534708,40.61238349698332,40.61238336697583,0.0,32.92419802373836,0.0,0.022858248101016443
2,I4,N9,31.076624122895424,63.10086581980663,36.771875447801165,57.98186632421953,21.209990876418367,-1.7747672549849241e-06,-3.764279728599631e-05,22.776070143634115
2,I3,N1,0.0,0.0,1.1509927327636305e-05,100.0,99.99998849007267,6.646288276921937e-08,6.6462875119389855e-06,100.0
2,I3,N2,1.616390722968618,3.2327839695645735,1.5466684006182387e-05,99.87103115051768,99.87101568383368,8.285413349667136e-08,8.274726465916515e-06,98.25464042754906
2,I3,N3,2.5528512032921657,5.10570383426813,1.628576338187066,85.17117797273774,83.54260163455068,-3.3458843722664716e-08,-2.795238852275265e-06,82.61832676944557
2,I3,N4,0.0,0.0,1.1473939037005017e-05,100.0,99.99998852606096,6.519346160820409e-08,6.5193454127946045e-06,100.0
2,I3,N5,0.0,0.0,1.222688269155285e-05,100.0,99.99998777311731,8.038886724490905e-08,8.038885741585656e-06,100.0
2,I3,N6,0.0,0.0,1.176992015860469e-05,100.0,99.99998823007984,4.929292999620368e-08,4.929292419446517e-06,100.0
2,I3,N7,1.6188096178548348,3.2376217598248576,1.5726987031168005e-05,97.28483002079984,97.28481429381281,8.397552766599767e-08,8.169543614211523e-06,95.66602040294501
2,I3,N8,32.12493638040054,136.41567727193723,32.14779445660702,32.14779462850156,1.7189453416222022e-07,18.426056305706954,3.1673383651163373e-06,0.022858248101016443
2,I3,N9,40.71434768503759,81.42869678496743,42.48399285261901,63.49041782867171,21.0064249760527,5.747041573672082e-07,1.2072479765159843e-05,22.776070143634115
3,I1,N1,0.0,0.0,2.425149880628615e-05,100.0,99.9999757485012,8.493916250475175e-08,8.493914190573177e-06,100.0
3,I1,N2,0.0,0.0,1.326784994290835e-05,98.25464042754906,98.25462715969913,9.142281238905583e-08,8.982714345177803e-06,99.47638390016293
3,I1,N3,1.6283037696086162,4.575704684278463,0.9807422806922176,85.75760734652579,84.77686506583358,5.40843839427419e-06,0.00045851045196825663,91.54226551477738
3,I1,N4,0.0,0.0,2.42132510826342e-05,100.0,99.99997578674892,8.498159415593386e-08,8.49815735791271e-06,100.0
3,I1,N5,0.0,0.0,2.4051058508557686e-05,100.0,99.9999759489415,8.515450972533212e-08,8.515448924477117e-06,100.0
3,I1,N6,0.0,0.0,1.6341270133324002e-05,100.0,99.99998365872986,8.946403987255831e-08,8.946402525299788e-06,100.0
3,I1,N7,0.0,0.0,1.3279819070528801e-05,95.66602040294501,95.66600712312594,9.392343803518243e-08,8.98528029210224e-06,98.69979563907235
3,I1,N8,15.593281642813615,67.15731377391289,15.600139081226882,15.600139201283667,1.2005678584614543e-07,32.9311349759419,3.953606219477166e-06,0.00018525599337237963
3,I1,N9,0.8051381093705028,1.7205601732891098,0.009932732330674097,25.436687466097553,25.426754733766877,-4.932016472869758e-06,-0.00012540517319855734,13.311843189924403
3,I2,N1,0.0,0.0,8.133280805663473e-06,100.0,99.9999918667192,3.958943018107586e-06,0.00039589426961156337,100.0
3,I2,N2,0.038692899267015614,0.07738697998804073,3.206317601552455e-06,98.38360927703138,98.38360607071378,2.6954411031574166e-06,0.0002651872156798495,99.47638390016293
3,I2,N3,3.4208152897061885,11.71781447051762,3.606885012364525,87.11595618042057,83.50907116805604,-1.47974246671097e-06,-0.00012357191896296117,91.54226551477738
3,I2,N4,0.0,0.0,8.443692576537045e-06,100.0,99.99999155630742,3.623818848265479e-06,0.00036238185422813555,100.0
3,I2,N5,0.0,0.0,7.1743817485260885e-06,100.0,99.99999282561825,3.5377889401537233e-06,0.0003537788686339239,100.0
3,I2,N6,0.0,0.0,4.574852471301159e-06,100.0,99.99999542514753,1.1573712193790235e-06,0.00011573711664309978,100.0
3,I2,N7,0.8145537153396893,1.6291085972962904,3.887970915873082e-06,98.38119038214516,98.38118649417424,3.1995364152753176e-06,0.00031477418876610277,98.69979563907235
3,I2,N8,11.743535003770575,58.10590688588736,11.745592229419632,11.745592369059494,1.396398623398909e-07,35.360008063942125,4.937666658386311e-06,0.00018525599337237963
3,I2,N9,3.1601364883252274,11.313179843078718,3.3263346721919973,27.403890082696492,24.077555410504495,-1.180641588020698e-06,-2.8426963255514373e-05,13.311843189924403
3,I4,N1,0.0,0.0,1.7966405731480833e-05,100.0,99.99998203359426,-5.886093961085677e-05,-0.005886092903566154,100.0
3,I4,N2,0.0,0.0,1.7058176133164455e-05,98.34491637776436,98.34489931958824,-6.325886754547077e-05,-0.006221186959830491,99.47638390016293
3,I4,N3,2.642733363992469,5.491889846799787,0.0455238714126781,92.39802973739303,92.35250586598035,-2.7302245550296795e-05,-0.0025214307923382205,91.54226551477738
3,I4,N4,0.0,0.0,1.7036088148538908e-05,100.0,99.99998296391185,-6.335632909572969e-05,-0.0063356318302289615,100.0
3,I4,N5,0.0,0.0,1.7448515043452097e-05,100.0,99.99998255148496,-6.142158926263515e-05,-0.006142157854547991,100.0
3,I4,N6,0.0,0.0,1.7144727684699895e-05,100.0,99.99998285527232,-6.289175049218479e-05,-0.006289173970956543,100.0
3,I4,N7,0.0,0.0,1.7058051800995383e-05,97.56663666680548,97.56661960875368,-6.325871706001801e-05,-0.006171939184332554,98.69979563907235
3,I4,N8,40.537629854662036,167.46532938661437,40.53824710334876,40.53824697301527,0.0,33.0511855290995,0.0,0.00018525599337237963
3,I4,N9,39.50970705231338,79.80047295388756,43.12388545063536,55.32037771726668,12.196492266631317,-2.6334231479049442e-05,-0.0003211852505819055,13.311843189924403
3,I3,N1,0.0,0.0,6.4771013761760474e-06,100.0,99.99999352289862,1.1306550151247536e-06,0.0001130654941891082,100.0
3,I3,N2,0.4849232005700512,0.9698491793739685,8.548113522471588e-06,99.96130710073298,99.96129855261945,2.0516275814151113e-06,0.00020508335718462452,99.47638390016293
3,I3,N3,0.7658820619153422,1.5317657106735434,3.814418241772472e-05,92.30814757669273,92.30810943251032,-1.3268590206344988e-07,-1.2247984767824279e-05,91.54226551477738
3,I3,N4,0.0,0.0,6.544535876603339e-06,100.0,99.99999345546412,1.140720670340922e-06,0.00011407205956860485,100.0
3,I3,N5,0.0,0.0,7.290814598563407e-06,100.0,99.9999927091854,1.4978114708821867e-06,0.00014978113616795295,100.0
3,I3,N6,0.0,0.0,6.910273539879239e-06,100.0,99.99999308972646,8.401904458921277e-07,8.401903878326696e-05,100.0
3,I3,N7,0.48565064558796756,0.9713041658323983,1.1086045024324169e-05,99.18544628466032,99.1854351986153,2.8158984230800953e-06,0.0002792961105682938,98.69979563907235
3,I3,N8,32.1253682427604,136.41784208733182,32.12555332662892,32.125553498753774,1.7212485659001686e-07,18.425652768643722,3.171512840380248e-06,0.00018525599337237963
3,I3,N9,43.21317516006649,86.42635179615107,44.28410122079317,56.52501834999089,12.240917129197719,9.68201918496308e-07,1.185167944864355e-05,13.311843189924403
4,I1,N1,0.0,0.0,2.5348345137652648e-05,100.0,99.99997465165487,1.4132866466518406e-07,1.4132862884070636e-05,100.0
4,I1,N2,0.0,0.0,1.170036169888352e-05,99.47638390016293,99.47637219980123,8.345389689708769e-08,8.301690909258532e-06,99.84290736269622
4,I1,N3,1.200203838058012,3.913392208055096,1.0167324388220387,93.170569284386,92.15383684556397,4.506378976424646e-06,0.0004152801129577164,94.62123937607325
4,I1,N4,0.0,0.0,2.50126942825373e-05,100.0,99.99997498730572,1.411166971554377e-07,1.4111666185834967e-05,100.0
4,I1,N5,0.0,0.0,2.599939017721757e-05,100.0,99.99997400060982,1.4143152388116354e-07,1.4143148710982981e-05,100.0
4,I1,N6,0.0,0.0,1.8211749969480445e-05,100.0,99.99998178825003,-5.0740537443162747e-08,-5.0740528202422936e-06,100.0
4,I1,N7,0.0,0.0,1.1687194106008275e-05,98.69979563907235,98.69978395187825,8.427347641595851e-08,8.317773915128812e-06,99.60993089661554
4,I1,N8,15.593411237915557,67.15790230243611,15.59346677867353,15.59346689880698,1.2013344985462027e-07,32.92994793788106,3.955988249310691e-06,1.6046307820261063e-06
4,I1,N9,0.24811299276286342,0.5343601258856083,0.009387942788160786,14.116981299294906,14.107593356506746,-1.2949841820912296e-06,-1.8269110244051553e-05,10.020027320945161
4,I2,N1,0.0,0.0,9.382609970761886e-06,100.0,99.99999061739003,5.333380610852265e-08,5.333380110441964e-06,100.0
4,I2,N2,0.011613442032392805,0.02322796038381366,7.960360411598943e-06,99.51507679942995,99.51506883906954,7.181703918190832e-08,7.14687759800576e-06,99.84290736269622
4,I2,N3,3.1488193630296983,10.95770243058667,3.0322496801683454,95.39118073603417,92.35893105586582,1.4747434547429443e-07,1.3620572906169298e-05,94.62123937607325
4,I2,N4,0.0,0.0,9.381470583512215e-06,100.0,99.99999061852941,5.328590479244251e-08,5.328589979344102e-06,100.0
4,I2,N5,0.0,0.0,1.0099863719890436e-05,100.0,99.99998990013628,1.1781297975265132e-07,1.1781296785370093e-05,100.0
4,I2,N6,0.0,0.0,9.18261244526726e-06,100.0,99.99999081738756,-7.335385876178006e-08,-7.33538520259795e-06,100.0
4,I2,N7,0.24437167940912177,0.4887444207721838,7.949724592755227e-06,99.51434935441203,99.51434140468744,6.40277802964806e-08,6.37168238780829e-06,99.60993089661554
4,I2,N8,11.743573868638713,58.10609088250499,11.743590525010772,11.743590664662008,1.3965123635273358e-07,35.361196858322245,4.9382348601771e-06,1.6046307820261063e-06
4,I2,N9,3.6973836694411615,12.501355733132375,3.9276324613479905,17.029004794857258,13.101372333509268,7.032755602033855e-07,9.213874967281867e-06,10.020027320945161
4,I4,N1,0.0,0.0,1.5727641454691403e-05,100.0,99.99998427235855,-9.895369352122002e-07,-9.89536779581379e-05,100.0
4,I4,N2,0.0,0.0,1.9971978363090584e-05,99.50346335739755,99.50344338541919,-1.7372571818722416e-06,-0.00017286307164233748,99.84290736269622
4,I4,N3,0.7989685900109975,1.6602809598769797,0.008783686876081075,94.88509473699695,94.87631105012086,-8.428514954865247e-05,-0.007996664065483905,94.62123937607325
4,I4,N4,0.0,0.0,1.630156351164499e-05,100.0,99.9999836984365,-1.0841731449137344e-06,-0.00010841729681765607,100.0
4,I4,N5,0.0,0.0,2.047633644336016e-05,100.0,99.99997952366355,-2.1959684293892467e-06,-0.0002195967979735363,100.0
4,I4,N6,0.0,0.0,1.0969104950499564e-05,100.0,99.99998903089505,-1.6331868273475655e-07,-1.6331866482015885e-05,100.0
4,I4,N7,0.0,0.0,1.4821837616776907e-05,99.2699776750029,99.2699628531653,-7.42647229510867e-07,-7.372256288654988e-05,99.60993089661554
4,I4,N8,40.5376417030281,167.46544161511275,40.53764678089927,40.53764665068533,0.0,33.03832568717339,0.0,1.6046307820261063e-06
4,I4,N9,42.070960722177084,84.87825471928193,43.16864086640438,52.84132817772949,9.672687311325106,9.199497325403811e-05,0.0008898386105000269,10.020027320945161
4,I3,N1,0.0,0.0,2.9446562720367953e-06,100.0,99.99999705534373,9.219016843484553e-08,9.219016572016196e-06,100.0
4,I3,N2,0.14547919527137815,0.2909606667305079,3.193000518234734e-06,99.9883865579676,99.98838336496708,9.23786266207008e-08,9.236789533279785e-06,99.84290736269622
4,I3,N3,0.23076883282804855,0.46153919650987124,0.0014345917906369314,94.8520082089013,94.85057361711065,-2.7772174414752434e-06,-0.00026342066738337127,94.62123937607325
4,I3,N4,0.0,0.0,2.905463908270213e-06,100.0,99.9999970945361,9.216077034448843e-08,9.216076766679052e-06,100.0
4,I3,N5,0.0,0.0,3.041115501821261e-06,100.0,99.9999969588845,9.225231735945062e-08,9.225231455395108e-06,100.0
4,I3,N6,0.0,0.0,2.587717512196014e-06,100.0,99.99999741228248,9.196353348998131e-08,9.196353111022484e-06,100.0
4,I3,N7,0.1456974239753337,0.29139715239904584,3.186141347754973e-06,99.75562832059087,99.75562513444953,9.258560671463875e-08,9.235935076271077e-06,99.60993089661554
4,I3,N8,32.12537158578685,136.41787220752744,32.12537301851248,32.12537319041763,1.7190515677611984e-07,18.43403650970948,3.168905936218325e-06,1.6046307820261063e-06
4,I3,N9,43.963515294673726,87.9270320842351,44.28508963807683,53.983542615618894,9.698452977542061,3.7885742788487707e-06,3.6743309495340127e-05,10.020027320945161
5,I1,N1,0.0,0.0,7.632740736796332e-06,100.0,99.99999236725927,4.276503815272252e-06,0.00042765034888578036,100.0
5,I1,N2,0.0,0.0,6.005198531026385e-06,99.84290736269622,99.8429013574977,3.333091245507839e-06,0.0003327855004407783,99.9528524343617
5,I1,N3,0.7433012559370937,2.5405704372908815,0.5474858635995574,95.82144321413125,95.27395735053169,-2.4499210179660313e-06,-0.00023341367057786683,95.44560580814006
5,I1,N4,0.0,0.0,7.73257739543149e-06,100.0,99.9999922674226,4.325439515469087e-06,0.0004325439181001129,100.0
5,I1,N5,0.0,0.0,9.091112275934982e-06,100.0,99.99999090888772,4.959165214250629e-06,0.0004959164763407351,100.0
5,I1,N6,0.0,0.0,6.37557014961078e-06,100.0,99.99999362442985,3.938068460862564e-06,0.00039380682097882465,100.0
5,I1,N7,0.0,0.0,6.439749987159127e-06,99.60993089661554,99.60992445686556,3.512097762509715e-06,0.0003498397928087193,99.88295954251818
5,I1,N8,15.593412277049733,67.15785103498078,15.593412722392952,15.593412842546343,1.2015339123649937e-07,32.92763518326086,3.956367032667064e-06,1.1653349929474643e-07
5,I1,N9,0.4099930214867127,1.3495960702456025,0.4793701766540767,10.268140313708031,9.788770137053953,-1.6212876159647766e-06,-1.5870411798731405e-05,9.131092898004226
5,I2,N1,0.0,0.0,5.697740686430395e-06,100.0,99.99999430225931,9.465900085019966e-08,9.465899545677525e-06,100.0
5,I2,N2,0.0034868349560162747,0.006974721124791414,4.0033518549040574e-06,99.85452080472862,99.85451680137676,1.20976221500616e-07,1.2080022142400336e-05,99.9528524343617
5,I2,N3,3.5018881738236924,11.924445530261055,3.65320337844969,98.22696132122385,94.57375794277417,8.549476748202816e-08,8.085561445219092e-06,95.44560580814006
5,I2,N4,0.0,0.0,5.711831461660969e-06,100.0,99.99999428816854,9.653175654746227e-08,9.653175103373103e-06,100.0
5,I2,N5,0.0,0.0,5.865543248036119e-06,100.0,99.99999413445676,9.75495005106599e-08,9.754949478885175e-06,100.0
5,I2,N6,0.0,0.0,4.694475923145743e-06,100.0,99.99999530552408,6.545117403847012e-08,6.545117096588052e-06,100.0
5,I2,N7,0.07331431541987085,0.1466296781293801,4.016567334730363e-06,99.85430257602466,99.85429855945733,1.225729496325228e-07,1.2239435907919259e-05,99.88295954251818
5,I2,N8,11.743574166730195,58.10608333587767,11.743574294483688,11.743574434135311,1.3965162359852457e-07,35.36116596642527,4.938244239548179e-06,1.1653349929474643e-07
5,I2,N9,3.4240434242961966,11.662126533742805,3.3068976049483547,13.555530961662484,10.24863335671413,8.775862486698582e-07,8.99405970151153e-06,9.131092898004226
5,I4,N1,0.0,0.0,1.1725056222205148e-05,100.0,99.99998827494377,9.081819156815384e-08,9.081818091966981e-06,100.0
5,I4,N2,0.0,0.0,1.0995698904988537e-05,99.8510339697726,99.8510229740737,9.095381663350647e-08,9.08183163425194e-06,99.9528524343617
5,I4,N3,0.2397119668835518,0.49813760806264434,3.0556971789326523e-05,95.52404173741117,95.52401118043937,9.507792738952145e-08,9.08222499896965e-06,95.44560580814006
5,I4,N4,0.0,0.0,1.2307738525891328e-05,100.0,99.99998769226147,9.08181920978051e-08,9.081818092013949e-06,100.0
5,I4,N5,0.0,0.0,2.0496808333922396e-05,100.0,99.99997950319167,9.081819954253378e-08,9.08181809277015e-06,100.0
5,I4,N6,0.0,0.0,1.2198647001350928e-05,100.0,99.999987801353,9.081819199876735e-08,9.081818092017669e-06,100.0
5,I4,N7,0.0,0.0,1.0986347433791778e-05,99.7809882606048,99.78097727425737,9.101772953262079e-08,9.081838002048938e-06,99.88295954251818
5,I4,N8,40.5376419814506,167.46549536972228,40.53764210077453,40.53764197043322,0.0,33.053622989867215,0.0,1.1653349929474643e-07
5,I4,N9,42.84551108830019,86.41398229385155,43.1774612452101,52.20244825954337,9.02498701433327,1.0072134281941936e-06,9.090088110114693e-06,9.131092898004226
5,I3,N1,0.0,0.0,2.0083868869051394e-05,100.0,99.99997991613112,9.081819885240604e-08,9.081818061259807e-06,100.0
5,I3,N2,0.043660730682275536,0.08732523088041304,2.4245858374413712e-05,99.99651316504398,99.99648891918561,9.082137264263197e-08,9.081818383084175e-06,99.9528524343617
5,I3,N3,0.06949279521560933,0.1389871399513112,0.0003744933817067901,95.51509860335567,95.51472410997395,9.508718023378169e-08,9.082225786425027e-06,95.44560580814006
5,I3,N4,0.0,0.0,2.0295168804691967e-05,100.0,99.99997970483119,9.081819904457047e-08,9.081818061286367e-06,100.0
5,I3,N5,0.0,0.0,1.9414681276245993e-05,100.0,99.99998058531872,9.081819824246745e-08,9.081818061040371e-06,100.0
5,I3,N6,0.0,0.0,1.9115265885447078e-05,100.0,99.99998088473411,9.08181979731767e-08,9.081818061303668e-06,100.0
5,I3,N7,0.04372614206194337,0.08745606734590454,2.4164099061798465e-05,99.92668568458014,99.92666152048108,9.08849009123485e-08,9.08182473079071e-06,99.88295954251818
5,I3,N8,32.12537145823597,136.41788486616736,32.1253714035713,32.125371574769474,1.711981738594659e-07,18.460512994096035,3.1604061130981824e-06,1.1653349929474643e-07
5,I3,N9,44.189359567912675,88.3787206389799,44.28614997072936,53.3204524659169,9.03430249518754,1.006174833914435e-06,9.09008781262809e-06,9.131092898004226
6,I1,N1,0.0,0.0,3.7385378719886976e-06,100.0,99.99999626146213,9.081642992784064e-08,9.081642653263401e-06,100.0
6,I1,N2,0.0,0.0,3.0830260006661595e-06,99.9528524343617,99.9528493513357,9.085964315863979e-08,9.081680224751643e-06,99.98584587557836
6,I1,N3,0.8558403766952201,3.0456697810599187,0.9040714284487027,96.18890706407714,95.28483563562844,2.756652689865302e-07,2.626671984583283e-05,93.22166349224953
6,I1,N4,0.0,0.0,3.7385392088930457e-06,100.0,99.9999962614608,9.081642992510223e-08,9.08164265298944e-06,100.0
6,I1,N5,0.0,0.0,3.5728159043143682e-06,100.0,99.9999964271841,9.081664389157919e-08,9.081664064686769e-06,100.0
6,I1,N6,0.0,0.0,3.632367375789345e-06,100.0,99.99999636763262,9.081642258061482e-08,9.081641928182871e-06,100.0
6,I1,N7,0.0,0.0,3.0831416503649444e-06,99.88295954251818,99.88295645937653,9.092328673195216e-08,9.081686689790986e-06,99.96487800048773
6,I1,N8,15.593412274522768,67.15779527314886,15.593412273439782,15.593412393583236,1.2014345429633977e-07,32.92882068753245,3.956182263304923e-06,1.027397189545809e-07
6,I1,N9,0.20894561280154775,0.6771028875042276,0.12278243765076276,9.54108591949094,9.418303481840177,7.848004328222511e-07,7.391488648999485e-06,11.335662057973863
6,I2,N1,0.0,0.0,7.488128406878773e-06,100.0,99.9999925118716,9.076143748523972e-08,9.076143068890674e-06,100.0
6,I2,N2,0.0010553486347885234,0.002112602270235881,1.3283068548058158e-05,99.95633926931772,99.95632598624917,8.998909716507454e-08,8.994979531440442e-06,99.98584587557836
6,I2,N3,5.828924012974263,19.831450221056343,6.826225086895936,98.83495486120562,92.00872977430969,-1.2082491200805463e-06,-0.00011116946678953844,93.22166349224953
6,I2,N4,0.0,0.0,7.5051878223505605e-06,100.0,99.99999249481218,9.076097322934e-08,9.07609664175585e-06,100.0
6,I2,N5,0.0,0.0,7.816194239861157e-06,100.0,99.99999218380576,9.075157476791852e-08,9.075156767459915e-06,100.0
6,I2,N6,0.0,0.0,1.4054287587804888e-05,100.0,99.99998594571241,8.997869626440813e-08,8.997868361854338e-06,100.0
6,I2,N7,0.022003600441499058,0.04400911617998863,1.3294022196854852e-05,99.95627385793806,99.95626056391586,8.994370145502033e-08,8.99043605872107e-06,99.96487800048773
6,I2,N8,11.743574152316857,58.10607189450236,11.743574146139713,11.743574285790672,1.3965095924106663e-07,35.36125764085156,4.938233549515417e-06,1.027397189545809e-07
6,I2,N9,1.120910098589332,3.793315715406864,0.13385295900067587,12.756183730985583,12.622330771984908,2.0286888024403394e-06,2.5606781097823908e-05,11.335662057973863
6,I4,N1,0.0,0.0,1.4658059358289135e-05,100.0,99.99998534194064,1.2231921715589103e-06,0.00012231919922626758,100.0
6,I4,N2,0.0,0.0,1.4086033180454587e-06,99.95528392068293,99.9552825120796,1.0215325942537649e-07,1.0210757905393266e-05,99.98584587557836
6,I4,N3,0.0720010706268559,0.14965418599917074,0.00012497223112907762,93.24574281511491,93.24561784288377,4.534250936867814e-05,0.004227990300629139,93.22166349224953
6,I4,N4,0.0,0.0,1.472035690950738e-05,100.0,99.99998527964308,1.2234432490721946e-06,0.00012234430689769818,100.0
6,I4,N5,0.0,0.0,1.3509100407477057e-05,100.0,99.99998649089959,1.2005360798618432e-06,0.00012005359176802187,100.0
6,I4,N6,0.0,0.0,1.0304608994458276e-05,100.0,99.99998969539101,1.0380699193967575e-06,0.00010380698124277113,100.0
6,I4,N7,0.0,0.0,2.1346598664003154e-06,99.93427025749656,99.9342681228367,1.9127121080230504e-07,1.911454846449717e-05,99.96487800048773
6,I4,N8,40.53764216606211,167.46554967720238,40.53764224518134,40.53764211492441,0.0,33.043491772027075,0.0,1.027397189545809e-07
6,I4,N9,43.07783648680344,86.87458549684669,43.177404514733404,54.48078472069645,11.303380205963045,-5.262022184266955e-05,-0.0005947863740098152,11.335662057973863
6,I3,N1,0.0,0.0,7.283947443132345e-07,100.0,99.99999927160526,9.081818157126795e-08,9.081818090975309e-06,100.0
6,I3,N2,0.013098775786842431,0.026199745220991322,7.951173710973973e-07,99.9989446513652,99.99894385624783,9.081914104990555e-08,9.081818186922158e-06,99.98584587557836
6,I3,N3,0.021571047454125667,0.04314362324958673,0.0010331555563469518,93.24323453970366,93.24220138414732,9.740688552405793e-08,9.082432436236795e-06,93.22166349224953
6,I3,N4,0.0,0.0,7.279353888953924e-07,100.0,99.99999927206461,9.081818157085035e-08,9.081818090975266e-06,100.0
6,I3,N5,0.0,0.0,7.933282780687182e-07,100.0,99.99999920667172,9.081818163029844e-08,9.081818090981212e-06,100.0
6,I3,N6,0.0,0.0,4.651789851482542e-07,100.0,99.99999953482101,9.081818133198089e-08,9.08181809095138e-06,100.0
6,I3,N7,0.01311839907077689,0.026238995621466643,7.949317055410614e-07,99.9779963995585,99.9779956046268,9.083818930741175e-08,9.081820091308669e-06,99.96487800048773
6,I3,N8,32.12537130435854,136.4178976340021,32.12537123841106,32.12537140709826,1.6868719399099064e-07,18.555113376720218,3.130010009703629e-06,1.027397189545809e-07
6,I3,N9,44.25664574383182,88.51329299961961,44.285482676368595,55.59230780180568,11.306825125437086,8.039286581246369e-07,9.089880750742567e-06,11.335662057973863
7,I1,N1,0.0,0.0,6.4675695081522724e-06,100.0,99.9999935324305,9.449855544226348e-08,9.449854933050371e-06,100.0
7,I1,N2,0.0,0.0,4.936907175268329e-06,99.98584587557836,99.98584093867119,9.359838815272955e-08,9.358513549954822e-06,99.99574605884378
7,I1,N3,0.2651364969472714,0.9359245855695391,0.011977691341007688,94.07750386894476,94.06552617760376,-4.948992284955932e-06,-0.00046552956333328124,93.11450908586517
7,I1,N4,0.0,0.0,6.468442150979913e-06,100.0,99.99999353155785,9.449899154878455e-08,9.449898543617194e-06,100.0
7,I1,N5,0.0,0.0,6.429772445300233e-06,100.0,99.99999357022756,9.447547577027732e-08,9.447546969571921e-06,100.0
7,I1,N6,0.0,0.0,6.230012553629196e-06,100.0,99.99999376998744,9.433757333532934e-08,9.433756745808667e-06,100.0
7,I1,N7,0.0,0.0,4.9830761599722644e-06,99.96487800048773,99.96487301741156,9.364155060607736e-08,9.360865715490041e-06,99.98945569439803
7,I1,N8,15.593412262341285,67.15773854020667,15.593412257120649,15.593412377262496,1.201418466934001e-07,32.928986258628804,3.956149218853261e-06,9.737188122471707e-08
7,I1,N9,0.7731042700505326,2.7366315660714484,1.0148865517286692,11.544607670775406,10.529721119046737,5.896083843612536e-06,6.208411856775719e-05,11.436982760666737
7,I2,N1,0.0,0.0,7.897448144115144e-06,100.0,99.99999210255186,6.79446961440477e-06,0.0006794469077815056,100.0
7,I2,N2,0.0003218450162484417,0.0006449355141063403,7.486322588406598e-06,99.98690122421316,99.98689373789057,6.810339409889112e-06,0.0006809446828955509,99.99574605884378
7,I2,N3,6.592107581610618,22.414120033706478,6.91918625388334,99.64129138497175,92.72210513108841,-6.394668635840072e-06,-0.0005929271375308369,93.11450908586517
7,I2,N4,0.0,0.0,7.896493160278495e-06,100.0,99.99999210350684,6.794405617770594e-06,0.000679440508125082,100.0
7,I2,N5,0.0,0.0,1.1604724964506066e-06,100.0,99.9999988395275,-5.619162264751831e-07,-5.6191621995429986e-05,100.0
7,I2,N6,0.0,0.0,8.219548968680571e-06,100.0,99.99999178045103,4.096917213998639e-06,0.00040969168772505226,100.0
7,I2,N7,0.006606325636887327,0.013213899280437712,7.493577768013167e-06,99.98688160092922,99.98687410735145,6.779466558363908e-06,0.0006778576692861313,99.98945569439803
7,I2,N8,11.743574135010729,58.10606203941012,11.743574127593815,11.74357426723806,1.396442446122137e-07,35.36218103745837,4.9381250588162215e-06,9.737188122471707e-08
7,I2,N9,0.36490440815093783,1.2221216626970752,0.04090196939162595,11.892413499314202,11.851511529922576,-3.033222150004689e-06,-3.594826728359711e-05,11.436982760666737
7,I4,N1,0.0,0.0,1.364510917529457e-08,100.0,99.9999999863549,9.17585441659806e-08,9.175854415346005e-06,100.0
7,I4,N2,0.0,0.0,3.9090656488643e-09,99.98657937919691,99.98657937528785,8.947163161703118e-08,8.945962396512802e-06,99.99574605884378
7,I4,N3,0.021600322461247396,0.04489627884007483,1.8188437468033136e-09,93.12118487398799,93.12118487216914,9.872879251529743e-08,9.19374214002304e-06,93.11450908586517
7,I4,N4,0.0,0.0,1.1687240522807899e-08,100.0,99.99999998831277,9.165297143487445e-08,9.165297142416276e-06,100.0
7,I4,N5,0.0,0.0,8.284695003613006e-09,100.0,99.9999999917153,9.11384155917037e-08,9.113841558415315e-06,100.0
7,I4,N6,0.0,0.0,5.3861951061048745e-09,100.0,99.9999999946138,9.02097632960758e-08,9.020976329121692e-06,100.0
7,I4,N7,0.0,0.0,3.910075377960688e-09,99.98027527529234,99.98027527138227,8.947795475594736e-08,8.946030547219905e-06,99.98945569439803
7,I4,N8,40.53764234788264,167.4656356784729,40.53764242580572,40.53764229828945,0.0,32.76070031048865,0.0,9.737188122471707e-08
7,I4,N9,43.14768576761183,87.01303469132449,43.17762117367257,54.60534557796671,11.427724404294139,-0.000709444502589943,-0.008107336255739409,11.436982760666737
7,I3,N1,0.0,0.0,1.063899735619212e-05,100.0,99.99998936100265,9.081819058090753e-08,9.081818091876264e-06,100.0
7,I3,N2,0.00393209613997293,0.007866296224759227,3.51914845742966e-06,99.99967815498376,99.99967463583529,9.081847669565459e-08,9.081818120487648e-06,99.99574605884378
7,I3,N3,0.006646513115694028,0.013294581550585318,0.0002502841135090387,93.12115559898086,93.12090531486736,9.753388277790806e-08,9.082443463152949e-06,93.11450908586517
7,I3,N4,0.0,0.0,6.959800571465931e-06,100.0,99.99999304019943,9.081818723618266e-08,9.081818091541794e-06,100.0
7,I3,N5,0.0,0.0,1.0277290849221477e-05,100.0,99.99998972270915,9.081819025208342e-08,9.081818091843387e-06,100.0
7,I3,N6,0.0,0.0,3.384245630684274e-06,100.0,99.99999661575437,9.081818398567792e-08,9.08181809121675e-06,100.0
7,I3,N7,0.003937979965086126,0.007878064540715692,3.514634075797394e-06,99.99339367436312,99.99339015972905,9.082419025193963e-08,9.081818691803659e-06,99.98945569439803
7,I3,N8,32.12537115739347,136.41788788856013,32.125371094408436,32.125371254765355,1.6035691885463166e-07,18.876055573479885,3.0269061118920316e-06,9.737188122471707e-08
7,I3,N9,44.277322793519964,88.55464712600633,44.286184386243455,55.714305554186694,11.428121167943239,7.953949379799309e-07,9.089869727603347e-06,11.436982760666737
8,I1,N1,0.0,0.0,4.537445593767617e-06,100.0,99.99999546255441,4.945053484814766e-07,4.945053260435655e-05,100.0
8,I1,N2,0.0,0.0,3.5084023064594335e-06,99.99574605884378,99.99574255044148,3.801268787173349e-07,3.8011069500721515e-05,99.99871879220565
8,I1,N3,0.798100069865001,2.8358786483979466,1.0265130296868852,93.37964558281244,92.35313255312556,-3.0168016477989463e-06,-0.0002786110824656637,92.34393735871495
8,I1,N4,0.0,0.0,4.53737084335902e-06,100.0,99.99999546262916,4.944994370711074e-07,4.9449941463383415e-05,100.0
8,I1,N5,0.0,0.0,4.509459907705555e-06,100.0,99.99999549054009,5.017430903041033e-07,5.017430676781997e-05,100.0
8,I1,N6,0.0,0.0,4.434119529957017e-06,100.0,99.99999556588047,5.415342791924046e-07,5.4153425518012734e-05,100.0
8,I1,N7,0.0,0.0,3.5082138372410455e-06,99.98945569439803,99.9894521861842,3.801127700514928e-07,3.8007267646421767e-05,99.99683171183793
8,I1,N8,15.593412246394308,67.15767554875328,15.593412239559889,15.59341235971317,1.2015328110237533e-07,32.92764872609072,3.9563650334262495e-06,8.281438113044715e-08
8,I1,N9,0.23217409530923405,0.8216512919079992,0.00034687756296321917,12.210087030717261,12.209740153154298,3.3821962116430737e-06,4.129573689114479e-05,12.205829603529224
8,I2,N1,0.0,0.0,9.651503323306444e-06,100.0,99.99999034849668,3.697954582485917e-07,3.697954225577708e-05,100.0
8,I2,N2,0.00010152900742146044,0.00020423923811991834,7.1078607813255996e-06,99.99606790386002,99.99606079599924,3.0488439016709425e-07,3.0487238014899908e-05,99.99871879220565
8,I2,N3,6.849477188790357,23.27248163479131,6.959778449010245,99.17365309455806,92.21387464554782,1.3123163897768884e-06,0.00012101377906218387,92.34393735871495
8,I2,N4,0.0,0.0,9.64559995474592e-06,100.0,99.99999035440004,3.696584722711117e-07,3.6965843661533425e-05,100.0
8,I2,N5,0.0,0.0,9.409596961264655e-06,100.0,99.99999059040304,3.653534651107861e-07,3.6535343073249756e-05,100.0
8,I2,N6,0.0,0.0,7.011648509223765e-06,100.0,99.9999929883515,3.040831950207088e-07,3.0408317369946398e-05,100.0
8,I2,N7,0.001986871665920514,0.003974925382710164,7.105678363307569e-06,99.99606202003491,99.99605491435655,3.0482173118228925e-07,3.0480970570393426e-05,99.99683171183793
8,I2,N8,11.743574116580032,58.106049776792,11.74357410868116,11.743574248329594,1.39648433261641e-07,35.36160500924016,4.9381927371573845e-06,8.281438113044715e-08
8,I2,N9,0.10968302783445127,0.36721314866291876,0.0003024362702427332,12.342817343558963,12.34251490728872,-8.775427218463828e-07,-1.0831084126171698e-05,12.205829603529224
8,I4,N1,0.0,0.0,2.757099786308746e-06,100.0,99.9999972429002,9.081818341554662e-08,9.081818091159867e-06,100.0
8,I4,N2,0.0,0.0,7.4160138156315355e-06,99.9959663748526,99.99595895883878,9.082185473129731e-08,9.081818458276423e-06,99.99871879220565
8,I4,N3,0.0064914160321004446,0.013498725282303493,1.6170419608893102e-05,92.34577622822894,92.34576005780933,9.835333993911991e-08,9.082513930902123e-06,92.34393735871495
8,I4,N4,0.0,0.0,1.6772868911439095e-05,100.0,99.99998322713108,9.08181961571695e-08,9.081818092435251e-06,100.0
8,I4,N5,0.0,0.0,1.959417058519332e-05,100.0,99.99998040582942,9.081819872196727e-08,9.08181809268945e-06,100.0
8,I4,N6,0.0,0.0,1.1733713260938501e-05,100.0,99.99998826628673,9.081819157612941e-08,9.081818091978321e-06,100.0
8,I4,N7,0.0,0.0,7.404223038632683e-06,99.99407514836899,99.99406774414595,9.082357418884852e-08,9.081818630205185e-06,99.99683171183793
8,I4,N8,40.53764253134657,167.46568894371228,40.53764260997397,40.5376424796322,0.0,33.05345193973173,0.0,8.281438113044715e-08
8,I4,N9,43.1686125535064,87.05453880643901,43.17758117603264,55.38082008333635,12.203238907303714,7.448677651921932e-07,9.089799292989738e-06,12.205829603529224
8,I3,N1,0.0,0.0,7.384074783631115e-08,100.0,99.99999992615925,8.71389137603825e-08,8.713891369603846e-06,100.0
8,I3,N2,0.001179678786931577,0.0023600923443295456,7.134991385370029e-08,99.99989847099258,99.99989839964266,8.725203616218842e-08,8.725194751380789e-06,99.99871879220565
8,I3,N3,0.0019939665975922415,0.003988441786940253,1.8089834332630466e-08,92.34593132531253,92.3459313072227,9.761952630251207e-08,9.0147660701754e-06,92.34393735871495
8,I3,N4,0.0,0.0,7.380261928085995e-08,100.0,99.99999992619738,8.714061616621343e-08,8.714061610190136e-06,100.0
8,I3,N5,0.0,0.0,7.358428368642822e-08,100.0,99.99999992641571,8.72222617143096e-08,8.722226165012772e-06,100.0
8,I3,N6,0.0,0.0,3.7859331416068074e-08,100.0,99.99999996214066,8.89760451892176e-08,8.897604515553185e-06,100.0
8,I3,N7,0.0011814164961452356,0.0023635225322188383,3.2152313425132255e-08,99.99801312833408,99.99801309618177,8.924816887385814e-08,8.924639559858308e-06,99.99683171183793
8,I3,N8,32.12537102286471,136.41790275131154,32.12537096520953,32.12537110567909,1.4046956664515164e-07,19.713327062140248,2.769122509552981e-06,8.281438113044715e-08
8,I3,N9,44.28370071982069,88.56740305420496,44.286434116806724,56.48953032334992,12.203096206543194,2.8452026736303273e-07,3.47202819534248e-06,12.205829603529224
9,I1,N1,0.0,0.0,1.3070549783706659e-05,100.0,99.99998692945022,2.805917963974738e-07,2.8059175972258338e-05,100.0
9,I1,N2,0.0,0.0,1.2134530372091868e-05,99.99871879220565,99.99870665767529,2.5728585600039895e-07,2.572825284135278e-05,99.99964462854349
9,I1,N3,0.9375708760780523,3.3477996218206867,0.9973440787407888,93.14203742857995,92.14469334983916,6.129439085797467e-07,5.647952849673261e-05,92.1328658331178
9,I1,N4,0.0,0.0,1.307087976250892e-05,100.0,99.99998692912024,2.8059557372160287e-07,2.8059553704529283e-05,100.0
9,I1,N5,0.0,0.0,1.3030453379737182e-05,100.0,99.99998696954663,2.806888254500461e-07,2.8068878887501957e-05,100.0
9,I1,N6,0.0,0.0,1.2773965650106075e-05,100.0,99.99998722603435,3.347416992519035e-07,3.347416564921138e-05,100.0
9,I1,N7,0.0,0.0,1.1653255841414763e-05,99.99683171183793,99.99682005858209,2.5937167000811833e-07,2.5936342214095742e-05,99.99904452744637
9,I1,N8,15.593412220265682,67.15761567098512,15.593412209067699,15.59341232920869,1.2014099048940352e-07,32.929110707670795,3.956135976354793e-06,3.490224287361343e-08
9,I1,N9,0.09032464545907737,0.3052180022119377,0.029532024094724482,12.438003698838457,12.408471674743733,-4.193781880643989e-08,-5.203842367602444e-07,12.416375514883583
9,I2,N1,0.0,0.0,5.549110014553895e-06,100.0,99.99999445088999,9.100657195067817e-08,9.100656690062337e-06,100.0
9,I2,N2,0.0,0.0,5.003451529971782e-06,99.99882032121307,99.99881531776154,9.099622927047349e-08,9.099515125430766e-06,99.99964462854349
9,I2,N3,6.926870446613098,23.53048216839142,6.9600389856799865,99.05394374129226,92.09390475561227,9.65439036517708e-08,8.891105067641187e-06,92.1328658331178
9,I2,N4,0.0,0.0,5.549427980174657e-06,100.0,99.99999445057202,9.100665255160943e-08,9.100664750126079e-06,100.0
9,I2,N5,0.0,0.0,5.574095383042829e-06,100.0,99.99999442590462,9.102133221707467e-08,9.10213271434588e-06,100.0
9,I2,N6,0.0,0.0,5.739426306068159e-06,100.0,99.9999942605737,9.10061002290912e-08,9.100609500586314e-06,100.0
9,I2,N7,0.0005995639249847362,0.0012009726171483001,5.0034645836884485e-06,99.99881858350385,99.99881358003927,9.099623529579764e-08,9.099515569829858e-06,99.99904452744637
9,I2,N8,11.743574095084078,58.10604049690956,11.743574085871527,11.743574225523034,1.3965150635897317e-07,35.36118242150272,4.938242391797297e-06,3.490224287361343e-08
9,I2,N9,0.032941072276823524,0.11026546662643398,5.166275212590412e-05,12.45736208121383,12.457310418461704,7.314966252618011e-07,9.112480530943412e-06,12.416375514883583
9,I4,N1,0.0,0.0,1.5273296656129682e-05,100.0,99.99998472670335,-4.6004702372924613e-07,-4.600469534648994e-05,100.0
9,I4,N2,0.0,0.0,1.5245016228819568e-05,99.99882032121307,99.99880507619685,-4.4621025207844476e-07,-4.4620492020593054e-05,99.99964462854349
9,I4,N3,0.002058600038189587,0.004372592036712677,0.0001588217550849338,92.13356471071125,92.13340588895618,-1.880863344164269e-05,-0.0017329034590954607,92.1328658331178
9,I4,N4,0.0,0.0,1.5270031007804293e-05,100.0,99.99998472996899,-4.580999424454389e-07,-4.580998724934356e-05,100.0
9,I4,N5,0.0,0.0,1.523850390389032e-05,100.0,99.9999847614961,-4.44156413733898e-07,-4.4415634605110554e-05,100.0
9,I4,N6,0.0,0.0,1.5281848570008638e-05,100.0,99.99998471815142,-4.6470390034086605e-07,-4.647038293255197e-05,100.0
9,I4,N7,0.0,0.0,1.5209293303948043e-05,99.99821901957887,99.99820381028556,-4.275461335367797e-07,-4.2753845399710464e-05,99.99904452744637
9,I4,N8,40.53764271391882,167.46574292220853,40.53764279216407,40.537642661785526,0.0,33.05810760883234,0.0,3.490224287361343e-08
9,I4,N9,43.17479257936494,87.066705198773,43.17744116187574,55.59303356244341,12.415592400567668,1.9620660948855724e-05,0.00024360212897072794,12.416375514883583
9,I3,N1,0.0,0.0,2.133228724381802e-06,100.0,99.99999786677128,2.0582213880751095e-06,0.00020582213441685399,100.0
9,I3,N2,0.0003553714565100915,0.000712231960086377,2.0968863294548093e-06,100.0,99.99999790311367,2.001553545777825e-06,0.0002001553503807522,99.99964462854349
9,I3,N3,0.0006342441528500648,0.0012702421797234256,5.150596224627466e-05,92.13350007727067,92.13344857130842,2.1548685784592648e-05,0.0019853547335140515,92.1328658331178
9,I3,N4,0.0,0.0,2.1330255019280976e-06,100.0,99.9999978669745,2.0579361564847384e-06,0.00020579361125884352,100.0
9,I3,N5,0.0,0.0,2.130810823477667e-06,100.0,99.99999786918917,2.060523240302797e-06,0.00020605231963969446,100.0
9,I3,N6,0.0,0.0,2.1400157342964323e-06,100.0,99.99999785998426,2.0443315477746432e-06,0.00020443315040256265,100.0
9,I3,N7,0.0003559086286368641,0.0007132967685031015,2.1195425618476364e-06,99.99940043607502,99.99939831653246,2.0342942046432918e-06,0.00020342819646313815,99.99904452744637
9,I3,N8,32.12537093582918,136.417915771689,32.12537089852823,32.125370970731424,7.220319275802467e-08,23.10524234468593,1.668272266734232e-06,3.490224287361343e-08
9,I3,N9,44.28556618801557,88.57113441622465,44.286365674384804,56.70194170289916,12.415576028514359,-2.063101387032845e-05,-0.0002561459212523971,12.416375514883583
10,I1,N1,0.0,0.0,5.314436477138143e-06,100.0,99.99999468556352,2.7687260426767616e-06,0.0002768725895534575,100.0
10,I1,N2,0.0,0.0,3.650899276575489e-06,99.99964462854349,99.99964097764422,2.1196937788127864e-06,0.00021196861686382463,99.9998672888587
10,I1,N3,0.9998102277459952,3.5593090034105543,1.026484235603685,93.07043670919586,92.04395247359217,8.132498746952537e-06,0.0007485473281560472,92.04924198941036
10,I1,N4,0.0,0.0,5.314492332738329e-06,100.0,99.99999468550767,2.768753088299754e-06,0.0002768752941154584,100.0
10,I1,N5,0.0,0.0,5.2303097228912845e-06,100.0,99.99999476969028,2.7621357911278305e-06,0.00027621356466595736,100.0
10,I1,N6,0.0,0.0,3.9273986380582236e-06,100.0,99.99999607260136,2.2878052362415427e-06,0.0002287805146390311,100.0
10,I1,N7,0.0,0.0,3.6513459006398416e-06,99.99904452744637,99.99904087610047,2.1206676709742125e-06,0.00021206473311437504,99.99968154610914
10,I1,N8,15.593412160611908,67.15756140266953,15.593412135046004,15.59341225516792,1.2012191596966204e-07,32.93138991201664,3.955781651775439e-06,-2.5159323513435083e-08
10,I1,N9,0.027405448965599998,0.09240586795559085,0.00044007903982397687,12.50670016034266,12.506260081302836,-1.005623723667673e-05,-0.00012576591832116131,12.499836658375784
10,I2,N1,0.0,0.0,1.0409736172742395e-05,100.0,99.99998959026382,5.4795550306376084e-08,5.479554460230386e-06,100.0
10,I2,N2,0.0,0.0,7.298472017578279e-06,99.99964462854349,99.99963733007148,1.2087170304205948e-07,1.2087126467674045e-05,99.9998672888587
10,I2,N3,6.949902944445671,23.607398528353833,6.959774014945345,98.99749692806297,92.03772291311763,-1.4434193735415625e-06,-0.00013284903234944416,92.04924198941036
10,I2,N4,0.0,0.0,1.0427166868459016e-05,100.0,99.99998957283313,5.478864140914614e-08,5.478863569624307e-06,100.0
10,I2,N5,0.0,0.0,1.0817421679979393e-05,100.0,99.99998918257832,5.128596646695269e-08,5.128596091913344e-06,100.0
10,I2,N6,0.0,0.0,1.0488130283314368e-05,100.0,99.99998951186971,0.0,0.0,100.0
10,I2,N7,0.0001855809878710851,0.0003727978621423107,8.159729108091723e-06,99.99964409137137,99.99963593164226,6.606247977528856e-08,6.606223926270336e-06,99.99968154610914
10,I2,N8,11.7435740635147,58.10602792497368,11.743574049984964,11.743574189640086,1.3965512124514134e-07,35.3606854557515,4.9383008146342816e-06,-2.5159323513435083e-08
10,I2,N9,0.01008514377475617,0.03363102322922137,0.00028974584529872864,12.512235783653892,12.511946037808594,2.275654309832818e-06,2.8472863925334775e-05,12.499836658375784
10,I4,N1,0.0,0.0,8.129784859414932e-06,100.0,99.99999187021514,6.611780530130254e-08,6.6117799926067214e-06,100.0
10,I4,N2,0.0,0.0,2.1086759928007885e-05,99.99964462854349,99.99962354178356,-1.604659906014219e-06,-0.0001604653865140157,99.9998672888587
10,I4,N3,0.0006834746354731057,0.00148227117311961,9.413517716604212e-05,92.04965258365549,92.04955844847832,-1.1260137157847066e-06,-0.00010364906534491261,92.04924198941036
10,I4,N4,0.0,0.0,7.586385108655176e-06,100.0,99.99999241361489,7.259679725555298e-08,7.259679174808037e-06,100.0
10,I4,N5,0.0,0.0,1.7298368952674367e-06,100.0,99.9999982701631,9.080328992836077e-08,9.080328835761197e-06,100.0
10,I4,N6,0.0,0.0,1.997578334288785e-05,100.0,99.99998002421665,-1.1731933376162164e-06,-0.0001173193103261657,100.0
10,I4,N7,0.0,0.0,2.106107832219063e-05,99.99945851038349,99.99943744930516,-1.5943286238847385e-06,-0.00015943196549779868,99.99968154610914
10,I4,N8,40.53764289344827,167.46579680130893,40.53764297038946,40.537642840044214,0.0,33.054122945369315,0.0,-2.5159323513435083e-08
10,I4,N9,43.17669018079754,87.07051284963818,43.177503438554375,55.67694321924407,12.499439780689698,1.961162325784187e-06,2.4513430391296797e-05,12.499836658375784
10,I3,N1,0.0,0.0,4.2759743900482665e-05,100.0,99.9999572402561,9.081821781567338e-08,9.081817898203603e-06,100.0
10,I3,N2,0.00013271114130992588,0.0002689523244663967,3.728529193842628e-05,100.0,99.99996271470806,9.081821265038022e-08,9.08181787885445e-06,99.9998672888587
10,I3,N3,0.00036136376249421183,0.0007274234399793909,0.00024441502377027475,92.04960335317286,92.04935893814908,9.867032794703255e-08,9.082540433741282e-06,92.04924198941036
10,I3,N4,0.0,0.0,4.275952070095543e-05,100.0,99.9999572404793,9.081821781546873e-08,9.081817898203409e-06,100.0
10,I3,N5,0.0,0.0,4.252932614373978e-05,100.0,99.99995747067386,9.08182175999716e-08,9.081817897559565e-06,100.0
10,I3,N6,0.0,0.0,3.9899849807338674e-05,100.0,99.99996010015019,9.081821516506404e-08,9.081817892873259e-06,100.0
10,I3,N7,0.00013287290298050707,0.0002692729556341493,3.72861634134969e-05,99.99981441901213,99.9997771328487,9.081838136162722e-08,9.081817895728783e-06,99.99968154610914
10,I3,N8,32.12537090758444,136.41792906907173,32.12537089547955,32.125370882425116,0.0,29.49698360552891,0.0,-2.5159323513435083e-08
10,I3,N9,44.28598256808631,88.5719701985347,44.286161016688055,56.7858192264621,12.499658209774047,7.272019271913035e-07,9.089775539380285e-06,12.499836658375784
11,I1,N1,0.0,0.0,1.532752327106102e-05,100.0,99.99998467247673,1.6947355826045102e-07,1.6947353228435195e-05,100.0
11,I1,N2,0.0,0.0,6.651103990141099e-06,99.9998672888587,99.99986063775471,1.3799497873934243e-07,1.3799478642644167e-05,100.0
11,I1,N3,1.0187141393218722,3.6234004868789684,1.0268158157115337,93.04905221715636,92.02223640144483,-2.3963442461693295e-06,-0.00022051695672023616,92.02416692761717
11,I1,N4,0.0,0.0,1.5406281230253764e-05,100.0,99.99998459371876,1.701400186686156e-07,1.7013999245636584e-05,100.0
11,I1,N5,0.0,0.0,1.9108858952705787e-05,100.0,99.99998089114105,2.0538469533766104e-07,2.053846560909893e-05,100.0
11,I1,N6,0.0,0.0,6.840485475962909e-06,100.0,99.99999315951452,1.4063924707979912e-07,1.4063923745939184e-05,100.0
11,I1,N7,0.0,0.0,6.6559804624899e-06,99.99968154610914,99.99967489012869,1.3802523225220558e-07,1.3802478351855062e-05,99.99994073745181
11,I1,N8,15.5934120588946,67.15750545141978,15.593412015301466,15.593412135452581,1.201511157233881e-07,32.92790754542228,3.956324830019057e-06,-3.925592295672686e-08
11,I1,N9,0.008271130906569509,0.027858307527815887,7.070888127072595e-05,12.527242107341394,12.527171398460123,3.1351808425226734e-06,3.927494777945014e-05,12.524863426814605
11,I2,N1,0.0,0.0,7.621554427017683e-06,100.0,99.99999237844557,9.443520466134288e-07,9.443519746391235e-05,100.0
11,I2,N2,0.0,0.0,5.121731891681402e-06,99.9998672888587,99.9998621671268,6.358374874782765e-07,6.358366110851986e-05,100.0
11,I2,N3,6.956570046286995,23.62982364195198,6.959427375647562,98.98024102228015,92.02081364663259,-1.83036691025868e-06,-0.00016843185235387666,92.02416692761717
11,I2,N4,0.0,0.0,7.621096025631556e-06,100.0,99.99999237890397,9.443010095406253e-07,9.443009375745386e-05,100.0
11,I2,N5,0.0,0.0,7.539664822049336e-06,100.0,99.99999246033518,9.404561840024332e-07,9.404561130951891e-05,100.0
11,I2,N6,0.0,0.0,3.995768260550073e-06,100.0,99.99999600423173,4.796545336959897e-08,4.79654514530106e-06,100.0
11,I2,N7,5.9262548194801764e-05,0.00011980983426568887,5.126074047823192e-06,99.99986712709702,99.99986200102298,6.370111652207515e-07,6.370102861518599e-05,99.99994073745181
11,I2,N8,11.743574019347019,58.10601676230317,11.743574000418013,11.743574140072695,1.39654682485002e-07,35.36074581156413,4.9382937287468534e-06,-3.925592295672686e-08
11,I2,N9,0.0034620052752574924,0.0112782657133288,0.0006235173469009156,12.529056120209574,12.528432602862674,1.746252662672399e-06,2.187780879186064e-05,12.524863426814605
11,I4,N1,0.0,0.0,1.8072529944842775e-06,100.0,99.999998192747,9.081818255204747e-08,9.081818091073315e-06,100.0
11,I4,N2,0.0,0.0,1.8084090395720994e-06,99.9998672888587,99.99986548044966,9.08183031997538e-08,9.08181810313807e-06,100.0
11,I4,N3,0.0003049294332059541,0.0006886517659877564,0.0001426957750914605,92.02435445062864,92.02421175485354,9.86973209480643e-08,9.08254316256141e-06,92.02416692761717
11,I4,N4,0.0,0.0,1.8076929878464923e-06,100.0,99.99999819230702,9.081818255244749e-08,9.081818091073358e-06,100.0
11,I4,N5,0.0,0.0,1.8082331434000362e-06,100.0,99.99999819176686,9.081818255293853e-08,9.081818091073405e-06,100.0
11,I4,N6,0.0,0.0,2.065990839954511e-06,100.0,99.99999793400916,9.081818278726368e-08,9.081818091096834e-06,100.0
11,I4,N7,0.0,0.0,1.8084086673128539e-06,99.99980786454883,99.99980605614016,9.081835722203023e-08,9.081818108540278e-06,99.99994073745181
11,I4,N8,40.53764306919885,167.4658506251553,40.53764314452052,40.53764301417394,0.0,33.05405679214815,0.0,-3.925592295672686e-08
11,I4,N9,43.17725560007355,87.07164514235318,43.177497922620404,55.702284295731864,12.52478637311146,7.257425235483653e-07,9.08977006932609e-06,12.524863426814605
11,I3,N1,0.0,0.0,4.903431742663646e-06,100.0,99.99999509656826,2.2798929789830047e-06,0.00022798928671900087,100.0
11,I3,N2,0.0,0.0,4.566424269468297e-06,100.0,99.99999543357573,2.1107135355330578e-06,0.00021107134391489226,100.0
11,I3,N3,0.00024395734074976613,0.0004991215341805954,0.00019364030285928935,92.02441088495793,92.02421724465508,1.047987095194045e-05,0.0009644019211773182,92.02416692761717
11,I3,N4,0.0,0.0,4.912925449021835e-06,100.0,99.99999508707455,2.284551514032262e-06,0.00022845514017939494,100.0
11,I3,N5,0.0,0.0,4.903144485140893e-06,100.0,99.99999509685551,2.280867645737028e-06,0.00022808675339027916,100.0
11,I3,N6,0.0,0.0,4.7519751024340486e-06,100.0,99.9999952480249,2.1991038535503026e-06,0.00021991037490494352,100.0
11,I3,N7,0.0,0.0,4.5664531868632134e-06,99.99994073745181,99.99993617099862,2.1107273722335445e-06,0.0002110726024977341,99.99994073745181
11,I3,N8,32.12537089181545,136.4179424446342,32.125370885057315,32.12537085255953,0.0,31.483021291753,0.0,-3.925592295672686e-08
11,I3,N9,44.28614783693001,88.57230772074885,44.28621866643446,56.811011263744625,12.524792597310167,-9.622770741322922e-06,-0.0001205232077465342,12.524863426814605
12,I1,N1,0.0,0.0,9.366149404684853e-06,100.0,99.9999906338506,-0.0013724559060557446,-0.1372455777509474,100.0
12,I1,N2,0.0,0.0,5.9315155084404154e-06,100.0,99.9999940684845,-0.00018991525467004777,-0.0189915243405195,100.0
12,I1,N3,0.9970753188443591,3.5404013594488966,0.9878015386397105,93.04288106693905,92.05507952829933,-8.86185244756973e-05,-0.008157785318290856,92.04380408708808
12,I1,N4,0.0,0.0,9.366351002792225e-06,100.0,99.99999063364899,-0.0013726937469446593,-0.13726936183733446,100.0
12,I1,N5,0.0,0.0,9.303643734655878e-06,100.0,99.99999069635626,-0.001307158459603379,-0.13071583379900129,100.0
12,I1,N6,0.0,0.0,9.07685513077245e-06,100.0,99.99999092314486,-0.0011564965573021278,-0.11564964523286106,100.0
12,I1,N7,0.0,0.0,6.174364470942933e-06,99.99994073745181,99.99993456308734,-0.0002576751553955859,-0.02576749867809195,100.0
12,I1,N8,15.593411947364935,67.15745658685839,15.593411899566508,15.593412019638677,1.2007216909637464e-07,32.91713837373974,3.952432204980441e-06,-4.429989530763123e-08
12,I1,N9,0.02989667326366626,0.11079949257797195,0.03916476284527916,12.533134557721183,12.493969794875904,0.00013198664046882783,0.0016490370993446804,12.505200793358028
12,I2,N1,0.0,0.0,5.398237901342609e-06,100.0,99.9999946017621,2.3474152732382043e-07,2.3474151465191432e-05,100.0
12,I2,N2,0.0,0.0,3.91676600938677e-06,100.0,99.999996083234,1.9923767589252972e-07,1.9923766808885617e-05,100.0
12,I2,N3,6.958945914631826,23.63756356249578,6.959964143922469,99.00237579438169,92.04241165045923,-1.1795198693183686e-05,-0.0010856585336169716,92.04380408708808
12,I2,N4,0.0,0.0,5.402249859611867e-06,100.0,99.99999459775015,2.3483731028833154e-07,2.3483729760183328e-05,100.0
12,I2,N5,0.0,0.0,5.121901244405134e-06,100.0,99.99999487809876,2.3142349596531016e-07,2.3142348411202724e-05,100.0
12,I2,N6,0.0,0.0,4.114517083331199e-06,100.0,99.99999588548292,1.9786206142555704e-07,1.978620532844887e-05,100.0
12,I2,N7,0.0,0.0,3.9338704428013235e-06,100.0,99.99999606612955,1.9921476121454e-07,1.992147533776894e-05,100.0
12,I2,N8,11.743573972161265,58.10600551770345,11.743573951938801,11.743574091620758,1.3968195666791416e-07,35.35699289161063,4.938733948993705e-06,-4.429989530763123e-08
12,I2,N9,0.0011143829596188058,0.0035907640710047266,0.00010825911005936858,12.506699889732772,12.506591630622713,1.2897333695444285e-05,0.00016130168565279182,12.505200793358028
12,I4,N1,0.0,0.0,1.3402523013346537e-08,100.0,99.99999998659747,8.850846770328902e-08,8.850846769142665e-06,100.0
12,I4,N2,0.0,0.0,7.624252487271575e-09,100.0,99.99999999237575,9.01875197438381e-08,9.018751973696198e-06,100.0
12,I4,N3,9.147882996178624e-05,0.00020660640357448453,0.0,92.04373480918306,92.04373480918306,1.0748281792892079e-07,9.893119989993292e-06,92.04380408708808
12,I4,N4,0.0,0.0,1.357587431553567e-08,100.0,99.99999998642413,8.846404534740034e-08,8.846404533539057e-06,100.0
12,I4,N5,0.0,0.0,2.9402348925695262e-08,100.0,99.99999997059766,8.670964668976077e-08,8.670964666426609e-06,100.0
12,I4,N6,0.0,0.0,2.0245674037868843e-09,100.0,99.99999999797544,1.0051939710362332e-07,1.0051939710158824e-05,100.0
12,I4,N7,0.0,0.0,1.279974665112257e-08,100.0,99.99999998720025,8.866848970653302e-08,8.866848969518368e-06,100.0
12,I4,N8,40.53764324321676,167.46589908643614,40.537643317795876,40.53764318865835,0.0,32.908756326419336,0.0,-4.429989530763123e-08
12,I4,N9,43.17747822015764,87.0721484929384,43.17757362876511,55.6828411068467,12.505267478081592,-5.644282387669835e-06,-7.058326097963631e-05,12.505200793358028
12,I3,N1,0.0,0.0,4.843066436884744e-06,100.0,99.99999515693356,9.081818531187949e-08,9.081818091349443e-06,100.0
12,I3,N2,0.0,0.0,4.845198475591177e-06,100.0,99.99999515480152,9.08181853138175e-08,9.081818091349616e-06,100.0
12,I3,N3,8.32006057739101e-05,0.00017606312772735355,1.4304862212828916e-05,92.04388728769385,92.04387298283163,9.867621907736781e-08,9.08254137518331e-06,92.04380408708808
12,I3,N4,0.0,0.0,4.843374268703482e-06,100.0,99.99999515662573,9.0818185312159e-08,9.081818091349438e-06,100.0
12,I3,N5,0.0,0.0,4.846741823834601e-06,100.0,99.99999515325818,9.081818531522018e-08,9.081818091349723e-06,100.0
12,I3,N6,0.0,0.0,4.938209512025036e-06,100.0,99.99999506179049,9.081818539837341e-08,9.081818091358113e-06,100.0
12,I3,N7,0.0,0.0,5.0403541823754966e-06,100.0,99.99999495964582,9.081818549123194e-08,9.081818091367373e-06,100.0
12,I3,N8,32.12537088155693,136.41795466278762,32.12537087716042,32.12537083725704,0.0,32.31153689614534,0.0,-4.429989530763123e-08
12,I3,N9,44.28630993026104,88.57264760918767,44.28637939883148,56.791510723619076,12.505131324787598,7.268833578659195e-07,9.089771847915904e-06,12.505200793358028
13,I1,N1,0.0,0.0,6.241418246233015e-06,100.0,99.99999375858175,9.080546892154339e-08,9.08054632539943e-06,100.0
13,I1,N2,0.0,0.0,6.525710236849611e-06,100.0,99.99999347428977,9.079496086180152e-08,9.079495493678547e-06,100.0
13,I1,N3,1.0179933057599806,3.6179091016832396,1.0269581572952469,93.04087940593244,92.0139212486372,9.841533901360513e-08,9.055581253655795e-06,92.02262832823708
13,I1,N4,0.0,0.0,6.231357384808981e-06,100.0,99.99999376864261,9.080554666261096e-08,9.080554100419281e-06,100.0
13,I1,N5,0.0,0.0,6.5198770612735295e-06,100.0,99.99999348012294,9.080317625065875e-08,9.08031703304033e-06,100.0
13,I1,N6,0.0,0.0,6.3093613869613235e-06,100.0,99.99999369063862,9.079378911883948e-08,9.07937833903312e-06,100.0
13,I1,N7,0.0,0.0,6.525736500642588e-06,100.0,99.9999934742635,9.079496138694156e-08,9.079495546190163e-06,100.0
13,I1,N8,15.593411832254343,67.15740758723108,15.593411782921232,15.593411903065032,1.2014380068592345e-07,32.92878008789557,3.95618879171073e-06,-4.565565348002565e-08
13,I1,N9,0.008982622683948227,0.03327821712691168,1.9458149783353634e-05,12.535097466621707,12.535078008471924,7.25574328996882e-07,9.095130814920589e-06,12.526401950505658
13,I2,N1,0.0,0.0,1.4407365387833269e-05,100.0,99.99998559263462,3.823327114569158e-06,0.00038233265637284506,100.0
13,I2,N2,0.0,0.0,9.89919738425343e-06,100.0,99.99999010080262,2.9229550070935884e-06,0.00029229547177445027,100.0
13,I2,N3,6.959317219586967,23.63895138075872,6.959476350282027,98.98183201480428,92.02235566452225,1.5105137731834633e-05,0.0013900103567204816,92.02262832823708
13,I2,N4,0.0,0.0,1.4479878153226019e-05,100.0,99.99998552012185,3.829445651792809e-06,0.0003829445097293745,100.0
13,I2,N5,0.0,0.0,1.3879912762715813e-05,100.0,99.99998612008724,3.815077246241795e-06,0.00038150767167124017,100.0
13,I2,N6,0.0,0.0,1.0345852148630302e-05,100.0,99.99998965414785,3.94497133777947e-06,0.00039449709296385683,100.0
13,I2,N7,0.0,0.0,9.900818340598656e-06,100.0,99.99999009918166,2.924107052475172e-06,0.00029241067629646447,100.0
13,I2,N8,11.74357392401529,58.105992603471734,11.743573903381302,11.743574042971957,1.3959065547908267e-07,35.36956297699761,4.937260479967791e-06,-4.565565348002565e-08
13,I2,N9,0.0007361195614764518,0.0021881565267236618,0.0005740066765583001,12.527229226897376,12.526655220220817,-1.8695277762866984e-05,-0.00023418929878169588,12.526401950505658
13,I4,N1,0.0,0.0,5.031806816136519e-06,100.0,99.99999496819318,6.013398086990985e-06,0.000601339778440841,100.0
13,I4,N2,0.0,0.0,4.6448376402606805e-06,100.0,99.99999535516235,5.34555226960655e-06,0.0005345552021314326,100.0
13,I4,N3,6.114641597429068e-05,0.00014662140445216581,4.8146809979649734e-05,92.02260627404728,92.0225581272373,3.1369114319326064e-05,0.002886666145850135,92.02262832823708
13,I4,N4,0.0,0.0,4.98817666760926e-06,100.0,99.99999501182333,5.9331694249932845e-06,0.0005933169129036311,100.0
13,I4,N5,0.0,0.0,4.139948263346254e-06,100.0,99.99999586005174,4.442058404352935e-06,0.0004442058220454015,100.0
13,I4,N6,0.0,0.0,5.275132114993925e-06,100.0,99.99999472486789,6.453773939706004e-06,0.0006453773599260903,100.0
13,I4,N7,0.0,0.0,4.643483052203555e-06,100.0,99.99999535651695,5.343089205982095e-06,0.0005343088957876653,100.0
13,I4,N8,40.53764341766467,167.4659488354046,40.53764349242805,40.537643362173434,0.0,33.04322237737678,0.0,-4.565565348002565e-08
13,I4,N9,43.17751539474942,87.07223013951224,43.17753132671733,55.703971327493534,12.526440000776205,-3.5899770810635985e-05,-0.0004496963251010486,12.526401950505658
13,I3,N1,0.0,0.0,2.4931051289805788e-09,100.0,99.99999999750689,9.010877641315513e-08,9.010877641090861e-06,100.0
13,I3,N2,0.0,0.0,0.0,100.0,100.0,9.044165806564122e-08,9.044165806564122e-06,100.0
13,I3,N3,0.0,0.0,0.0,92.02262832823708,92.02262832823708,9.824513435864389e-08,9.0407754841432e-06,92.02262832823708
13,I3,N4,0.0,0.0,2.538576370113883e-09,100.0,99.99999999746143,9.010659342443767e-08,9.010659342215025e-06,100.0
13,I3,N5,0.0,0.0,8.55082980090878e-09,100.0,99.99999999144917,8.996313059030804e-08,8.996313058261545e-06,100.0
13,I3,N6,0.0,0.0,5.593422676098945e-09,100.0,99.99999999440658,8.997932450161963e-08,8.997932449658672e-06,100.0
13,I3,N7,0.0,0.0,0.0,100.0,100.0,9.044133663010017e-08,9.044133663010017e-06,100.0
13,I3,N8,32.12537087172135,136.41796895684857,32.1253708675061,32.125370826065705,0.0,32.48998371186677,0.0,-4.565565348002565e-08
13,I3,N9,44.2863639124995,88.57277113755762,44.28638704774456,56.812765863005154,12.526378815260593,7.25448361883556e-07,9.087240991863676e-06,12.526401950505658
14,I1,N1,0.0,0.0,1.2215438352760678e-05,100.0,99.99998778456165,8.846902715840297e-08,8.84690163515235e-06,100.0
14,I1,N2,0.0,0.0,9.742291762418051e-06,100.0,99.99999025770823,8.85119602633957e-08,8.851195164030228e-06,100.0
14,I1,N3,1.0233472321762949,3.6385884428146857,1.0256417720690012,93.04062163399706,92.01497986192805,1.8135414140340672e-06,0.00016687297669111724,92.01703237035663
14,I1,N4,0.0,0.0,1.2203541633619938e-05,100.0,99.99998779645837,8.847211175186095e-08,8.847210095512997e-06,100.0
14,I1,N5,0.0,0.0,1.2198353857057518e-05,100.0,99.99998780164614,8.845694924015196e-08,8.845693844986028e-06,100.0
14,I1,N6,0.0,0.0,1.3130579152528801e-05,100.0,99.99998686942085,8.3199733977059e-08,8.319972305245209e-06,100.0
14,I1,N7,0.0,0.0,9.742298675706794e-06,100.0,99.99999025770133,8.851200404939234e-08,8.851199542628854e-06,100.0
14,I1,N8,15.593411716198425,67.1573591843493,15.593411666460172,15.593411786598693,1.2013852135339675e-07,32.92940993279148,3.956090618365424e-06,-4.600379099883867e-08
14,I1,N9,0.003645017165568703,0.012615870269690452,0.0013574719434060493,12.535384573189603,12.534027101246197,-9.719332261422687e-07,-1.2182237397068845e-05,12.531979890343365
14,I2,N1,0.0,0.0,3.1500757828974697e-06,100.0,99.99999684992422,8.993995547952988e-08,8.993995264635312e-06,100.0
14,I2,N2,0.0,0.0,3.2378789955283555e-06,100.0,99.999996762121,9.014584574074727e-08,9.014584282193387e-06,100.0
14,I2,N3,6.959620397467075,23.639905040667017,6.9597503308442645,98.97659162140774,92.01684129056348,1.3632376403820064e-07,1.2544082159635334e-05,92.01703237035663
14,I2,N4,0.0,0.0,3.1500665252039818e-06,100.0,99.99999684993348,8.993995738389723e-08,8.993995455072874e-06,100.0
14,I2,N5,0.0,0.0,3.107732104134698e-06,100.0,99.9999968922679,8.991574069239003e-08,8.991573789804969e-06,100.0
14,I2,N6,0.0,0.0,2.934731941596392e-06,100.0,99.99999706526806,9.001549174276422e-08,9.001548910105084e-06,100.0
14,I2,N7,0.0,0.0,3.2214673713394483e-06,100.0,99.99999677853263,9.013982661410833e-08,9.013982371028323e-06,100.0
14,I2,N8,11.743573875539441,58.105982106691634,11.743573854764076,11.743573994415556,1.3965147971362057e-07,35.36118623210935,4.938241981742978e-06,-4.600379099883867e-08
14,I2,N9,0.00043834284207500357,0.0012505872373924632,0.0003107242480458114,12.532475675585502,12.532164951337457,6.880549867723305e-07,8.622818589821158e-06,12.531979890343365
14,I4,N1,0.0,0.0,0.0,100.0,100.0,9.066336285806558e-08,9.066336285806558e-06,100.0
14,I4,N2,0.0,0.0,0.0,100.0,100.0,9.04192550016314e-08,9.041925500163139e-06,100.0
14,I4,N3,0.0,0.0,0.0,92.01703237035663,92.01703237035663,9.844581837218516e-08,9.058692055879612e-06,92.01703237035663
14,I4,N4,0.0,0.0,0.0,100.0,100.0,9.031499374017908e-08,9.031499374017908e-06,100.0
14,I4,N5,0.0,0.0,4.3415996355559416e-09,100.0,99.9999999956584,8.902709558065667e-08,8.902709557679147e-06,100.0
14,I4,N6,0.0,0.0,0.0,100.0,100.0,9.021628104312767e-08,9.021628104312767e-06,100.0
14,I4,N7,0.0,0.0,0.0,100.0,100.0,9.04191645372474e-08,9.04191645372474e-06,100.0
14,I4,N8,40.53764359132244,167.46599457395848,40.537643665747204,40.537643536540784,0.0,32.9177996475419,0.0,-4.600379099883867e-08
14,I4,N9,43.17755943353625,87.07233962862914,43.177578307302035,55.709552727492856,12.53197442019082,7.250621520796784e-07,9.086460342911035e-06,12.531979890343365
14,I3,N1,0.0,0.0,4.365508178639774e-07,100.0,99.99999956344918,-7.53555174902528e-08,-7.535551716128767e-06,100.0
14,I3,N2,0.0,0.0,3.1213145926444255e-07,100.0,99.99999968786854,-2.7404531891099508e-08,-2.740453180556134e-06,100.0
14,I3,N3,0.0,0.0,3.88859621259472e-07,92.01703237035663,92.01703198149701,-3.225151027954318e-08,-2.9676882528443044e-06,92.01703237035663
14,I3,N4,0.0,0.0,4.352356434904003e-07,100.0,99.99999956476435,-7.486178484120492e-08,-7.486178451537975e-06,100.0
14,I3,N5,0.0,0.0,4.39759305485898e-07,100.0,99.9999995602407,-7.918029517660618e-08,-7.918029482840346e-06,100.0
14,I3,N6,0.0,0.0,2.762345562841337e-07,100.0,99.99999972376544,0.0,0.0,100.0
14,I3,N7,0.0,0.0,7.866688527243489e-10,100.0,99.99999999921333,9.189592966206128e-08,9.189592966133836e-06,100.0
14,I3,N8,32.125370862943484,136.41798245983634,32.12537085918154,32.12537081693969,0.0,32.531818239294694,0.0,-4.600379099883867e-08
14,I3,N9,44.286377316112734,88.57280298504259,44.286383060518396,56.818357206456106,12.53197414593771,-3.959607767643572e-05,-0.0004962170217216338,12.531979890343365
