unit,soc_hour,node,soc_mwh,delta_soc_capacity_dual,rho_periodicity_dual
I3,0,N1,6.361442691333371e-05,-0.017318477186995376,-65.39535643489084
I3,1,N1,6.359240275217227e-05,-0.017309765262952838,-65.39535643489084
I3,2,N1,6.357037770322479e-05,-0.017300525070504363,-65.39535643489084
I3,3,N1,6.354835164087142e-05,-0.017290982249943354,-65.39535643489084
I3,4,N1,6.352632438153746e-05,-0.01728125072133937,-65.39535643489084
I3,5,N1,6.350429577073896e-05,-0.01727137356982735,-65.39535643489084
I3,6,N1,6.348226563141575e-05,-0.01726133855441376,-65.39535643489084
I3,7,N1,6.346023382841473e-05,-0.01725107391076062,-65.39535643489084
I3,8,N1,6.343820021675578e-05,-0.017240422937610397,-65.39535643489084
I3,9,N1,6.34161646516851e-05,-0.017229088512372804,-65.39535643489084
I3,10,N1,6.351966966555157e-05,-0.01725215505074084,-65.39535643489084
I3,11,N1,6.362317228119263e-05,-0.017274658953307775,-65.39535643489084
I3,12,N1,6.37266736946592e-05,-0.01729699155935429,-65.39535643489084
I3,13,N1,6.383017498573352e-05,-0.017319459095396995,-65.39535643489084
I3,14,N1,6.3933677204606e-05,-0.017342395509189826,-65.39535643489084
I3,15,N1,6.403718141591083e-05,-0.01736628568223416,-65.39535643489084
I3,16,N1,6.414068849203078e-05,-0.017391935334220697,-65.39535643489084
I3,17,N1,6.424419916872842e-05,-0.01742076612745132,-65.39535643489084
I3,18,N1,6.422217019159143e-05,-0.017419034290599315,-65.39535643489084
I3,19,N1,6.428907824518867e-05,-0.01745027477916602,-65.39535643489084
I3,20,N1,6.370251581302803e-05,-0.017319696904900442,-65.39535643489084
I3,21,N1,6.368049388142218e-05,-0.01732813082328844,-65.39535643489084
I3,22,N1,6.365847192433325e-05,-0.01732844529316832,-65.39535643489084
I3,23,N1,6.363644967417753e-05,-0.017324298289193178,-65.39535643489084
I3,24,N1,6.361442691333371e-05,-0.017317747988434367,-65.39535643489084
I3,0,N2,6.356708497451128e-05,-0.01729427161304113,-66.01578104553344
I3,1,N2,6.355554883627888e-05,-0.01728775358350028,-66.01578104553344
I3,2,N2,6.354401156748658e-05,-0.017280867954847616,-66.01578104553344
I3,3,N2,6.353247312000258e-05,-0.017273769584930352,-66.01578104553344
I3,4,N2,6.352093338781867e-05,-0.017266535574540748,-66.01578104553344
I3,5,N2,6.35093922927995e-05,-0.017259192649950194,-66.01578104553344
I3,6,N2,6.349784973425272e-05,-0.01725172693441538,-66.01578104553344
I3,7,N2,6.348630565177789e-05,-0.0172440790890049,-66.01578104553344
I3,8,N2,6.347475997452497e-05,-0.017236123249176102,-66.01578104553344
I3,9,N2,6.34632126312675e-05,-0.01722762238802618,-66.01578104553344
I3,10,N2,6.35946413644794e-05,-0.017256898692820072,-66.01578104553344
I3,11,N2,6.372482769174895e-05,-0.017285554044088963,-66.01578104553344
I3,12,N2,6.380433684881485e-05,-0.017313130695195328,-66.01578104553344
I3,13,N2,6.388384639102819e-05,-0.0173409748057501,-66.01578104553344
I3,14,N2,6.396335712822863e-05,-0.0173692172117819,-66.01578104553344
I3,15,N2,6.404286987461107e-05,-0.017398100659561974,-66.01578104553344
I3,16,N2,6.417306433211794e-05,-0.01742936345686872,-66.01578104553344
I3,17,N2,6.430448801004745e-05,-0.01746333959426909,-66.01578104553344
I3,18,N2,6.429295007756211e-05,-0.0174619559952236,-66.01578104553344
I3,19,N2,6.422186830276004e-05,-0.01744764952919235,-66.01578104553344
I3,20,N2,6.361321629176374e-05,-0.01729699246804727,-66.01578104553344
I3,21,N2,6.36016845849419e-05,-0.017302367842713846,-66.01578104553344
I3,22,N2,6.359015222673189e-05,-0.017302115359277673,-66.01578104553344
I3,23,N2,6.357861906320564e-05,-0.017298768358901647,-66.01578104553344
I3,24,N2,6.356708497451128e-05,-0.01729375220964465,-66.01578104553344
I3,0,N3,1.073907913751849,-9.659541119938174e-07,-74.19235413721762
I3,1,N3,1.0739079841519397,-9.659542257339198e-07,-74.19235413721762
I3,2,N3,1.07390805470438,-9.659543396999126e-07,-74.19235413721762
I3,3,N3,1.0739081252566052,-9.659544536624403e-07,-74.19235413721762
I3,4,N3,1.0739081958161785,-9.65954567629022e-07,-74.19235413721762
I3,5,N3,1.0739082663458068,-9.659546815516065e-07,-74.19235413721762
I3,6,N3,1.0739083368842837,-9.659547954850195e-07,-74.19235413721762
I3,7,N3,1.0739084076171934,-9.659549098640837e-07,-74.19235413721762
I3,8,N3,1.0739084787340927,-9.65955024870187e-07,-74.19235413721762
I3,9,N3,1.0739085497855148,-9.659551397287392e-07,-74.19235413721762
I3,10,N3,1.0739088132470695,-9.659557168600142e-07,-74.19235413721762
I3,11,N3,1.0739090782132132,-9.659563014199942e-07,-74.19235413721762
I3,12,N3,1.0739097632901666,-9.659568879518333e-07,-74.19235413721762
I3,13,N3,1.0739104601141949,-9.659574846231713e-07,-74.19235413721762
I3,14,N3,1.0958825742330196,-9.855730939042723e-07,-74.19235413721762
I3,15,N3,1.2101344089300896,-1.1003384637879305e-06,-74.19235413721762
I3,16,N3,1.2101346966302629,-1.100339379574068e-06,-74.19235413721762
I3,17,N3,1.2101349593362658,-1.1003401220578336e-06,-74.19235413721762
I3,18,N3,1.2101350294888764,-1.100340268778405e-06,-74.19235413721762
I3,19,N3,1.2101351001345808,-1.1003404165751836e-06,-74.19235413721762
I3,20,N3,1.0739076367021487,-9.65953664526571e-07,-74.19235413721762
I3,21,N3,1.0739077071997327,-9.659537784505552e-07,-74.19235413721762
I3,22,N3,1.0739077766186949,-9.659538906436802e-07,-74.19235413721762
I3,23,N3,1.0739078452951678,-9.65954001687856e-07,-74.19235413721762
I3,24,N3,1.073907913751849,-9.659541123451362e-07,-74.19235413721762
I3,0,N4,6.358115729032795e-05,-0.017329884011952814,-65.29519502369526
I3,1,N4,6.356446955399546e-05,-0.0173213034120567,-65.29519502369526
I3,2,N4,6.354778076265447e-05,-0.0173118444146543,-65.29519502369526
I3,3,N4,6.353109082886807e-05,-0.017301878688551642,-65.29519502369526
I3,4,N4,6.351439961169001e-05,-0.017291592829235116,-65.29519502369526
I3,5,N4,6.349770699985125e-05,-0.017281055278136347,-65.29519502369526
I3,6,N4,6.348101286161932e-05,-0.017270240977228464,-65.29519502369526
I3,7,N4,6.346431710683496e-05,-0.017259022702728822,-65.29519502369526
I3,8,N4,6.344761963791989e-05,-0.017247126000437627,-65.29519502369526
I3,9,N4,6.343092036098594e-05,-0.017234031875591384,-65.29519502369526
I3,10,N4,6.353829545356422e-05,-0.017253419502710254,-65.29519502369526
I3,11,N4,6.36456697960956e-05,-0.017271771460898686,-65.29519502369526
I3,12,N4,6.375304392302322e-05,-0.017289763141082923,-65.29519502369526
I3,13,N4,6.386041834043997e-05,-0.017307919061980797,-65.29519502369526
I3,14,N4,6.396779358670429e-05,-0.01732680199909767,-65.29519502369526
I3,15,N4,6.407517014860805e-05,-0.01734721380677943,-65.29519502369526
I3,16,N4,6.418254813604266e-05,-0.01737047812986052,-65.29519502369526
I3,17,N4,6.428992635925191e-05,-0.017398899910678355,-65.29519502369526
I3,18,N4,6.427323501648444e-05,-0.01740140064194136,-65.29519502369526
I3,19,N4,6.434461646786027e-05,-0.01743946674467148,-65.29519502369526
I3,20,N4,6.364789756456131e-05,-0.01730992708096864,-65.29519502369526
I3,21,N4,6.363121310682323e-05,-0.017329107427643188,-65.29519502369526
I3,22,N4,6.361452842398639e-05,-0.017335136687700255,-65.29519502369526
I3,23,N4,6.359784322283332e-05,-0.01733394389525607,-65.29519502369526
I3,24,N4,6.358115729032795e-05,-0.017328869757754644,-65.29519502369526
I3,0,N5,0.9341533590936776,-1.1708312760008411e-06,-72.68289144712267
I3,1,N5,0.9341534132100362,-1.170831389225028e-06,-72.68289144712267
I3,2,N5,0.9341534672525702,-1.1708315022963014e-06,-72.68289144712267
I3,3,N5,0.9341535212817944,-1.1708316153391538e-06,-72.68289144712267
I3,4,N5,0.934153575295736,-1.1708317283495023e-06,-72.68289144712267
I3,5,N5,0.9341536293024042,-1.1708318413446775e-06,-72.68289144712267
I3,6,N5,0.9341536833064136,-1.1708319543341286e-06,-72.68289144712267
I3,7,N5,0.934153737448956,-1.1708320676113999e-06,-72.68289144712267
I3,8,N5,0.9341537917166963,-1.1708321811529166e-06,-72.68289144712267
I3,9,N5,0.9341538458743145,-1.1708322944608367e-06,-72.68289144712267
I3,10,N5,0.9341545647921683,-1.1709523512141106e-06,-72.68289144712267
I3,11,N5,0.9341552876616684,-1.1713162360208734e-06,-72.68289144712267
I3,12,N5,0.9341557546285798,-1.171351970866602e-06,-72.68289144712267
I3,13,N5,0.9341562214406276,-1.1713871302093197e-06,-72.68289144712267
I3,14,N5,0.9341566967347192,-1.171750435092646e-06,-72.68289144712267
I3,15,N5,0.9341571634752713,-1.1717853483917415e-06,-72.68289144712267
I3,16,N5,0.9341578829764412,-1.1719197166230492e-06,-72.68289144712267
I3,17,N5,0.934158601257644,-1.1720286331639332e-06,-72.68289144712267
I3,18,N5,0.9341586552598287,-1.1720287463779517e-06,-72.68289144712267
I3,19,N5,0.9341586032736157,-1.1720286991394093e-06,-72.68289144712267
I3,20,N5,0.9341531431567591,-1.1708308241865618e-06,-72.68289144712267
I3,21,N5,0.9341531972137314,-1.1708309372852555e-06,-72.68289144712267
I3,22,N5,0.9341532511880164,-1.170831050213045e-06,-72.68289144712267
I3,23,N5,0.9341533051643679,-1.1708311631450797e-06,-72.68289144712267
I3,24,N5,0.9341533590936776,-1.1708312759808418e-06,-72.68289144712267
I3,0,N6,6.358529276794016e-05,-0.017283566072326808,-66.1617299497237
I3,1,N6,6.356319760924356e-05,-0.017276828873634607,-66.1617299497237
I3,2,N6,6.354110133939766e-05,-0.017270036358476723,-66.1617299497237
I3,3,N6,6.351900383819415e-05,-0.017263214496728817,-66.1617299497237
I3,4,N6,6.349690492357487e-05,-0.017256376979146434,-66.1617299497237
I3,5,N6,6.347480444104956e-05,-0.017249530153188787,-66.1617299497237
I3,6,N6,6.34527022117149e-05,-0.017242675301405132,-66.1617299497237
I3,7,N6,6.343059809715667e-05,-0.017235809149351418,-66.1617299497237
I3,8,N6,6.340849194648633e-05,-0.01722892270604655,-66.1617299497237
I3,9,N6,6.338638360481648e-05,-0.01722199810577597,-66.1617299497237
I3,10,N6,6.349333233132354e-05,-0.017254083807253653,-66.1617299497237
I3,11,N6,6.36002777373254e-05,-0.017286246881516778,-66.1617299497237
I3,12,N6,6.372924161860724e-05,-0.01731856459056277,-66.1617299497237
I3,13,N6,6.38582056633637e-05,-0.017351015771939274,-66.1617299497237
I3,14,N6,6.398717221596578e-05,-0.01738363959754585,-66.1617299497237
I3,15,N6,6.411614361724632e-05,-0.017416493822041045,-66.1617299497237
I3,16,N6,6.422309925961446e-05,-0.01744961878216385,-66.1617299497237
I3,17,N6,6.433006230808818e-05,-0.017483220964350336,-66.1617299497237
I3,18,N6,6.430796272024218e-05,-0.01747729360174484,-66.1617299497237
I3,19,N6,6.43392244842135e-05,-0.017489012621629853,-66.1617299497237
I3,20,N6,6.367366187304716e-05,-0.0173065763297518,-66.1617299497237
I3,21,N6,6.365157043928334e-05,-0.017301838994354172,-66.1617299497237
I3,22,N6,6.362947855578227e-05,-0.01729615212280351,-66.1617299497237
I3,23,N6,6.360738605297677e-05,-0.01728994469875201,-66.1617299497237
I3,24,N6,6.358529276794016e-05,-0.017283457180600103,-66.1617299497237
I3,0,N7,6.35667905388775e-05,-0.017294806412037473,-66.00842776421588
I3,1,N7,6.355531229089812e-05,-0.017288278385125408,-66.00842776421588
I3,2,N7,6.354383291162128e-05,-0.017281371143015138,-66.00842776421588
I3,3,N7,6.353235235312948e-05,-0.017274244378935294,-66.00842776421588
I3,4,N7,6.352087050971454e-05,-0.01726697743620783,-66.00842776421588
I3,5,N7,6.350938730358182e-05,-0.0172595977717139,-66.00842776421588
I3,6,N7,6.349790263442607e-05,-0.017252090837266365,-66.00842776421588
I3,7,N7,6.348641644226694e-05,-0.017244395008276948,-66.00842776421588
I3,8,N7,6.347492865674914e-05,-0.017236379718271713,-66.00842776421588
I3,9,N7,6.346343920726254e-05,-0.017227799163255095,-66.00842776421588
I3,10,N7,6.359488394291599e-05,-0.017256939328946654,-66.00842776421588
I3,11,N7,6.37250877715503e-05,-0.017285433378257074,-66.00842776421588
I3,12,N7,6.380464297004452e-05,-0.017312802500929425,-66.00842776421588
I3,13,N7,6.388419854958793e-05,-0.017340443539284336,-66.00842776421588
I3,14,N7,6.396375531663303e-05,-0.017368490959683583,-66.00842776421588
I3,15,N7,6.404331408181086e-05,-0.01739719448499378,-66.00842776421588
I3,16,N7,6.417352590346768e-05,-0.01742835478002392,-66.00842776421588
I3,17,N7,6.430496561667889e-05,-0.01746231286549934,-66.00842776421588
I3,18,N7,6.429348558050583e-05,-0.017461071602724886,-66.00842776421588
I3,19,N7,6.422250298950023e-05,-0.01744712384312198,-66.00842776421588
I3,20,N7,6.361269029135037e-05,-0.017296856479341864,-66.00842776421588
I3,21,N7,6.360121647373374e-05,-0.017302584933291197,-66.00842776421588
I3,22,N7,6.35897420071274e-05,-0.017302513740611262,-66.00842776421588
I3,23,N7,6.357826673575491e-05,-0.017299253612253436,-66.00842776421588
I3,24,N7,6.35667905388775e-05,-0.017294273510097127,-66.00842776421588
I3,0,N8,3.5996443490806267,-1.3400457045840206e-08,-87.42057680266531
I3,1,N8,3.5995599979708532,-1.3398574766817714e-08,-87.42057680266531
I3,2,N8,3.5995599898700865,-1.3398574764658687e-08,-87.42057680266531
I3,3,N8,3.599475642465743,-1.339669673938493e-08,-87.42057680266531
I3,4,N8,3.5994756347131474,-1.3396696737399208e-08,-87.42057680266531
I3,5,N8,3.5994756264315257,-1.3396696735150681e-08,-87.42057680266531
I3,6,N8,3.599475617107113,-1.3396696732384238e-08,-87.42057680266531
I3,7,N8,3.599475608737212,-1.3396696730091855e-08,-87.42057680266531
I3,8,N8,2.5197416301738675,-1.2873015682015527e-08,-87.42057680266531
I3,9,N8,3.553783711752216e-07,-1.1737579617934171e-08,-87.42057680266531
I3,10,N8,3.4735920833452406e-07,-1.1737579606420214e-08,-87.42057680266531
I3,11,N8,3.393276118648387e-07,-1.1737579600745036e-08,-87.42057680266531
I3,12,N8,20.903562311971218,-2.695713124515013e-08,-87.42057680266531
I3,13,N8,41.80712418919986,-1.1325178398715781e-07,-87.42057680266531
I3,14,N8,47.36198244358216,-3.147698955620635e-07,-87.42057680266531
I3,15,N8,50.75942442290386,-2.259664086662898,-87.42057680266531
I3,16,N8,50.759424414565714,-2.1744421825047735,-87.42057680266531
I3,17,N8,50.75942440771517,-2.086001376733384,-87.42057680266531
I3,18,N8,50.75942439931767,-1.8262768674105245,-87.42057680266531
I3,19,N8,26.899452704806873,-3.6244271316662566e-08,-87.42057680266531
I3,20,N8,3.5996443790263832,-1.3400457052109175e-08,-87.42057680266531
I3,21,N8,3.599644369609836,-1.3400457049296119e-08,-87.42057680266531
I3,22,N8,3.5996443627307158,-1.3400457047743961e-08,-87.42057680266531
I3,23,N8,3.5996443559115217,-1.3400457046221596e-08,-87.42057680266531
I3,24,N8,3.5996443490806267,-1.3400457044693423e-08,-87.42057680266531
I3,0,N9,2.5512053108241273,-3.763686760970128e-07,-71.80204661230194
I3,1,N9,2.551205341981118,-3.7636868452580287e-07,-71.80204661230194
I3,2,N9,2.5512053788827385,-3.763686943582947e-07,-71.80204661230194
I3,3,N9,2.5512054189790563,-3.7636870498978895e-07,-71.80204661230194
I3,4,N9,2.551205459236006,-3.763687156616668e-07,-71.80204661230194
I3,5,N9,2.551205501288958,-3.76368726769995e-07,-71.80204661230194
I3,6,N9,2.5512055432947123,-3.7636873786707613e-07,-71.80204661230194
I3,7,N9,2.551205574693387,-3.7636874634787535e-07,-71.80204661230194
I3,8,N9,2.551205619159134,-3.7636875803210114e-07,-71.80204661230194
I3,9,N9,2.5512056637789953,-3.763687697518058e-07,-71.80204661230194
I3,10,N9,2.551205967819468,-3.763689019059053e-07,-71.80204661230194
I3,11,N9,2.5512062760627017,-3.763690391546969e-07,-71.80204661230194
I3,12,N9,2.5512085269560076,-3.763693429378416e-07,-71.80204661230194
I3,13,N9,2.5512095639291683,-3.7636948248637e-07,-71.80204661230194
I3,14,N9,2.742526912297832,-4.041685808793617e-07,-71.80204661230194
I3,15,N9,3.252575055028768,-5.023221068767623e-07,-71.80204661230194
I3,16,N9,3.2525753624161413,-5.023223463526716e-07,-71.80204661230194
I3,17,N9,3.2525756662224845,-5.023225782425137e-07,-71.80204661230194
I3,18,N9,3.252575697764632,-5.02322593217237e-07,-71.80204661230194
I3,19,N9,3.252575742178247,-5.023226137393302e-07,-71.80204661230194
I3,20,N9,2.551205177336876,-3.7636864019951254e-07,-71.80204661230194
I3,21,N9,2.5512052215548846,-3.763686518242606e-07,-71.80204661230194
I3,22,N9,2.551205252716961,-3.7636866025074657e-07,-71.80204661230194
I3,23,N9,2.5512052816491186,-3.763686681434668e-07,-71.80204661230194
I3,24,N9,2.5512053108241273,-3.7636867609682576e-07,-71.80204661230194
I2,0,N1,4.5358464066436796e-05,-0.01704284432821638,-71.96962372303548
I2,1,N1,4.543232792717667e-05,-0.01706197049388443,-71.96962372303548
I2,2,N1,4.550603185158243e-05,-0.017081097385606064,-71.96962372303548
I2,3,N1,4.557957740319865e-05,-0.017100225142027584,-71.96962372303548
I2,4,N1,4.565296603200509e-05,-0.017119353950409096,-71.96962372303548
I2,5,N1,4.5726199221281374e-05,-0.017138484040596338,-71.96962372303548
I2,6,N1,4.579927840356741e-05,-0.017157615651637634,-71.96962372303548
I2,7,N1,4.587220506699073e-05,-0.01717674905845141,-71.96962372303548
I2,8,N1,4.5944980671633776e-05,-0.017195884553209924,-71.96962372303548
I2,9,N1,4.6017606660545994e-05,-0.017215022479137285,-71.96962372303548
I2,10,N1,5.005141808819113e-05,-0.01837589429819902,-71.96962372303548
I2,11,N1,5.403245492017153e-05,-0.01968583070454553,-71.96962372303548
I2,12,N1,5.800313922805943e-05,-0.021192542182354984,-71.96962372303548
I2,13,N1,6.200480631749855e-05,-0.022963909414059323,-71.96962372303548
I2,14,N1,6.608205539550453e-05,-0.02510190357609045,-71.96962372303548
I2,15,N1,7.028815097006871e-05,-0.027769595188906256,-71.96962372303548
I2,16,N1,7.469363400678948e-05,-0.031249283029863788,-71.96962372303548
I2,17,N1,7.94036649697064e-05,-0.03608660796900581,-71.96962372303548
I2,18,N1,7.947750757063165e-05,-0.036172322144985995,-71.96962372303548
I2,19,N1,8.006681316709275e-05,-0.036883994895478465,-71.96962372303548
I2,20,N1,4.506073104163016e-05,-0.016966195701900423,-71.96962372303548
I2,21,N1,4.513541218166034e-05,-0.016985349501955405,-71.96962372303548
I2,22,N1,4.520992702702859e-05,-0.017004511314841323,-71.96962372303548
I2,23,N1,4.528427713969728e-05,-0.01702367683911793,-71.96962372303548
I2,24,N1,4.5358464066436796e-05,-0.017042844208332502,-71.96962372303548
I2,0,N2,4.607771659908784e-05,-0.012696832633740832,-72.15720569813492
I2,1,N2,4.615884383321385e-05,-0.012708068591249785,-72.15720569813492
I2,2,N2,4.6239708063738876e-05,-0.012719286250753059,-72.15720569813492
I2,3,N2,4.632031119836264e-05,-0.012730485763653317,-72.15720569813492
I2,4,N2,4.640065501753525e-05,-0.01274166725090258,-72.15720569813492
I2,5,N2,4.648074133186262e-05,-0.012752830831393738,-72.15720569813492
I2,6,N2,4.656057189228051e-05,-0.012763976618887857,-72.15720569813492
I2,7,N2,4.664014850152923e-05,-0.012775104747018423,-72.15720569813492
I2,8,N2,4.671947292501373e-05,-0.012786215367588515,-72.15720569813492
I2,9,N2,4.679854690828662e-05,-0.01279730868394096,-72.15720569813492
I2,10,N2,6.219445932311659e-05,-0.014087295977243295,-72.15720569813492
I2,11,N2,7.632444042417719e-05,-0.015541499814964057,-72.15720569813492
I2,12,N2,7.683583202422006e-05,-0.017320877752354226,-72.15720569813492
I2,13,N2,7.734877516206757e-05,-0.01957893785202642,-72.15720569813492
I2,14,N2,7.78634375744067e-05,-0.02262228363890339,-72.15720569813492
I2,15,N2,7.837976199866439e-05,-0.027040619766335844,-72.15720569813492
I2,16,N2,9.386448220794947e-05,-0.0343245839998352,-72.15720569813492
I2,17,N2,0.00011112767036349133,-0.05075960595497435,-72.15720569813492
I2,18,N2,0.0001112084509125952,-0.05093906079206506,-72.15720569813492
I2,19,N2,0.00011122065115729858,-0.05095986348669042,-72.15720569813492
I2,20,N2,4.574947496836966e-05,-0.012651543535654518,-72.15720569813492
I2,21,N2,4.583194019023393e-05,-0.012662895953989409,-72.15720569813492
I2,22,N2,4.591413426277644e-05,-0.012674227436001974,-72.15720569813492
I2,23,N2,4.5996059097374365e-05,-0.012685539299795887,-72.15720569813492
I2,24,N2,4.607771659908784e-05,-0.012696832243027624,-72.15720569813492
I2,0,N3,4.4100419672314425e-05,-0.0152234472947751,-72.0853951142062
I2,1,N3,4.413911469354152e-05,-0.015239251613772233,-72.0853951142062
I2,2,N3,4.417763929885496e-05,-0.015255044109912663,-72.0853951142062
I2,3,N3,4.421599419755981e-05,-0.015270824951519366,-72.0853951142062
I2,4,N3,4.425418002711539e-05,-0.015286594300416621,-72.0853951142062
I2,5,N3,4.42921974667545e-05,-0.015302352335627403,-72.0853951142062
I2,6,N3,4.4330047197290656e-05,-0.015318099243352628,-72.0853951142062
I2,7,N3,4.4367732263563334e-05,-0.015333835651036553,-72.0853951142062
I2,8,N3,4.440525212033945e-05,-0.015349561497870402,-72.0853951142062
I2,9,N3,4.444260646639229e-05,-0.015365276947526702,-72.0853951142062
I2,10,N3,4.4912036771031105e-05,-0.01665008361570146,-72.0853951142062
I2,11,N3,4.537906473878066e-05,-0.01812817480751993,-72.0853951142062
I2,12,N3,5.6338340608341514e-05,-0.019875974473951213,-72.0853951142062
I2,13,N3,6.725207154785625e-05,-0.022019071418201204,-72.0853951142062
I2,14,N3,7.837864835727102e-05,-0.024751020474452413,-72.0853951142062
I2,15,N3,9.014267323955568e-05,-0.02844068507489221,-72.0853951142062
I2,16,N3,9.061929133656931e-05,-0.03387374996560962,-72.0853951142062
I2,17,N3,9.110345402921441e-05,-0.04295360930375538,-72.0853951142062
I2,18,N3,9.11421464848006e-05,-0.04307947174990309,-72.0853951142062
I2,19,N3,9.118135404478288e-05,-0.04320725993415712,-72.0853951142062
I2,20,N3,4.3943236251240335e-05,-0.015159930814687186,-72.0853951142062
I2,21,N3,4.3982791323213655e-05,-0.015175827730575133,-72.0853951142062
I2,22,N3,4.402217313275858e-05,-0.01519171278429185,-72.0853951142062
I2,23,N3,4.40613823570116e-05,-0.015207585843423464,-72.0853951142062
I2,24,N3,4.4100419672314425e-05,-0.015223446933942765,-72.0853951142062
I2,0,N4,4.532723049529428e-05,-0.017058453275419876,-71.96925328685025
I2,1,N4,4.54010856117474e-05,-0.017077612218476104,-71.96925328685025
I2,2,N4,4.547478078188572e-05,-0.01709677191465312,-71.96925328685025
I2,3,N4,4.554831757091382e-05,-0.01711593250343119,-71.96925328685025
I2,4,N4,4.562169742778967e-05,-0.017135094172256598,-71.96925328685025
I2,5,N4,4.5694921831674504e-05,-0.0171542571503793,-71.96925328685025
I2,6,N4,4.576799220732273e-05,-0.017173421675098614,-71.96925328685025
I2,7,N4,4.5840910032763584e-05,-0.01719258801906406,-71.96925328685025
I2,8,N4,4.591367676393075e-05,-0.017211756473761178,-71.96925328685025
I2,9,N4,4.598629385080732e-05,-0.01723092738473916,-71.96925328685025
I2,10,N4,5.001419513875912e-05,-0.018392203898898517,-71.96925328685025
I2,11,N4,5.3989637514535995e-05,-0.01970258030689138,-71.96925328685025
I2,12,N4,5.795487499790117e-05,-0.021209733828825853,-71.96925328685025
I2,13,N4,6.195111426483052e-05,-0.022981498017038565,-71.96925328685025
I2,14,N4,6.602283217314662e-05,-0.025119757777833034,-71.96925328685025
I2,15,N4,7.022314605304392e-05,-0.027787400698563443,-71.96925328685025
I2,16,N4,7.462236157583975e-05,-0.03126627591445413,-71.96925328685025
I2,17,N4,7.93251152254417e-05,-0.03610066057610573,-71.96925328685025
I2,18,N4,7.939894918051983e-05,-0.036186431479230244,-71.96925328685025
I2,19,N4,7.998810531976291e-05,-0.03689848159912074,-71.96925328685025
I2,20,N4,4.5029532253595383e-05,-0.016981673488810946,-71.96925328685025
I2,21,N4,4.5104204726012266e-05,-0.017000860031825046,-71.96925328685025
I2,22,N4,4.517871088295105e-05,-0.01702005462260382,-71.96925328685025
I2,23,N4,4.525305228946524e-05,-0.017039252952871863,-71.96925328685025
I2,24,N4,4.532723049529428e-05,-0.01705845315453542,-71.96925328685025
I2,0,N5,5.308381341819728e-05,-0.010680623102492588,-72.14530622590411
I2,1,N5,5.3163341683992026e-05,-0.010688555956247577,-72.14530622590411
I2,2,N5,5.324263680733538e-05,-0.01069647605831534,-72.14530622590411
I2,3,N5,5.332170021449242e-05,-0.010704383551982652,-72.14530622590411
I2,4,N5,5.340053321252571e-05,-0.010712278534836585,-72.14530622590411
I2,5,N5,5.347913714437251e-05,-0.010720161090405966,-72.14530622590411
I2,6,N5,5.355751330019507e-05,-0.010728031292414873,-72.14530622590411
I2,7,N5,5.363566302743684e-05,-0.010735889226404189,-72.14530622590411
I2,8,N5,5.371358764298448e-05,-0.010743734990141293,-72.14530622590411
I2,9,N5,5.3791288449164714e-05,-0.010751568716766337,-72.14530622590411
I2,10,N5,7.089588248089187e-05,-0.011859096126256592,-72.14530622590411
I2,11,N5,8.658143067071933e-05,-0.013114707347898156,-72.14530622590411
I2,12,N5,8.80652006339199e-05,-0.014641256554898166,-72.14530622590411
I2,13,N5,8.955690908862292e-05,-0.016584812371681995,-72.14530622590411
I2,14,N5,9.105804280014679e-05,-0.01921728409207005,-72.14530622590411
I2,15,N5,9.256972476904169e-05,-0.023105884403885387,-72.14530622590411
I2,16,N5,0.00011085199662342239,-0.029750992234375422,-72.14530622590411
I2,17,N5,0.00013247346211279554,-0.04630550369672681,-72.14530622590411
I2,18,N5,0.00013255260147260463,-0.046454561622407436,-72.14530622590411
I2,19,N5,0.00013251124075224044,-0.046368429067869345,-72.14530622590411
I2,20,N5,5.276239886428094e-05,-0.010648653363695023,-72.14530622590411
I2,21,N5,5.2843109833119754e-05,-0.010656668667849983,-72.14530622590411
I2,22,N5,5.292358165018808e-05,-0.010664667594182466,-72.14530622590411
I2,23,N5,5.300381571199317e-05,-0.010672651932201583,-72.14530622590411
I2,24,N5,5.308381341819728e-05,-0.010680622652287114,-72.14530622590411
I2,0,N6,4.6266726505500155e-05,-0.01664781489473784,-71.97259324002503
I2,1,N6,4.632789199249098e-05,-0.016666086171414265,-71.97259324002503
I2,2,N6,4.638891298799746e-05,-0.016684358423068292,-71.97259324002503
I2,3,N6,4.6449790631823576e-05,-0.01670263180396663,-71.97259324002503
I2,4,N6,4.651052596167803e-05,-0.01672090649651553,-71.97259324002503
I2,5,N6,4.657112004196195e-05,-0.0167391827147981,-71.97259324002503
I2,6,N6,4.6631573879555274e-05,-0.016757460674286514,-71.97259324002503
I2,7,N6,4.669188849723899e-05,-0.016775740613517175,-71.97259324002503
I2,8,N6,4.675206480217674e-05,-0.01679402276234161,-71.97259324002503
I2,9,N6,4.681210139300475e-05,-0.01681230683786607,-71.97259324002503
I2,10,N6,4.8035585805096804e-05,-0.01794194734809647,-71.97259324002503
I2,11,N6,4.925121824447502e-05,-0.01921973029683706,-71.97259324002503
I2,12,N6,5.63761898625246e-05,-0.020688294461019704,-71.97259324002503
I2,13,N6,6.350316234274411e-05,-0.0224146258760735,-71.97259324002503
I2,14,N6,7.083682117935501e-05,-0.024497346327462657,-71.97259324002503
I2,15,N6,7.86499698680534e-05,-0.02709491950848244,-71.97259324002503
I2,16,N6,7.990931057621584e-05,-0.030485324698234575,-71.97259324002503
I2,17,N6,8.119880603266313e-05,-0.03516778563730176,-71.97259324002503
I2,18,N6,8.125998985937836e-05,-0.035249329512783506,-71.97259324002503
I2,19,N6,8.145048958411221e-05,-0.035510251305683055,-71.97259324002503
I2,20,N6,4.602001390913736e-05,-0.01657459324343968,-71.97259324002503
I2,21,N6,4.608191455124998e-05,-0.0165928926589373,-71.97259324002503
I2,22,N6,4.6143666119229676e-05,-0.016611197595525033,-71.97259324002503
I2,23,N6,4.6205269732844834e-05,-0.01662950532653348,-71.97259324002503
I2,24,N6,4.6266726505500155e-05,-0.016647814686499007,-71.97259324002503
I2,0,N7,4.608087549688307e-05,-0.01269249598334316,-72.15728975444482
I2,1,N7,4.6161998215644774e-05,-0.01270372457320059,-72.15728975444482
I2,2,N7,4.62428578511949e-05,-0.012714934873480238,-72.15728975444482
I2,3,N7,4.632345631018141e-05,-0.012726127035334833,-72.15728975444482
I2,4,N7,4.640379537205499e-05,-0.012737301179455327,-72.15728975444482
I2,5,N7,4.6483876846303033e-05,-0.012748457424555298,-72.15728975444482
I2,6,N7,4.656370248269447e-05,-0.012759595884102852,-72.15728975444482
I2,7,N7,4.66432740827941e-05,-0.012770716691470924,-72.15728975444482
I2,8,N7,4.6722593411051225e-05,-0.0127818199982306,-72.15728975444482
I2,9,N7,4.680166221184572e-05,-0.012792906007443818,-72.15728975444482
I2,10,N7,6.215407317487679e-05,-0.014081219264059629,-72.15728975444482
I2,11,N7,7.641179516450814e-05,-0.015542810396439632,-72.15728975444482
I2,12,N7,7.69230992805238e-05,-0.017321906756375963,-72.15728975444482
I2,13,N7,7.743596448053468e-05,-0.01957966054012114,-72.15728975444482
I2,14,N7,7.795055785937913e-05,-0.022622463463439636,-72.15728975444482
I2,15,N7,7.84668237918126e-05,-0.027039867863341782,-72.15728975444482
I2,16,N7,9.39230703390832e-05,-0.034321209454338426,-72.15728975444482
I2,17,N7,0.00011115189135398659,-0.05073935267835031,-72.15728975444482
I2,18,N7,0.00011123266951188322,-0.05091867070981212,-72.15728975444482
I2,19,N7,0.00011124486766080855,-0.05093945996003835,-72.15728975444482
I2,20,N7,4.575265083429796e-05,-0.012647236559261157,-72.15728975444482
I2,21,N7,4.583511192911794e-05,-0.012658581544289452,-72.15728975444482
I2,22,N7,4.5917301798549524e-05,-0.012669905603468569,-72.15728975444482
I2,23,N7,4.599922235308589e-05,-0.012681210053925768,-72.15728975444482
I2,24,N7,4.608087549688307e-05,-0.012692495592808765,-72.15728975444482
I2,0,N8,0.0002800502008820286,-0.001906664082032551,-72.16689364869339
I2,1,N8,0.0002801289766787831,-0.0019069204473831625,-72.16689364869339
I2,2,N8,0.0002802077053130466,-0.001907176724407049,-72.16689364869339
I2,3,N8,0.0002802863868984636,-0.0019074329140033811,-72.16689364869339
I2,4,N8,0.00028036502144060486,-0.0019076890168145222,-72.16689364869339
I2,5,N8,0.0002804436089922144,-0.0019079450336045394,-72.16689364869339
I2,6,N8,0.000280522149564272,-0.0019082009650228412,-72.16689364869339
I2,7,N8,0.00028060064323608906,-0.001908456812001799,-72.16689364869339
I2,8,N8,0.0002806790900657999,-0.001908712575382937,-72.16689364869339
I2,9,N8,0.0002807574901041264,-0.0019089682560790965,-72.16689364869339
I2,10,N8,0.00029269025545723665,-0.001951774818473241,-72.16689364869339
I2,11,N8,0.0004594008822907051,-0.002907756058294832,-72.16689364869339
I2,12,N8,0.00048045162106092736,-0.0030043922959251154,-72.16689364869339
I2,13,N8,0.0005015270211001149,-0.003108135840367291,-72.16689364869339
I2,14,N8,0.0005224024824596606,-0.0032185059039799638,-72.16689364869339
I2,15,N8,0.0005435098680535095,-0.003339049133956709,-72.16689364869339
I2,16,N8,0.0007183999885520251,-0.00782631097936276,-72.16689364869339
I2,17,N8,0.0007309223932279699,-0.008638296425378661,-72.16689364869339
I2,18,N8,0.0007310011209711057,-0.00864355908138473,-72.16689364869339
I2,19,N8,0.0007310360895081942,-0.008645827804575092,-72.16689364869339
I2,20,N8,0.0002797344363905625,-0.0019056370679941508,-72.16689364869339
I2,21,N8,0.0002798134485040007,-0.0019058939540313614,-72.16689364869339
I2,22,N8,0.0002798924132587704,-0.0019061507480114968,-72.16689364869339
I2,23,N8,0.0002799713307014244,-0.0019064074508999395,-72.16689364869339
I2,24,N8,0.0002800502008820286,-0.0019066640636144353,-72.16689364869339
I2,0,N9,4.41595247680914e-05,-0.015203272931117758,-72.083611270204
I2,1,N9,4.419822473034769e-05,-0.01521902703804527,-72.083611270204
I2,2,N9,4.4236754506184007e-05,-0.015234769371250644,-72.083611270204
I2,3,N9,4.427511480756873e-05,-0.015250500099129235,-72.083611270204
I2,4,N9,4.431330627544978e-05,-0.015266219383761692,-72.083611270204
I2,5,N9,4.4351329553946974e-05,-0.015281927396489706,-72.083611270204
I2,6,N9,4.438918518598829e-05,-0.015297624302650725,-72.083611270204
I2,7,N9,4.4426874533561844e-05,-0.015313310389776246,-72.083611270204
I2,8,N9,4.446440103149212e-05,-0.015328986364497954,-72.083611270204
I2,9,N9,4.450176236240454e-05,-0.015344652028628171,-72.083611270204
I2,10,N9,4.4972246321778786e-05,-0.01666003024302628,-72.083611270204
I2,11,N9,4.5439397221295525e-05,-0.018130449995583765,-72.083611270204
I2,12,N9,5.6422950067226045e-05,-0.01986696923296411,-72.083611270204
I2,13,N9,6.735438604613921e-05,-0.021993091896166626,-72.083611270204
I2,14,N9,7.849353421508276e-05,-0.024698100271093797,-72.083611270204
I2,15,N9,9.026824219895509e-05,-0.028341608267502316,-72.083611270204
I2,16,N9,9.074495357399834e-05,-0.033685402044550915,-72.083611270204
I2,17,N9,9.122993365584695e-05,-0.042906036191966083,-72.083611270204
I2,18,N9,9.126863151093071e-05,-0.043031552466439145,-72.083611270204
I2,19,N9,9.13078435548502e-05,-0.04315898650796435,-72.083611270204
I2,20,N9,4.400232464890607e-05,-0.0151399586184132,-72.083611270204
I2,21,N9,4.4041883580345236e-05,-0.015155804927793537,-72.083611270204
I2,22,N9,4.4081269455963605e-05,-0.015171639412646876,-72.083611270204
I2,23,N9,4.41204829580859e-05,-0.015187461953637156,-72.083611270204
I2,24,N9,4.41595247680914e-05,-0.01520327257120978,-72.083611270204
I4,0,N1,10.171237624711011,-4.3110288110226706e-07,-70.79138699879826
I4,1,N1,10.171237641963545,-4.311028839116865e-07,-70.79138699879826
I4,2,N1,4.240430000221302,-1.2085344392689507e-07,-70.79138699879826
I4,3,N1,4.240430017523561,-1.208534441749001e-07,-70.79138699879826
I4,4,N1,4.240430034869498,-1.2085344442358294e-07,-70.79138699879826
I4,5,N1,4.240430052273693,-1.2085344467316977e-07,-70.79138699879826
I4,6,N1,4.24043006974162,-1.2085344492374568e-07,-70.79138699879826
I4,7,N1,4.24043008732691,-1.2085344517614294e-07,-70.79138699879826
I4,8,N1,4.240430105301308,-1.2085344543457846e-07,-70.79138699879826
I4,9,N1,4.240430123816527,-1.208534457014066e-07,-70.79138699879826
I4,10,N1,4.2404303528242515,-1.2085344923470787e-07,-70.79138699879826
I4,11,N1,4.240430530688728,-1.208534519743561e-07,-70.79138699879826
I4,12,N1,4.240430683131632,-1.2085345431950634e-07,-70.79138699879826
I4,13,N1,4.240430826347389,-1.2085345652146762e-07,-70.79138699879826
I4,14,N1,4.240430961001785,-1.2085345859057167e-07,-70.79138699879826
I4,15,N1,4.240431092089954,-1.208534606043342e-07,-70.79138699879826
I4,16,N1,4.2404312301243285,-1.208534627258897e-07,-70.79138699879826
I4,17,N1,4.240431433575644,-1.208534658626013e-07,-70.79138699879826
I4,18,N1,4.240431453069699,-1.208534661446194e-07,-70.79138699879826
I4,19,N1,4.2404315664085885,-1.2085346790051628e-07,-70.79138699879826
I4,20,N1,10.171237548178699,-4.311028685378451e-07,-70.79138699879826
I4,21,N1,10.171237567202503,-4.311028716596122e-07,-70.79138699879826
I4,22,N1,10.171237586356987,-4.3110287480442363e-07,-70.79138699879826
I4,23,N1,10.17123760551603,-4.311028779500388e-07,-70.79138699879826
I4,24,N1,10.171237624711011,-4.3110288110199125e-07,-70.79138699879826
I4,0,N3,107.08189573076805,-5.004324791660518e-06,-67.73031588623384
I4,1,N3,104.90935766542765,-3.338009179222817e-07,-67.73031588623384
I4,2,N3,102.28103521335261,-2.0545028143420067e-07,-67.73031588623384
I4,3,N3,101.78928246487501,-1.858570547531878e-07,-67.73031588623384
I4,4,N3,101.53307209560477,-1.7715474064143678e-07,-67.73031588623384
I4,5,N3,101.03193108939628,-1.6184649752562157e-07,-67.73031588623384
I4,6,N3,63.010106899161904,-1.3019374407540346e-08,-67.73031588623384
I4,7,N3,8.28276906621695,-8.445864208227567e-10,-67.73031588623384
I4,8,N3,2.1838956926205255,-4.725077494435966e-10,-67.73031588623384
I4,9,N3,1.8633732701109808e-06,-2.8287611613401775e-10,-67.73031588623384
I4,10,N3,1.232979748061668e-06,-2.8287607210491986e-10,-67.73031588623384
I4,11,N3,1.3521871208624903e-06,-2.82876088608378e-10,-67.73031588623384
I4,12,N3,0.9648876317517017,-3.572077102926588e-10,-67.73031588623384
I4,13,N3,18.74117182266659,-3.809135190466292e-09,-67.73031588623384
I4,14,N3,68.35196869324642,-2.642516016788639e-08,-67.73031588623384
I4,15,N3,107.30336557256291,-0.05971062588294225,-67.73031588623384
I4,16,N3,107.30336575774574,-0.060699304477719304,-67.73031588623384
I4,17,N3,107.30336585557536,-0.06110353167141066,-67.73031588623384
I4,18,N3,107.17459517796648,-8.60916509690823e-06,-67.73031588623384
I4,19,N3,107.08190579084162,-5.004557059717604e-06,-67.73031588623384
I4,20,N3,107.08190571392888,-5.004552413764291e-06,-67.73031588623384
I4,21,N3,107.08189718492895,-5.004358018854621e-06,-67.73031588623384
I4,22,N3,107.08189650199795,-5.004342426297532e-06,-67.73031588623384
I4,23,N3,107.08189586884845,-5.0043279682355475e-06,-67.73031588623384
I4,24,N3,107.08189573076805,-5.004324791626445e-06,-67.73031588623384
I4,0,N5,6.834918738913853e-05,-0.008281131781437032,-72.28356521762817
I4,1,N5,6.843261650903153e-05,-0.008286109661054754,-72.28356521762817
I4,2,N5,6.851585624927315e-05,-0.008291081801014254,-72.28356521762817
I4,3,N5,6.859890766938254e-05,-0.008296048315120555,-72.28356521762817
I4,4,N5,6.868177164660797e-05,-0.008301009278216944,-72.28356521762817
I4,5,N5,6.87644490964643e-05,-0.008305964752008241,-72.28356521762817
I4,6,N5,6.884694088073847e-05,-0.008310914790837795,-72.28356521762817
I4,7,N5,6.892924792707742e-05,-0.008315859458769578,-72.28356521762817
I4,8,N5,6.901137114689362e-05,-0.008320798833808717,-72.28356521762817
I4,9,N5,6.909331153424341e-05,-0.008325733030821377,-72.28356521762817
I4,10,N5,0.00012133272077075921,-0.01306708602729905,-72.28356521762817
I4,11,N5,0.00012469147906614438,-0.013558934749812885,-72.28356521762817
I4,12,N5,0.00012606347086220563,-0.01406403494686533,-72.28356521762817
I4,13,N5,0.00012750499990731422,-0.014677589405104193,-72.28356521762817
I4,14,N5,0.00012895830722468776,-0.015352441160838082,-72.28356521762817
I4,15,N5,0.00013042197249582167,-0.016095652899924078,-72.28356521762817
I4,16,N5,0.00013438436297204945,-0.016991017829215624,-72.28356521762817
I4,17,N5,0.00016616399687176028,-0.03123266647891495,-72.28356521762817
I4,18,N5,0.0001662473893477932,-0.03130367307558552,-72.28356521762817
I4,19,N5,0.0001662086692366779,-0.03126636222058692,-72.28356521762817
I4,20,N5,6.80127955623397e-05,-0.00826110759571721,-72.28356521762817
I4,21,N5,6.809718236025641e-05,-0.00826612448722231,-72.28356521762817
I4,22,N5,6.818137629745331e-05,-0.008271133523466282,-72.28356521762817
I4,23,N5,6.826537765306612e-05,-0.00827613562198561,-72.28356521762817
I4,24,N5,6.834918738913853e-05,-0.008281131368282244,-72.28356521762817
I4,0,N8,327.0984135122812,-8.11410130298984e-08,-71.03438147903519
I4,1,N8,246.62158731811655,-1.8230388126726588e-09,-71.03438147903519
I4,2,N8,246.26242276320104,-1.7808267346496571e-09,-71.03438147903519
I4,3,N8,205.02974519853925,0.0,-71.03438147903519
I4,4,N8,173.54084618787087,0.0,-71.03438147903519
I4,5,N8,124.98595813526777,0.0,-71.03438147903519
I4,6,N8,91.24559964716573,0.0,-71.03438147903519
I4,7,N8,8.830613984259106,0.0,-71.03438147903519
I4,8,N8,8.2630535993969,0.0,-71.03438147903519
I4,9,N8,1.2156801763576183e-06,0.0,-71.03438147903519
I4,10,N8,8.831643911088156e-07,0.0,-71.03438147903519
I4,11,N8,18.984931758726134,0.0,-71.03438147903519
I4,12,N8,91.67952841726745,0.0,-71.03438147903519
I4,13,N8,164.3741250637197,0.0,-71.03438147903519
I4,14,N8,237.06872180889843,-1.4940794877778134e-10,-71.03438147903519
I4,15,N8,309.763318447409,-2.0632768428760305e-08,-71.03438147903519
I4,16,N8,346.0667501987145,-1.0813832724922134,-71.03438147903519
I4,17,N8,346.0667501473508,-1.0283029257822573,-71.03438147903519
I4,18,N8,346.0667085006694,-0.025758003995465347,-71.03438147903519
I4,19,N8,327.09845842264747,-0.00014434932754715254,-71.03438147903519
I4,20,N8,327.0984580680119,-8.11413485018716e-08,-71.03438147903519
I4,21,N8,327.09843746918506,-8.114119341560639e-08,-71.03438147903519
I4,22,N8,327.09841686678334,-8.114103830363921e-08,-71.03438147903519
I4,23,N8,327.0984151865694,-8.11410256444552e-08,-71.03438147903519
I4,24,N8,327.0984135122812,-8.114101302988657e-08,-71.03438147903519
I4,0,N9,139.83476107542117,-2.3828231338737346e-06,-66.30364384999274
I4,1,N9,136.22509122049993,-9.454816578508863e-08,-66.30364384999274
I4,2,N9,97.5111125647096,-2.910688194593095e-08,-66.30364384999274
I4,3,N9,96.81286128953408,-2.804462956320848e-08,-66.30364384999274
I4,4,N9,96.17680528294,-2.7144114883131643e-08,-66.30364384999274
I4,5,N9,95.56873549868315,-2.633136100280102e-08,-66.30364384999274
I4,6,N9,68.3463170205398,-3.580906232534395e-09,-66.30364384999274
I4,7,N9,68.03439906302961,-3.5310917574169946e-09,-66.30364384999274
I4,8,N9,3.4990410955900013,0.0,-66.30364384999274
I4,9,N9,1.5452033199654921e-06,0.0,-66.30364384999274
I4,10,N9,1.353468007867469e-06,0.0,-66.30364384999274
I4,11,N9,1.44659977698902e-06,0.0,-66.30364384999274
I4,12,N9,5.357005974651239,0.0,-66.30364384999274
I4,13,N9,57.99785831070166,-3.530981910947545e-09,-66.30364384999274
I4,14,N9,118.77051240173289,-4.3117485698123484e-08,-66.30364384999274
I4,15,N9,140.29969946291112,-0.05669536048863408,-66.30364384999274
I4,16,N9,140.29969955003997,-0.057058257681179225,-66.30364384999274
I4,17,N9,140.29969962496176,-0.05732495459446513,-66.30364384999274
I4,18,N9,140.0889599702994,-5.2692394327276015e-06,-66.30364384999274
I4,19,N9,140.08421496605234,-5.152081073287093e-06,-66.30364384999274
I4,20,N9,140.08421492125703,-5.152078273712564e-06,-66.30364384999274
I4,21,N9,139.834761073377,-2.382823143820766e-06,-66.30364384999274
I4,22,N9,139.8347610343422,-2.3828229344105e-06,-66.30364384999274
I4,23,N9,139.83476104726677,-2.382822994623781e-06,-66.30364384999274
I4,24,N9,139.83476107542117,-2.3828231338661427e-06,-66.30364384999274
I1,0,N2,4.811782802117506e-05,-0.01283037590889433,-72.11866496705949
I1,1,N2,4.819702975260823e-05,-0.012841714329899539,-72.11866496705949
I1,2,N2,4.8276000097086215e-05,-0.012853037633574076,-72.11866496705949
I1,3,N2,4.8354740717559505e-05,-0.01286434597012689,-72.11866496705949
I1,4,N2,4.843325316993438e-05,-0.012875639460059955,-72.11866496705949
I1,5,N2,4.8511539039203285e-05,-0.012886918220478358,-72.11866496705949
I1,6,N2,4.8589599854054766e-05,-0.012898182362496341,-72.11866496705949
I1,7,N2,4.8667437206513824e-05,-0.012909432017675138,-72.11866496705949
I1,8,N2,4.8745052739718586e-05,-0.012920667346454173,-72.11866496705949
I1,9,N2,4.8822448326293605e-05,-0.012931888593107635,-72.11866496705949
I1,10,N2,6.254950915032925e-05,-0.01416362682286875,-72.11866496705949
I1,11,N2,7.540137393508903e-05,-0.015565361266872395,-72.11866496705949
I1,12,N2,7.589573990887654e-05,-0.017254085274419222,-72.11866496705949
I1,13,N2,7.639134790249439e-05,-0.01937325764475547,-72.11866496705949
I1,14,N2,7.688829107589893e-05,-0.022179633125177046,-72.11866496705949
I1,15,N2,7.738661812763364e-05,-0.026181676546960977,-72.11866496705949
I1,16,N2,9.237044923995054e-05,-0.032606487390381876,-72.11866496705949
I1,17,N2,0.0001102835853846005,-0.04650229642128747,-72.11866496705949
I1,18,N2,0.00011036246197205516,-0.046651206106682816,-72.11866496705949
I1,19,N2,0.00011037341315483765,-0.04666745507560494,-72.11866496705949
I1,20,N2,4.7797738814538956e-05,-0.012784720905831678,-72.11866496705949
I1,21,N2,4.7878117271949284e-05,-0.012796160066016816,-72.11866496705949
I1,22,N2,4.795825698626706e-05,-0.012807581417174784,-72.11866496705949
I1,23,N2,4.8038160009067265e-05,-0.01281898632504545,-72.11866496705949
I1,24,N2,4.811782802117506e-05,-0.012830375496433314,-72.11866496705949
I1,0,N3,5.621611030042677e-05,-0.012867144594261363,-72.03245151033676
I1,1,N3,5.625305904536604e-05,-0.012878285330356799,-72.03245151033676
I1,2,N3,5.62898914363039e-05,-0.012889423320672208,-72.03245151033676
I1,3,N3,5.632660782790277e-05,-0.012900558638459817,-72.03245151033676
I1,4,N3,5.636320856587107e-05,-0.012911691360157585,-72.03245151033676
I1,5,N3,5.639969403579256e-05,-0.012922821574198542,-72.03245151033676
I1,6,N3,5.643606459330716e-05,-0.01293394936984733,-72.03245151033676
I1,7,N3,5.64723206433083e-05,-0.012945074857814298,-72.03245151033676
I1,8,N3,5.6508462577421126e-05,-0.012956198162656238,-72.03245151033676
I1,9,N3,5.65444907891943e-05,-0.012967319445841086,-72.03245151033676
I1,10,N3,5.700086960794297e-05,-0.013944142489595095,-72.03245151033676
I1,11,N3,5.7455758831593825e-05,-0.01505935291247629,-72.03245151033676
I1,12,N3,6.912925581071673e-05,-0.016360646218201814,-72.03245151033676
I1,13,N3,8.070881224515139e-05,-0.01792289725977002,-72.03245151033676
I1,14,N3,9.271182033680735e-05,-0.019862797327099658,-72.03245151033676
I1,15,N3,0.00010586208001445356,-0.022381673066978434,-72.03245151033676
I1,16,N3,0.00010632336202581749,-0.02586837576561847,-72.03245151033676
I1,17,N3,0.00010678948416347412,-0.031171722726621855,-72.03245151033676
I1,18,N3,0.00010682643582618169,-0.0312371419379404,-72.03245151033676
I1,19,N3,0.00010686373811767491,-0.03130325336784439,-72.03245151033676
I1,20,N3,5.6066674720024794e-05,-0.012822465036055709,-72.03245151033676
I1,21,N3,5.610421042547302e-05,-0.01283363896103694,-72.03245151033676
I1,22,N3,5.6141627990626565e-05,-0.012844810215027695,-72.03245151033676
I1,23,N3,5.617892784056376e-05,-0.012855978687272554,-72.03245151033676
I1,24,N3,5.621611030042677e-05,-0.012867144349165038,-72.03245151033676
I1,0,N5,5.775626283766378e-05,-0.01017996868255449,-72.12441855276863
I1,1,N5,5.783513377876197e-05,-0.010187138945543617,-72.12441855276863
I1,2,N5,5.791380013193873e-05,-0.010194299541172194,-72.12441855276863
I1,3,N5,5.7992263073196314e-05,-0.010201450606401012,-72.12441855276863
I1,4,N5,5.807052367111906e-05,-0.010208592232068596,-72.12441855276863
I1,5,N5,5.814858303541808e-05,-0.010215724493177578,-72.12441855276863
I1,6,N5,5.8226442227663554e-05,-0.010222847454206428,-72.12441855276863
I1,7,N5,5.830410237106534e-05,-0.010229961189778959,-72.12441855276863
I1,8,N5,5.838156456434128e-05,-0.010237065785568706,-72.12441855276863
I1,9,N5,5.8458829904876464e-05,-0.010244161359711148,-72.12441855276863
I1,10,N5,7.536966282328153e-05,-0.011257091909732985,-72.12441855276863
I1,11,N5,9.15834619760961e-05,-0.012428355941257409,-72.12441855276863
I1,12,N5,9.304016140112606e-05,-0.013840063244850268,-72.12441855276863
I1,13,N5,9.450376572156104e-05,-0.015628999816459467,-72.12441855276863
I1,14,N5,9.59753930284732e-05,-0.018035076942842034,-72.12441855276863
I1,15,N5,9.74561606426933e-05,-0.02156211596045884,-72.12441855276863
I1,16,N5,0.00011733708287414807,-0.027578368713551193,-72.12441855276863
I1,17,N5,0.00013915325522831864,-0.04101074517995032,-72.12441855276863
I1,18,N5,0.00013923179742028453,-0.04112715938355123,-72.12441855276863
I1,19,N5,0.00013918985839991266,-0.04105893006005565,-72.12441855276863
I1,20,N5,5.7437883834910586e-05,-0.010151099618752352,-72.12441855276863
I1,21,N5,5.7517791785014674e-05,-0.010158334954770957,-72.12441855276863
I1,22,N5,5.759749015953662e-05,-0.010165557182428434,-72.12441855276863
I1,23,N5,5.7676980127649046e-05,-0.010172767963437742,-72.12441855276863
I1,24,N5,5.775626283766378e-05,-0.010179968223002706,-72.12441855276863
I1,0,N7,4.868853170186945e-05,-0.012570110851589494,-72.1180288916513
I1,1,N7,4.876770564900139e-05,-0.012580998609063067,-72.1180288916513
I1,2,N7,4.884664813113563e-05,-0.012591871619700282,-72.1180288916513
I1,3,N7,4.892536073367532e-05,-0.01260273002046456,-72.1180288916513
I1,4,N7,4.900384495376741e-05,-0.012613573921462447,-72.1180288916513
I1,5,N7,4.908210233145913e-05,-0.012624403431122722,-72.1180288916513
I1,6,N7,4.9160134352026524e-05,-0.012635218652050318,-72.1180288916513
I1,7,N7,4.9237942549850435e-05,-0.012646019704521264,-72.1180288916513
I1,8,N7,4.931552840953809e-05,-0.012656806722046856,-72.1180288916513
I1,9,N7,4.9392893639311094e-05,-0.012667579918203019,-72.1180288916513
I1,10,N7,6.368341338059682e-05,-0.01388254874558235,-72.1180288916513
I1,11,N7,7.722749018213047e-05,-0.01527478414725696,-72.1180288916513
I1,12,N7,7.772187159208964e-05,-0.016955430316137624,-72.1180288916513
I1,13,N7,7.821753529093186e-05,-0.01907181522741206,-72.1180288916513
I1,14,N7,7.871456987254841e-05,-0.021889777219663877,-72.1180288916513
I1,15,N7,7.921302750388626e-05,-0.025945942868740364,-72.1180288916513
I1,16,N7,9.53476456772218e-05,-0.032571697903648965,-72.1180288916513
I1,17,N7,0.00011238587016919153,-0.0460184314002401,-72.1180288916513
I1,18,N7,0.0001124647398621182,-0.046164334482386,-72.1180288916513
I1,19,N7,0.00011247565657738537,-0.0461802300344564,-72.1180288916513
I1,20,N7,4.8368552266839046e-05,-0.012526268461889013,-72.1180288916513
I1,21,N7,4.844890308028315e-05,-0.012537253841740837,-72.1180288916513
I1,22,N7,4.852901549628931e-05,-0.012548221873953012,-72.1180288916513
I1,23,N7,4.86088912040603e-05,-0.012559173853146446,-72.1180288916513
I1,24,N7,4.868853170186945e-05,-0.012570110451963271,-72.1180288916513
I1,0,N8,0.0010078964894132327,-0.0005881822468394713,-72.15527621690461
I1,1,N8,0.0010079202658087347,-0.0005882062997867852,-72.15527621690461
I1,2,N8,0.0010079440332884336,-0.0005882303507669561,-72.15527621690461
I1,3,N8,0.0010079677919542487,-0.0005882543998267013,-72.15527621690461
I1,4,N8,0.001007991541889893,-0.0005882784470199557,-72.15527621690461
I1,5,N8,0.0010080152832231495,-0.0005883024924143031,-72.15527621690461
I1,6,N8,0.0010080390160408085,-0.0005883265360590573,-72.15527621690461
I1,7,N8,0.0010080627404816537,-0.0005883505780302032,-72.15527621690461
I1,8,N8,0.0010080864566644526,-0.0005883746183875742,-72.15527621690461
I1,9,N8,0.0010081101646929234,-0.0005883986571869476,-72.15527621690461
I1,10,N8,0.00100843192200027,-0.0005993641606525875,-72.15527621690461
I1,11,N8,0.0010087528135392018,-0.0006087506218603149,-72.15527621690461
I1,12,N8,0.0010494031113258003,-0.0006200809393850124,-72.15527621690461
I1,13,N8,0.0010908680276003927,-0.0006320659541085813,-72.15527621690461
I1,14,N8,0.0023160587309530435,-0.0017641444426917349,-72.15527621690461
I1,15,N8,0.0023586345280885595,-0.0018667031119024965,-72.15527621690461
I1,16,N8,0.002358955584260586,-0.0019637889190842013,-72.15527621690461
I1,17,N8,0.0023592776769342707,-0.0021023088683578455,-72.15527621690461
I1,18,N8,0.0023593014388633552,-0.002102616080974804,-72.15527621690461
I1,19,N8,0.0023592915026784283,-0.0021027476352513796,-72.15527621690461
I1,20,N8,0.0010078013958018082,-0.000588086066898864,-72.15527621690461
I1,21,N8,0.001007825182155312,-0.0005881101143449109,-72.15527621690461
I1,22,N8,0.0010078489599179466,-0.000588134159984569,-72.15527621690461
I1,23,N8,0.001007872729059509,-0.0005881582038147751,-72.15527621690461
I1,24,N8,0.0010078964894132327,-0.0005881822457488799,-72.15527621690461
I1,0,N9,5.60891598590588e-05,-0.012892684108123244,-72.03230592131969
I1,1,N9,5.61261084975512e-05,-0.012903868578553234,-72.03230592131969
I1,2,N9,5.616294045983311e-05,-0.01291505026846613,-72.03230592131969
I1,3,N9,5.619965611538285e-05,-0.012926229253167002,-72.03230592131969
I1,4,N9,5.623625580585386e-05,-0.01293740560919306,-72.03230592131969
I1,5,N9,5.62727399142642e-05,-0.012948579424903154,-72.03230592131969
I1,6,N9,5.6309108795744236e-05,-0.012959750794355965,-72.03230592131969
I1,7,N9,5.634536285486614e-05,-0.012970919820177106,-72.03230592131969
I1,8,N9,5.638150248407676e-05,-0.012982086632270488,-72.03230592131969
I1,9,N9,5.6417528077708744e-05,-0.01299325139708894,-72.03230592131969
I1,10,N9,5.687386709883023e-05,-0.013972393529867589,-72.03230592131969
I1,11,N9,5.732871370439259e-05,-0.015090323488360757,-72.03230592131969
I1,12,N9,6.898235794548198e-05,-0.016394821896000954,-72.03230592131969
I1,13,N9,8.054197436951869e-05,-0.01796104102658874,-72.03230592131969
I1,14,N9,9.252504025671304e-05,-0.01990608233824614,-72.03230592131969
I1,15,N9,0.00010565587731202383,-0.022432036655709243,-72.03230592131969
I1,16,N9,0.00010611713350727005,-0.025929729200040948,-72.03230592131969
I1,17,N9,0.00010658324082824694,-0.03125171334886718,-72.03230592131969
I1,18,N9,0.00010662019240942865,-0.03131746565656992,-72.03230592131969
I1,19,N9,0.00010665749562069636,-0.03138391564668026,-72.03230592131969
I1,20,N9,5.5939719996194664e-05,-0.012847828645105419,-72.03230592131969
I1,21,N9,5.597725727140008e-05,-0.012859046601660462,-72.03230592131969
I1,22,N9,5.601467608379289e-05,-0.01287026184767222,-72.03230592131969
I1,23,N9,5.605197684486994e-05,-0.012881474279859886,-72.03230592131969
I1,24,N9,5.60891598590588e-05,-0.012892683861803998,-72.03230592131969
