unit,hour,node,p_charge_mw,p_discharge_mw,net_injection_mw,lambda_joint_eur_per_mwh,spot_revenue_eur
I1,1,N1,1.172221791108475e-08,1.0270463786616516e-08,-1.4517541244682339e-09,67.13594736162541,-9.746488848232193e-08
I1,1,N2,6.487377597512575e-09,5.682934179385915e-09,-8.044434181266606e-10,67.17039745878097,-5.403478412866812e-08
I1,1,N3,1.5244912706989263e-07,0.0004269291980984699,0.0004267767489714,67.16019861768838,0.02866241122633056
I1,1,N4,1.1710127506381452e-08,1.0260014742661091e-08,-1.4501127637203606e-09,67.17039742254903,-9.740465064660755e-08
I1,1,N5,9.926976219487364e-09,8.697397399509514e-09,-1.2295788199778493e-09,67.20752245959434,-8.263694615950282e-08
I1,1,N6,8.989457474593674e-09,7.87678057297786e-09,-1.112676901615814e-09,67.17396142758264,-7.474291527050285e-08
I1,1,N7,6.525503194461047e-09,5.716342795663658e-09,-8.091603987973892e-10,67.17039745878097,-5.435162559512635e-08
I1,1,N8,1.5246579709143172e-07,0.0002756059837275728,0.0002754535179304814,67.17435733687952,0.018503413043162706
I1,1,N9,1.524922067156768e-07,0.000216623734318577,0.0002164712421118613,67.17039733848591,0.014540459345009308
I1,2,N1,1.1722852384063088e-08,1.027112354742266e-08,-1.4517288366404284e-09,67.13070723292985,-9.745558351411044e-08
I1,2,N2,6.48997153400929e-09,5.685106877696287e-09,-8.04864656313003e-10,67.16555108272561,-5.40591781882714e-08
I1,2,N3,1.5246770375649256e-07,0.00032683238920778866,0.0003266799215040322,67.157775446732,0.02193909681132383
I1,2,N4,1.1710932511359942e-08,1.0260687490026668e-08,-1.4502450213332743e-09,67.16555104888641,-9.74065060137534e-08
I1,2,N5,9.928403696828842e-09,8.698377136126814e-09,-1.2300265607020275e-09,67.20098858302877,-8.26590008625591e-08
I1,2,N6,8.990716163887589e-09,7.878027799218091e-09,-1.1126883646694978e-09,67.16895305605543,-7.473811253250459e-08
I1,2,N7,6.528077405125688e-09,5.71849667611339e-09,-8.095807290122977e-10,67.16555108272561,-5.437593581006572e-08
I1,2,N8,1.5250499629023532e-07,0.00019501803750239847,0.00019486553250610823,67.16933099579978,0.013088987452575565
I1,2,N9,1.5252928229836907e-07,0.00016582608961667454,0.00016567356033437617,67.16555098944941,0.011127555964242166
I1,3,N1,1.172292471997423e-08,1.0271487091045477e-08,-1.451437628928754e-09,67.12682002458448,-9.74303924940101e-08
I1,3,N2,6.4910983486337896e-09,5.685836942951428e-09,-8.052614056823613e-10,67.16205762915956,-5.4083012934976784e-08
I1,3,N3,1.5248137216679262e-07,0.0002788710817448464,0.0002787186003726796,67.15602872456205,0.0187176343326974
I1,3,N4,1.171104308417647e-08,1.026114136898708e-08,-1.44990171518939e-09,67.16205759640106,-9.73783825046705e-08
I1,3,N5,9.928896479354135e-09,8.698865537680453e-09,-1.2300309416736819e-09,67.19637012904235,-8.265361442687923e-08
I1,3,N6,8.990897983265483e-09,7.878764625400033e-09,-1.1121333578654493e-09,67.16535160522068,-7.469682801292762e-08
I1,3,N7,6.529196825929914e-09,5.719218937363258e-09,-8.099778885666565e-10,67.16205762915956,-5.4399781630258764e-08
I1,3,N8,1.5253394923164872e-07,0.00016029414955128532,0.00016014161560205366,67.16571755784908,0.010756026522785173
I1,3,N9,1.5255654279105382e-07,0.00014139431281184374,0.00014124175626905268,67.16205754994574,0.009486086962997527
I1,4,N1,1.1721920138574491e-08,1.0272135254201173e-08,-1.4497848843733181e-09,67.12467953567973,-9.731634575923147e-08
I1,4,N2,6.490721413457412e-09,5.685183427690527e-09,-8.05537985766885e-10,67.16017964436656,-5.41000758344652e-08
I1,4,N3,1.524891764960469e-07,0.0002571848019164263,0.0002570323127399303,67.15508973187565,0.01726102802604154
I1,4,N4,1.171013016349115e-08,1.0261751600665013e-08,-1.4483785628261367e-09,67.16017961196971,-9.72733644255299e-08
I1,4,N5,9.928422586827324e-09,8.698905601930388e-09,-1.229516984896936e-09,67.19392964400772,-8.261607777927722e-08
I1,4,N6,8.98941473567509e-09,7.879671425087708e-09,-1.109743310587383e-09,67.16341962173442,-7.453415564139315e-08
I1,4,N7,6.528825656523524e-09,5.718567564916286e-09,-8.102580916072384e-10,67.16017964436656,-5.441707899064375e-08
I1,4,N8,1.525507371499097e-07,0.00014516876954038304,0.00014501621880323314,67.16377957999472,0.009739837355224637
I1,4,N9,1.5257207003383723e-07,0.0001303761363300966,0.00013022356426006275,67.16017957171434,0.008745837960174495
I1,5,N1,1.1720378415422473e-08,1.0272697646323166e-08,-1.4476807690993066e-09,67.12817302284263,-9.718016514994015e-08
I1,5,N2,6.491199807931948e-09,5.680422820064756e-09,-8.107769878671925e-10,67.16341062817357,-5.445454776399795e-08
I1,5,N3,1.524784328485842e-07,0.0002867911819985864,0.0002866387035657378,67.15670522476174,0.019249710921372117
I1,5,N4,1.170862193541188e-08,1.0262137109747195e-08,-1.446484825664684e-09,67.16341059465923,-9.715085426506123e-08
I1,5,N5,9.927804138727706e-09,8.697488504099069e-09,-1.2303156346286373e-09,67.19828562829977,-8.267510142873807e-08
I1,5,N6,8.987313599335806e-09,7.879797490361624e-09,-1.107516108974182e-09,67.16675860294355,-7.43882671403402e-08
I1,5,N7,6.529305481726379e-09,5.713839513101964e-09,-8.154659686244147e-10,67.16341062817357,-5.4769475704022864e-08
I1,5,N8,1.525290987104415e-07,0.00016436872988340631,0.00016421620078469588,67.16713055463866,0.011029930997292424
I1,5,N9,1.525504688351643e-07,0.00014571655789521847,0.0001455640074263833,67.1634105454425,0.009776575191418023
I1,6,N1,1.1720814930434263e-08,1.027001718674404e-08,-1.4507977436902234e-09,67.13865333398842,-9.740460677135049e-08
I1,6,N2,6.49980769354319e-09,5.661908643728552e-09,-8.378990498146378e-10,67.17310343348898,-5.6284279540020796e-08
I1,6,N3,1.5244423986350912e-07,0.00045552918970775003,0.00045537674546788654,67.16155159969837,0.030583808788044172
I1,6,N4,1.1708859979299285e-08,1.0259246778921455e-08,-1.4496132003778302e-09,67.17310339491206,-9.737501739160936e-08
I1,6,N5,9.930929467217491e-09,8.689507968769299e-09,-1.2414214984481923e-09,67.21135343464992,-8.343761909357417e-08
I1,6,N6,8.988230528012868e-09,7.874321245874872e-09,-1.113909282137996e-09,67.17677539892483,-7.482883366096174e-08
I1,6,N7,6.537863931800312e-09,5.695452413034398e-09,-8.424115187659139e-10,67.17310343348898,-5.658739608362527e-08
I1,6,N8,1.5245880961238857e-07,0.0002910281394485776,0.00029087568063896523,67.17718330445723,0.019540208917092527
I1,6,N9,1.524819464843567e-07,0.0002337541361791743,0.00023360165423268994,67.17310330182373,0.01569174805124939
I1,7,N1,1.1706126636498315e-08,1.0277725607636609e-08,-1.4284010288617064e-09,67.15426751791469,-9.592322481504362e-08
I1,7,N2,6.4615751324289314e-09,5.678014675051365e-09,-7.835604573775663e-10,67.18740512254915,-5.264539388783645e-08
I1,7,N3,1.5239335318580996e-07,0.006049044061092031,0.006048891667738845,67.16870135122635,0.4062961979362719
I1,7,N4,1.16933954786351e-08,1.0267451446503067e-08,-1.4259440321320337e-09,67.18740506620654,-9.580547928859479e-08
I1,7,N5,9.91234918133398e-09,8.696327700369727e-09,-1.2160214809642524e-09,67.23240512577965,-8.175604884983916e-08
I1,7,N6,8.960647488483307e-09,7.89043225698401e-09,-1.0702152314992972e-09,67.19133131299303,-7.190918619588081e-08
I1,7,N7,6.500000653837448e-09,5.711353660480846e-09,-7.886469933566019e-10,67.18740512254915,-5.2987145041330344e-08
I1,7,N8,1.52366212269902e-07,2.19566716511822,2.1956670127520077,67.19032108211186,147.5275715762088
I1,7,N9,1.5238006258429474e-07,0.0025591366853974524,0.002558984305334868,67.18740400410992,0.17193151236271034
I1,8,N1,1.1699431730615992e-08,1.0282080999170232e-08,-1.4173507314457604e-09,67.15871337327458,-9.518745152256689e-08
I1,8,N2,6.481217438230067e-09,5.652508418642012e-09,-8.287090195880549e-10,67.1905384977331,-5.568140528404985e-08
I1,8,N3,1.523849979643415e-07,1.3901637973838255,1.3901636449988275,67.16998956135492,93.37727752314636
I1,8,N4,1.1687341637406772e-08,1.0271791690299033e-08,-1.4155499471077387e-09,67.19053841295509,-9.511156309659907e-08
I1,8,N5,9.915627683017497e-09,8.689150629898385e-09,-1.2264770531191124e-09,67.24116350660839,-8.246974406588546e-08
I1,8,N6,8.953499593812586e-09,7.896700839633458e-09,-1.0567987541791285e-09,67.1934296551213,-7.100993274855511e-08
I1,8,N7,6.51957318756441e-09,5.6859529983057376e-09,-8.336201892586725e-10,67.1905384977331,-5.601138941887239e-08
I1,8,N8,1.52366540525439e-07,1.5375335359300408,1.5375333835635003,67.19042745930776,103.30752527458738
I1,8,N9,1.5236668809216633e-07,2.5929609919435266,2.5929608395768384,67.18950694297766,174.21976033361716
I1,9,N1,1.168176639784629e-08,1.0300137142511752e-08,-1.381629255334538e-09,67.14592333316628,-9.27707720535525e-08
I1,9,N2,6.503040621892196e-09,5.630533695031851e-09,-8.725069268603451e-10,67.1764359484689,-5.861190568682942e-08
I1,9,N3,1.5241272456366618e-07,0.0010953276287476253,0.0010951752160230615,67.16321770114875,0.07355549145465949
I1,9,N4,1.1670798760747113e-08,1.0289855361935856e-08,-1.3809433988112565e-09,67.17643586658582,-9.276685566562942e-08
I1,9,N5,9.915702229756359e-09,8.688790439295708e-09,-1.2269117904606504e-09,67.22874845935328,-8.248374414269383e-08
I1,9,N6,8.93004743762784e-09,7.925107007699338e-09,-1.004940429928502e-09,67.17594535628754,-6.750782340720115e-08
I1,9,N7,6.541414849027765e-09,5.663935643936921e-09,-8.774792050908441e-10,67.17643594846892,-5.894592561689851e-08
I1,9,N8,1.5245712415870536e-07,0.00033118640008973936,0.0003310339429655807,67.16834473416812,0.02223500199982307
I1,9,N9,1.5242080777710035e-07,0.0005671461795159333,0.0005669937587081562,67.17643562152801,0.038088619729666644
I1,10,N1,1.175462047262527e-08,1.0232010394002762e-08,-1.5226100786225076e-09,60.023405461132,-9.139224210836485e-08
I1,10,N2,6.598569070963258e-09,5.533203290519251e-09,-1.0653657804440068e-09,60.05140454319353,-6.397671146791815e-08
I1,10,N3,1.8694192276436961e-07,1.0354896035529064e-06,8.485476807885368e-07,60.05140445773043,5.095647998070156e-05
I1,10,N4,1.1743560602272915e-08,1.0222519994290799e-08,-1.5210406079821164e-09,60.051404484772334,-9.13406247876981e-08
I1,10,N5,1.000425194893703e-08,8.60189816543563e-09,-1.4023537835013998e-09,60.102029545033744,-8.428430852859098e-08
I1,10,N6,8.959253716887659e-09,7.905388779531456e-09,-1.0538649373562034e-09,60.04681446838224,-6.328123236816121e-08
I1,10,N7,6.637380658189693e-09,5.566126476438744e-09,-1.0712541817509482e-09,60.05140454319353,-6.433031823691396e-08
I1,10,N8,1.8627691903433415e-07,1.0582031357140758e-06,8.719262166797417e-07,60.033368450303435,5.234466782741404e-05
I1,10,N9,1.8701340243603584e-07,1.0331962705641662e-06,8.461828681281304e-07,60.0514044577816,5.081446965920803e-05
I1,11,N1,1.1738978777061876e-08,1.0250562050999918e-08,-1.4884167260619584e-09,60.01345423115362,-8.932502906640284e-08
I1,11,N2,6.354195792942553e-09,5.766443831541401e-09,-5.877519614011515e-10,100.69381288126729,-5.9182986021925385e-08
I1,11,N3,0.9983716120718261,1.873497681378383e-07,-0.998371424722058,16.72354779591078,-16.696312239410876
I1,11,N4,1.172835385001771e-08,1.0241159981246775e-08,-1.4871938687709351e-09,60.03084596761656,-8.927750606017176e-08
I1,11,N5,9.870757291809967e-09,8.73120976144796e-09,-1.1395475303620071e-09,74.1305581360067,-8.447529444824363e-08
I1,11,N6,9.069809122504236e-09,7.807406200482242e-09,-1.262402922021994e-09,44.8149219999539,-5.657448848292955e-08
I1,11,N7,6.391908453563798e-09,5.800353238373238e-09,-5.915552151905599e-10,100.69381288126729,-5.956595014733605e-08
I1,11,N8,7.903763391114348,2.1632763451901197e-07,-7.903763174786713,0.036788469673990486,-0.29076735186604374
I1,11,N9,1.5084224453698012,1.8734889752440732e-07,-1.5084222580209037,16.723691968901228,-25.226389202176044
I1,12,N1,1.1731628820200031e-08,1.0259805403341176e-08,-1.4718234168588556e-09,60.01035342433708,-8.832464342391533e-08
I1,12,N2,6.404606561165844e-09,5.713067174420481e-09,-6.91539386745363e-10,100.68246059178115,-6.962588705365451e-08
I1,12,N3,3.631652580865316,1.8734677553792653e-07,-3.6316523935185407,16.723363248679675,-60.73344216974754
I1,12,N4,1.1721127544872329e-08,1.0250574963653583e-08,-1.4705525812187451e-09,60.02438186627046,-8.826900968950367e-08
I1,12,N5,9.89099063389894e-09,8.710171630711087e-09,-1.1808190031878525e-09,74.12128002431369,-8.752381599331777e-08
I1,12,N6,9.039417865739555e-09,7.844510446678998e-09,-1.1949074190605578e-09,44.80683110618246,-5.35400149133708e-08
I1,12,N7,6.44252819797881e-09,5.746707276622436e-09,-6.958209213563741e-10,100.68246059178115,-7.005696249339998e-08
I1,12,N8,10.167162164343639,2.1631351323480338e-07,-10.167161948030126,0.03657587659445108,-0.3718728607269487
I1,12,N9,4.365780570874041,1.8734562202569887e-07,-4.36578038352842,16.723534646406353,-73.01127950253874
I1,13,N1,1.1728969219692807e-08,1.0263593429281616e-08,-1.4653757904111909e-09,60.00737721689636,-8.793335781971199e-08
I1,13,N2,6.424868723314873e-09,5.6928556783374885e-09,-7.320130449773845e-10,100.67148082057702,-7.369283721785294e-08
I1,13,N3,4.462911524484074,1.8734526430351522e-07,-4.462911337138809,16.72368455788576,-74.6363214121216
I1,13,N4,1.1718549340227429e-08,1.0254426770610824e-08,-1.464122569616604e-09,60.01869196808461,-8.787472150933947e-08
I1,13,N5,9.899483480810723e-09,8.702016163086198e-09,-1.1974673177245259e-09,74.11263732261061,-8.874746102419711e-08
I1,13,N6,9.027681696490513e-09,7.85951487330915e-09,-1.168166823181364e-09,44.801042757764684,-5.2335091793550424e-08
I1,13,N7,6.462862154581363e-09,5.72639168317376e-09,-7.364704714076024e-10,100.67148082057702,-7.414157293723175e-08
I1,13,N8,10.160258819605257,2.1631327067862825e-07,-10.160258603291986,0.03836565089013171,-0.3898049345273576
I1,13,N9,5.735147333327417,1.8734336900856006e-07,-5.7351471459840475,16.72391119141339,-95.91409153912517
I1,14,N1,1.1729074472344564e-08,1.0263754056036596e-08,-1.4653204163079681e-09,60.00578176395922,-8.792769711524981e-08
I1,14,N2,6.425391393011797e-09,5.69320001289642e-09,-7.321913801153773e-10,100.66570340657834,-7.370656030754783e-08
I1,14,N3,4.532373260789284,1.8734398258702157e-07,-4.532373073445301,16.72447420940767,-75.80155657424972
I1,14,N4,1.1718680286819373e-08,1.0254589638412102e-08,-1.464090648407271e-09,60.01602607693677,-8.786890253381004e-08
I1,14,N5,9.899708763310375e-09,8.702287270737622e-09,-1.197421492572753e-09,74.10833381095999,-8.873891168399953e-08
I1,14,N6,9.027916633028516e-09,7.859693505599906e-09,-1.1682231274286102e-09,44.798895887150124,-5.233510625863522e-08
I1,14,N7,6.4633801776153645e-09,5.726733997597855e-09,-7.366461800175092e-10,100.66570340657834,-7.41550058732315e-08
I1,14,N8,10.170991295307232,2.1629719425300327e-07,-10.170991079010038,0.04004734751983923,-0.4073212143622996
I1,14,N9,7.047797878538518,1.8734040718354378e-07,-7.04779769119811,16.72479547455706,-117.87297493134385
I1,15,N1,1.1731941932974938e-08,1.0260087852369602e-08,-1.4718540806053358e-09,60.00621503189745,-8.832039245637949e-08
I1,15,N2,6.406217395150658e-09,5.713349469155733e-09,-6.928679259949251e-10,100.6677776452538,-6.974947431158529e-08
I1,15,N3,3.946451474246341,1.873428074415067e-07,-3.9464512869035335,16.72572778672916,-66.00726994833548
I1,15,N4,1.1721501449878373e-08,1.0250860762236233e-08,-1.47064068764214e-09,60.01768010864467,-8.826444234566319e-08
I1,15,N5,9.891745941602093e-09,8.710563822071673e-09,-1.18118211953042e-09,74.11013303613225,-8.75375640183001e-08
I1,15,N6,9.039860722112141e-09,7.844898620256812e-09,-1.1949621018553293e-09,44.801967794873306,-5.353665360341658e-08
I1,15,N7,6.444124258774574e-09,5.7469900530719265e-09,-6.971342057026478e-10,100.6677776452538,-7.017895120857477e-08
I1,15,N8,10.173554905207354,2.16250407327045e-07,-10.173554688956946,0.04056491886066077,-0.41268942048203344
I1,15,N9,8.155849288583271,1.8733458156425504e-07,-8.15584910124869,16.726117465683014,-136.41569009987083
I1,16,N1,1.1738990935853831e-08,1.0250736756080244e-08,-1.4882541797735875e-09,60.008292342168986,-8.930759189930836e-08
I1,16,N2,6.354744925292243e-09,5.766363983805375e-09,-5.883809414868679e-10,100.6629596426838,-5.922816696741689e-08
I1,16,N3,0.0006408355892877828,1.8739690819684691e-07,-0.000640648192379586,16.739011030220315,-0.010723817158732595
I1,16,N4,1.172834487953708e-08,1.0241401877529668e-08,-1.4869430020074122e-09,60.02262221395206,-8.925021806317066e-08
I1,16,N5,9.870945225832675e-09,8.731529222488884e-09,-1.1394160033437913e-09,74.11282774815072,-8.444534198930474e-08
I1,16,N6,9.06947626278476e-09,7.807789345115956e-09,-1.261686917668804e-09,44.81421179365115,-5.6541504745688676e-08
I1,16,N7,6.392450906786222e-09,5.800277735488819e-09,-5.921731712974029e-10,100.6629596426838,-5.960990404379056e-08
I1,16,N8,0.0005801157760034404,2.1638995982659442e-07,-0.0005798993860436138,0.06248651072269644,-3.623588920409936e-05
I1,16,N9,0.0007635389847514852,1.8738574314264448e-07,-0.0007633515990083426,16.739011053657787,-0.012777750853627994
I1,17,N1,1.1754066645157324e-08,1.0231168822670307e-08,-1.5228978224870161e-09,60.01912729151798,-9.140299825982378e-08
I1,17,N2,6.598677130348853e-09,5.528707562735605e-09,-1.0699695676132478e-09,60.04507961815324,-6.424640787633846e-08
I1,17,N3,1.8694840695122732e-07,1.0355499228997435e-06,8.486015159485162e-07,60.04507952030319,5.095434550617849e-05
I1,17,N4,1.1743032150154113e-08,1.0221661099397528e-08,-1.521371050756585e-09,60.04507956056227,-9.135084578381536e-08
I1,17,N5,1.0003675723476697e-08,8.600524411216067e-09,-1.4031513122606295e-09,60.09514211432669,-8.432257751820652e-08
I1,17,N6,8.958895776068789e-09,7.90317796316542e-09,-1.0557178129033697e-09,60.040041788305594,-6.33853416033769e-08
I1,17,N7,6.63747957045617e-09,5.5616771942067745e-09,-1.0758023762493954e-09,60.045079618153245,-6.45966393352934e-08
I1,17,N8,1.8623381184014882e-07,1.0599904938823404e-06,8.737566820421915e-07,60.02600700813037,5.244812471966533e-05
I1,17,N9,1.8699729187338667e-07,1.0339801805261267e-06,8.469828886527401e-07,60.04507952035407,5.085715490153298e-05
I1,18,N1,1.168055866838454e-08,1.0296494253465104e-08,-1.3840644149194365e-09,67.13394719514403,-9.291770734587937e-08
I1,18,N2,6.502784242921505e-09,5.615204892508879e-09,-8.87579350412626e-10,67.16655983213356,-5.961565154525587e-08
I1,18,N3,1.5241495877264573e-07,0.0012057240215963575,0.001205571606637585,67.15827959845852,0.08096411503452978
I1,18,N4,1.166970421152054e-08,1.0285882401626473e-08,-1.3838218098940666e-09,67.16655973962888,-9.294655026325118e-08
I1,18,N5,9.914734086732755e-09,8.682240119275327e-09,-1.2324939674574286e-09,67.21943484763966,-8.284754794561354e-08
I1,18,N6,8.928419221139208e-09,7.917657036311953e-09,-1.0107621848272545e-09,67.16612323537379,-6.788897746776304e-08
I1,18,N7,6.541151743702152e-09,5.648740825220075e-09,-8.92410918482077e-10,67.16655983213356,-5.994017135107569e-08
I1,18,N8,1.524556463127756e-07,0.00041033765345935036,0.0004101851978130376,67.15501408816311,0.02754599273789051
I1,18,N9,1.5243167722624104e-07,0.0005403836991481816,0.0005402312674709554,67.16655952884327,0.03628547558593037
I1,19,N1,1.1692235864997406e-08,1.0278569917753424e-08,-1.413665947243982e-09,67.15192886253404,-9.493039512471466e-08
I1,19,N2,6.455323994611098e-09,5.642310095009817e-09,-8.130138996012814e-10,67.18506660334972,-5.462239299416118e-08
I1,19,N3,1.5238638309652908e-07,4.133501953097162,4.133501800710778,67.16648390542305,277.6327821704777
I1,19,N4,1.1679500706894626e-08,1.0268052043272137e-08,-1.4114486636224885e-09,67.18506641082587,-9.482827220094831e-08
I1,19,N5,9.90344332667714e-09,8.683593371886447e-09,-1.219849954790694e-09,67.24131662612665,-8.202431704644732e-08
I1,19,N6,8.939396742875075e-09,7.890393793321337e-09,-1.0490029495537378e-09,67.18889140776609,-7.048134526399242e-08
I1,19,N7,6.493889643362799e-09,5.675833158746272e-09,-8.180564846165268e-10,67.18506660334972,-5.496117940426349e-08
I1,19,N8,1.523729029380253e-07,8.459748476601842,8.459748324228938,67.17842423213084,568.3125618221095
I1,19,N9,1.5236962883284671e-07,6.6373164713785,6.637316319008871,67.18335359052313,445.91716915212237
I1,20,N1,1.1702339544248297e-08,1.0266636445231257e-08,-1.4357030990170398e-09,67.15486581352386,-9.641444896254966e-08
I1,20,N2,6.447118441799579e-09,5.641944311351022e-09,-8.051741304485569e-10,67.18852855430666,-5.4098465054831895e-08
I1,20,N3,1.5238377142819735e-07,6.02668922951214,6.026689077128369,67.16797056247057,404.8004745217212
I1,20,N4,1.1688964809028986e-08,1.0255680682087334e-08,-1.4332841269416513e-09,67.188528366246,-9.630025121990928e-08
I1,20,N5,9.905180133575527e-09,8.678392802336667e-09,-1.2267873312388597e-09,67.2442160833498,-8.249435239014191e-08
I1,20,N6,8.952741037402653e-09,7.870023937301243e-09,-1.0827171001014103e-09,67.19367749314262,-7.275174364052478e-08
I1,20,N7,6.485664177301946e-09,5.675567218120892e-09,-8.100969591810544e-10,67.18852855430666,-5.442922267369327e-08
I1,20,N8,1.5235083013160298e-07,10.172924289534606,10.172924137183776,67.18487904250709,683.4666776652928
I1,20,N9,1.5236584309523598e-07,8.136067837191165,8.136067684825322,67.18556140994244,546.6262750742799
I1,21,N1,1.1702497826010518e-08,1.0267395050522468e-08,-1.43510277548805e-09,67.15415860208549,-9.637311939541759e-08
I1,21,N2,6.433613171715296e-09,5.659823365290093e-09,-7.737898064252032e-10,67.18808376921487,-5.198945433386111e-08
I1,21,N3,1.5238513918255823e-07,3.519079103636601,3.519078951251462,67.16830493921299,236.37056810282402
I1,21,N4,1.1689534164241868e-08,1.02560466457434e-08,-1.4334875184984686e-09,67.18808365730708,-9.631327931458063e-08
I1,21,N5,9.90044160940298e-09,8.685428875747383e-09,-1.2150127336555972e-09,67.24095878645512,-8.169862114875419e-08
I1,21,N6,8.953645596557423e-09,7.870402427003643e-09,-1.0832431695537798e-09,67.19315965595399,-7.278653123804877e-08
I1,21,N7,6.472226199979068e-09,5.6933487886705485e-09,-7.788774113085198e-10,67.18808376921487,-5.2331280756946054e-08
I1,21,N8,1.5236158318316555e-07,10.16716637030327,10.167166217941688,67.18578811447843,683.0890752433132
I1,21,N9,1.52368025828057e-07,5.247879819413388,5.247879667045362,67.18613192217732,352.5847356218217
I1,22,N1,1.1714248086483589e-08,1.0263254288839495e-08,-1.4509937976440942e-09,67.15219090192666,-9.743741249690775e-08
I1,22,N2,6.468303870015796e-09,5.650055194265282e-09,-8.182486757505139e-10,67.18637852608146,-5.497516525743892e-08
I1,22,N3,1.5238768630416996e-07,0.3121794481019799,0.3121792957142936,67.16812175961098,20.968496945367274
I1,22,N4,1.170165613238506e-08,1.0252033247479491e-08,-1.4496228849055688e-09,67.18637845987153,-9.739491176935633e-08
I1,22,N5,9.916503974415412e-09,8.68202050311368e-09,-1.234483471301733e-09,67.23419103455987,-8.299949753850731e-08
I1,22,N6,8.975476568607587e-09,7.862366983151521e-09,-1.1131095854560654e-09,67.19096845879469,-7.479091104756052e-08
I1,22,N7,6.506598168668602e-09,5.683708353769313e-09,-8.228898148992895e-10,67.18637852608146,-5.528698658908076e-08
I1,22,N8,1.5236485858961203e-07,9.331915591073548,9.33191543870869,67.18671190895347,626.9807141392358
I1,22,N9,1.5237086397764407e-07,0.8712001207338094,0.8711999683629454,67.18608670913486,58.53251661542839
I1,23,N1,1.1717572676505593e-08,1.0266249735992335e-08,-1.4513229405132579e-09,67.14803883058919,-9.745348916530913e-08
I1,23,N2,6.477319728167217e-09,5.662914347395138e-09,-8.144053807720792e-10,67.18248894276036,-5.471378048864475e-08
I1,23,N3,1.5240229621726324e-07,0.002458067570373094,0.0024579151680768764,67.16624396262338,0.16508892981848394
I1,23,N4,1.1705271310451657e-08,1.0255323664335978e-08,-1.4499476461156794e-09,67.18248889151292,-9.741109162844193e-08
I1,23,N5,9.921032833715993e-09,8.68844719059968e-09,-1.2325856431163134e-09,67.2252389456512,-8.286086437947333e-08
I1,23,N6,8.981617145120061e-09,7.868105786678291e-09,-1.11351135844177e-09,67.18659289195345,-7.481303432019326e-08
I1,23,N7,6.515525246603973e-09,5.69648426737827e-09,-8.190409792257034e-10,67.18248894276036,-5.502521153049844e-08
I1,23,N8,1.523708287981581e-07,0.6900591094375104,0.6900589570666815,67.18633022931209,46.36252896717676
I1,23,N9,1.5239883249897203e-07,0.0009732381410550964,0.0009730857422225975,67.18248849047852,0.0653743216771184
I1,24,N1,1.1719262936798713e-08,1.026856184809131e-08,-1.450701088707403e-09,67.14096524248502,-9.740147137413893e-08
I1,24,N2,6.480984432239951e-09,5.673375200556334e-09,-8.076092316836173e-10,67.17554659653305,-5.4251591574753095e-08
I1,24,N3,1.5242846515260102e-07,0.0006559150086758239,0.0006557625802106713,67.16277314126039,0.044042833409216886
I1,24,N4,1.1707166367018298e-08,1.025783255673508e-08,-1.4493338102832173e-09,67.17554655500558,-9.735979084642389e-08
I1,24,N5,9.923332938163979e-09,8.693170265911225e-09,-1.2301626722527531e-09,67.2149215980867,-8.268528756836163e-08
I1,24,N6,8.984540061019671e-09,7.872788022255818e-09,-1.111752038763853e-09,67.17932655821127,-7.468675326387403e-08
I1,24,N7,6.519158516439506e-09,5.7068637465340585e-09,-8.122947699054477e-10,67.17554659653305,-5.45663451659035e-08
I1,24,N8,1.5242128126588872e-07,0.0005229925975151436,0.0005228401762338778,67.17974637022648,0.03512427043155642
I1,24,N9,1.5245107383115454e-07,0.00032924278766872114,0.00032909033659488996,67.17554642210924,0.022106823182997584
I2,1,N1,7.337726838921583e-09,6.428534819033707e-09,-9.091920198878762e-10,67.13594736162541,-6.103946758880235e-08
I2,1,N2,4.803161813137362e-09,4.2072537687146486e-09,-5.959080444227137e-10,67.17039745878097,-4.002738019275859e-08
I2,1,N3,1.524491266545186e-07,0.00042692532288072236,0.00042677287375406786,67.16019861768838,0.028662150965964847
I2,1,N4,7.331399832058427e-09,6.423391728280681e-09,-9.080081037777461e-10,67.17039742254903,-6.099126519364634e-08
I2,1,N5,7.272588572475136e-09,6.3718073942697615e-09,-9.007811782053747e-10,67.20752245959434,-6.053927126541758e-08
I2,1,N6,7.990695395827225e-09,7.002019114638106e-09,-9.886762811891196e-10,67.17396142758264,-6.641330237696377e-08
I2,1,N7,4.768582862605457e-09,4.176917887155714e-09,-5.91664975449743e-10,67.17039745878097,-3.974237156339912e-08
I2,1,N8,1.5246578259065658e-07,0.0002756532250233991,0.00027550075924080844,67.17435733687952,0.01850658644782368
I2,1,N9,1.524922043604179e-07,0.0002166284292968587,0.0002164759370924983,67.17039733848591,0.014540774708724192
I2,2,N1,7.339108317453298e-09,6.43032101075722e-09,-9.087873066960776e-10,67.13070723292985,-6.100753462281721e-08
I2,2,N2,4.806839607538364e-09,4.210400416468886e-09,-5.964391910694779e-10,67.16555108272561,-4.006016695551656e-08
I2,2,N3,1.5246770339279437e-07,0.0003268320644977603,0.0003266795967943675,67.157775446732,0.021939075004545085
I2,2,N4,7.3332234849917776e-09,6.425174680768916e-09,-9.080488042228617e-10,67.16555104888641,-6.098959831491088e-08
I2,2,N5,7.274944236885528e-09,6.373600811599064e-09,-9.013434252864642e-10,67.20098858302877,-6.057116923206373e-08
I2,2,N6,7.992243258374483e-09,7.003543578614732e-09,-9.886996797597507e-10,67.16895305605543,-6.640992237631972e-08
I2,2,N7,4.772281583697076e-09,4.18009511172572e-09,-5.921864719713559e-10,67.16555108272561,-3.9774530733691164e-08
I2,2,N8,1.525049839799067e-07,0.00019503812352376443,0.00019488561853978452,67.16933099579978,0.013090336618019961
I2,2,N9,1.5252928024181767e-07,0.0001658285250477455,0.00016567599576750367,67.16555098944941,0.011127719541450073
I2,3,N1,7.33954836973496e-09,6.430895961816989e-09,-9.086524079179715e-10,67.12682002458448,-6.099494665121498e-08
I2,3,N2,4.808384012802515e-09,4.211521053181389e-09,-5.968629596211259e-10,67.16205762915956,-4.00865444907848e-08
I2,3,N3,1.524813718555676e-07,0.0002788713414906732,0.0002787188601188176,67.15602872456205,0.018717651776216506
I2,3,N4,7.333788571230434e-09,6.42593327777036e-09,-9.078552934600743e-10,67.16205759640106,-6.097342950856309e-08
I2,3,N5,7.275780965120301e-09,6.374447716627714e-09,-9.01333248492587e-10,67.19637012904235,-6.056632257531998e-08
I2,3,N6,7.992513771692574e-09,7.004392201684492e-09,-9.881215700080822e-10,67.16535160522068,-6.636753267829553e-08
I2,3,N7,4.773833876576601e-09,4.181228042843701e-09,-5.926058337329002e-10,67.16205762915956,-3.980062715654519e-08
I2,3,N8,1.5253393911373135e-07,0.00016030528191256745,0.0001601527479734537,67.16571755784908,0.010756774236498378
I2,3,N9,1.5255654103341152e-07,0.00014139583023786598,0.00014124327369683258,67.16205754994574,0.009486188876569407
I2,4,N1,7.3379268055494786e-09,6.431524613555449e-09,-9.064021919940298e-10,67.12467953567973,-6.084195666803691e-08
I2,4,N2,4.807701020038272e-09,4.210747731522514e-09,-5.96953288515758e-10,67.16017964436656,-4.0091490096013695e-08
I2,4,N3,1.5248917623814677e-07,0.0002571851579049816,0.00025703266872874347,67.15508973187565,0.017261051932502235
I2,4,N4,7.332462339982636e-09,6.426390879911016e-09,-9.0607146007162e-10,67.16017961196971,-6.085192199968964e-08
I2,4,N5,7.27506461157745e-09,6.374398719835431e-09,-9.006658917420197e-10,67.19392964400772,-6.051928056247074e-08
I2,4,N6,7.990823504281677e-09,7.005356482427963e-09,-9.85467021853714e-10,67.16341962173442,-6.618733511214193e-08
I2,4,N7,4.773143515423893e-09,4.180451470751886e-09,-5.926920446720066e-10,67.16017964436656,-3.9805304193958894e-08
I2,4,N8,1.5255072922565984e-07,0.00014517590081094276,0.0001450233500817171,67.16377957999472,0.009740316318840857
I2,4,N9,1.5257206857520835e-07,0.00013037720788072038,0.00013022463581214517,67.16017957171434,0.008745909925804771
I2,5,N1,7.33647336777071e-09,6.430279201515265e-09,-9.061941662554447e-10,67.12817302284263,-6.083115878468611e-08
I2,5,N2,4.808128284732111e-09,4.204229624887081e-09,-6.0389865984503e-10,67.16341062817357,-4.055989366897546e-08
I2,5,N3,1.5247843264488287e-07,0.00028679151644176424,0.00028663903800911933,67.15670522476174,0.019249733381487704
I2,5,N4,7.331116292930279e-09,6.42468921115961e-09,-9.064270817706686e-10,67.16341059465923,-6.087873426708217e-08
I2,5,N5,7.2744166767156234e-09,6.371489651940899e-09,-9.029270247747242e-10,67.19828562829977,-6.067514811232282e-08
I2,5,N6,7.988585268045326e-09,7.005126409719041e-09,-9.834588583262854e-10,67.16675860294355,-6.605574373312806e-08
I2,5,N7,4.773576218528309e-09,4.1738827241389506e-09,-5.996934943893583e-10,67.16341062817357,-4.027746041471677e-08
I2,5,N8,1.5252909298189096e-07,0.00016437531037543092,0.00016422278128244903,67.16713055463866,0.011030372990444124
I2,5,N9,1.5255046767586148e-07,0.00014571762246038672,0.00014556507199271084,67.1634105454425,0.009776646691323332
I2,6,N1,7.34227517731035e-09,6.4183789311784796e-09,-9.238962461318707e-10,67.13865333398842,-6.20291497856209e-08
I2,6,N2,4.8197854820133395e-09,4.178490469911415e-09,-6.412950121019248e-10,67.17310343348898,-4.307777617930316e-08
I2,6,N3,1.5244423971467574e-07,0.0004555288936687065,0.0004553764494289918,67.16155159969837,0.03058378890561267
I2,6,N4,7.336273260296115e-09,6.4124671096766746e-09,-9.238061506194408e-10,67.17310339491206,-6.20549260724154e-08
I2,6,N5,7.2803919949061405e-09,6.3570903181773784e-09,-9.23301676728762e-10,67.21135343464992,-6.205635532142171e-08
I2,6,N6,7.99052820556034e-09,6.997480468473236e-09,-9.93047737087104e-10,67.17677539892483,-6.670974479471095e-08
I2,6,N7,4.785305976893681e-09,4.1479695587268005e-09,-6.373364181668805e-10,67.17310343348898,-4.281186513945324e-08
I2,6,N8,1.5245880607864925e-07,0.00029104074075235334,0.0002908882819462747,67.17718330445723,0.019541055437423533
I2,6,N9,1.5248194562434472e-07,0.00023375617101846155,0.0002336036890728372,67.17310330182373,0.015691884737776805
I2,7,N1,7.3109859696232005e-09,6.4320554125297154e-09,-8.78930557093485e-10,67.15426751791469,-5.9023937760725686e-08
I2,7,N2,4.7624316162087705e-09,4.204548400407903e-09,-5.578832158008677e-10,67.18740512254915,-3.748272563108341e-08
I2,7,N3,1.523933530917661e-07,0.006046994112087485,0.006046841718734393,67.16870135122635,0.40615850552380667
I2,7,N4,7.302811997342936e-09,6.427713047134243e-09,-8.750989502086932e-10,67.18740506620654,-5.8795627640683574e-08
I2,7,N5,7.2462883143231775e-09,6.3712816580288856e-09,-8.750066562942919e-10,67.23240512577965,-5.882880200373166e-08
I2,7,N6,7.95841614058221e-09,7.015283023684899e-09,-9.431331168973105e-10,67.19133131299303,-6.337036972970298e-08
I2,7,N7,4.727299339879393e-09,4.174473156148839e-09,-5.528261837305544e-10,67.18740512254915,-3.714295676865755e-08
I2,7,N8,1.5236621092487014e-07,2.1976350277448953,2.1976348753786845,67.19032108211186,147.65979289794072
I2,7,N9,1.523800620228079e-07,0.0025579106594518577,0.002557758279389835,67.18740400410992,0.1718491388622219
I2,8,N1,7.30981544122586e-09,6.4254396204477145e-09,-8.843758207781455e-10,67.15871337327458,-5.939354226189393e-08
I2,8,N2,4.786497164022879e-09,4.172640373657427e-09,-6.138567903654523e-10,67.1905384977331,-4.12453683051448e-08
I2,8,N3,1.5238499791818688e-07,1.390232547391641,1.390232395006643,67.16998956135492,93.38189546045368
I2,8,N4,7.3033585973511306e-09,6.4208950306562926e-09,-8.82463566694838e-10,67.19053841295509,-5.929320217604287e-08
I2,8,N5,7.252712018312513e-09,6.358044025594933e-09,-8.946679927175796e-10,67.24116350660839,-6.01585167824519e-08
I2,8,N6,7.95349768183631e-09,7.01859305020103e-09,-9.349046316352801e-10,67.1934296551213,-6.281944860003229e-08
I2,8,N7,4.751474630127157e-09,4.142407373188604e-09,-6.090672569385529e-10,67.1905384977331,-4.092355697503854e-08
I2,8,N8,1.523665398332503e-07,1.5386030245757985,1.5386028722092586,67.19042745930776,103.37938467385875
I2,8,N9,1.5236668782897657e-07,2.593384069527318,2.5933839171606303,67.18950694297766,174.24818670787076
I2,9,N1,7.2959203807260745e-09,6.436242254844492e-09,-8.596781258815829e-10,67.14592333316628,-5.7723881531644835e-08
I2,9,N2,4.808283005949207e-09,4.1519314221006275e-09,-6.563515838485795e-10,67.1764359484689,-4.409136013208022e-08
I2,9,N3,1.5241272503460732e-07,0.0010953289182782703,0.0010951765055532356,67.16321770114875,0.0735555780636553
I2,9,N4,7.292535324713308e-09,6.431338579630128e-09,-8.611967450831798e-10,67.17643586658582,-5.7852127914592684e-08
I2,9,N5,7.2536841716076444e-09,6.35643941641265e-09,-8.972447551949945e-10,67.22874845935328,-6.03206419534783e-08
I2,9,N6,7.9330473230227e-09,7.043970240699741e-09,-8.890770823229595e-10,67.17594535628754,-5.97245934996547e-08
I2,9,N7,4.773268096574129e-09,4.121721541093148e-09,-6.515465554809815e-10,67.17643594846892,-4.3768575451713704e-08
I2,9,N8,1.5245712376070864e-07,0.00033118781425130287,0.00033103535712754214,67.16834473416812,0.022235096986741205
I2,9,N9,1.5242080764985016e-07,0.0005671480480373441,0.0005669956272296943,67.17643562152801,0.03808874525028346
I2,10,N1,7.343559740557423e-09,6.391214809566632e-09,-9.523449309907906e-10,60.023405461132,-5.7162985931714e-08
I2,10,N2,4.885359627812144e-09,4.075101841143096e-09,-8.102577866690478e-10,60.05140454319353,-4.865711813153559e-08
I2,10,N3,1.8694192308704536e-07,1.0354895930032928e-06,8.485476699162474e-07,60.05140445773043,5.095647932780531e-05
I2,10,N4,7.340046699022029e-09,6.38815437913255e-09,-9.518923198894789e-10,60.051404484772334,-5.7162470727631395e-08
I2,10,N5,7.321187022158031e-09,6.291278203537362e-09,-1.0299088186206692e-09,60.102029545033744,-6.189961024543026e-08
I2,10,N6,7.960474826183306e-09,7.025587991706328e-09,-9.348868344769782e-10,60.04681446838224,-5.6136976298772284e-08
I2,10,N7,4.849975600431288e-09,4.0453098480519445e-09,-8.046657523793434e-10,60.05140454319353,-4.8321308618185144e-08
I2,10,N8,1.8627691841012715e-07,1.0582031525043557e-06,8.719262340942285e-07,60.033368450303435,5.234466887286435e-05
I2,10,N9,1.8701340238653698e-07,1.0331962722547006e-06,8.461828698681636e-07,60.0514044577816,5.081446976369947e-05
I2,11,N1,7.334469395294112e-09,6.4034010220669734e-09,-9.310683732271386e-10,60.01345423115362,-5.5876629202741534e-08
I2,11,N2,4.685006608753779e-09,4.269831363976077e-09,-4.1517524477770226e-10,100.69381288126729,-4.18055784105803e-08
I2,11,N3,0.9986159651746416,1.8734976781854572e-07,-0.9986157778248738,16.72354779591078,-16.700398690204896
I2,11,N4,7.33179958380596e-09,6.4007608547522945e-09,-9.310387290536653e-10,60.03084596761656,-5.589104253370607e-08
I2,11,N5,7.221835987032509e-09,6.389464430703369e-09,-8.3237155632914e-10,74.1305581360067,-6.170416804721569e-08
I2,11,N6,8.063023111168396e-09,6.935001613182349e-09,-1.1280214979860465e-09,44.8149219999539,-5.055219544651583e-08
I2,11,N7,4.650842037816632e-09,4.238888050995307e-09,-4.119539868213246e-10,100.69381288126729,-4.148121766467851e-08
I2,11,N8,7.800588782259087,2.163277995584495e-07,-7.800588565931288,0.036788469673990486,-0.2869717158970401
I2,11,N9,1.513084805561897,1.8734889174687447e-07,-1.5130846182130053,16.723691968901228,-25.30436107787682
I2,12,N1,7.330345016169828e-09,6.410251795698026e-09,-9.200932204718012e-10,60.01035342433708,-5.521511934384929e-08
I2,12,N2,4.726271994469028e-09,4.228588602940598e-09,-4.976833915284303e-10,100.68246059178115,-5.010798845474517e-08
I2,12,N3,3.6321173594000373,1.8734677494865582e-07,-3.6321171720532623,16.723363248679675,-60.74121483001388
I2,12,N4,7.32791398881505e-09,6.408085376115232e-09,-9.198286126998182e-10,60.02438186627046,-5.521214390021568e-08
I2,12,N5,7.238049756707467e-09,6.374400815718664e-09,-8.636489409888029e-10,74.12128002431369,-6.401476499773302e-08
I2,12,N6,8.036283721545335e-09,6.96852540821428e-09,-1.0677583133310544e-09,44.80683110618246,-4.7842866407646806e-08
I2,12,N7,4.692004140785769e-09,4.197806064876386e-09,-4.941980759093834e-10,100.68246059178115,-4.975707830228056e-08
I2,12,N8,9.987706094161178,2.1631382367149115e-07,-9.987705877847354,0.03657587659445108,-0.3653090976498185
I2,12,N9,4.3746292617562625,1.8734561118067976e-07,-4.3746290744106515,16.723534646406353,-73.1592608910831
I2,13,N1,7.329371361583804e-09,6.413217745925758e-09,-9.161536156580458e-10,60.00737721689636,-5.497597560341584e-08
I2,13,N2,4.743630159475339e-09,4.212905524760421e-09,-5.307246347149181e-10,100.67148082057702,-5.3428834884710615e-08
I2,13,N3,4.463976578172184,1.873452629563544e-07,-4.463976390826921,16.72368455788576,-74.6541330340388
I2,13,N4,7.327089409172224e-09,6.41124959818462e-09,-9.158398109876038e-10,60.01869196808461,-5.4967507507773823e-08
I2,13,N5,7.245271012506187e-09,6.3687598205716826e-09,-8.765111919345042e-10,74.11263732261061,-6.496055607705104e-08
I2,13,N6,8.025889315053734e-09,6.982377392491606e-09,-1.043511922562128e-09,44.801042757764684,-4.6750422260943125e-08
I2,13,N7,4.709312895909524e-09,4.1822099009222565e-09,-5.271029949872674e-10,100.67148082057702,-5.306423905032939e-08
I2,13,N8,9.979537797771444,2.1631397921965792e-07,-9.979537581457464,0.03836565089013171,-0.38287145489514646
I2,13,N9,5.755741070450522,1.8734334368781043e-07,-5.755740883107179,16.72391119141339,-96.25849936987173
I2,14,N1,7.329660798902863e-09,6.413568061904763e-09,-9.160927369981e-10,60.00578176395922,-5.497086085185608e-08
I2,14,N2,4.744370545863883e-09,4.213403892268507e-09,-5.309666535953753e-10,100.66570340657834,-5.3450131669615475e-08
I2,14,N3,4.534970155112288,1.873439793446271e-07,-4.534969967768308,16.72447420940767,-75.8449882663794
I2,14,N4,7.32742956784589e-09,6.411613698471081e-09,-9.158158693748097e-10,60.01602607693677,-5.4963629098071095e-08
I2,14,N5,7.2456875099919345e-09,6.3691869831927255e-09,-8.76500526799209e-10,74.10833381095999,-6.495599362551806e-08
I2,14,N6,8.026168197361015e-09,6.98260657697176e-09,-1.0435616203892553e-09,44.798895887150124,-4.675040838364393e-08
I2,14,N7,4.710064369000966e-09,4.182705759561233e-09,-5.273586094397327e-10,100.66570340657834,-5.308692536676572e-08
I2,14,N8,9.991268705567917,2.162985552153324e-07,-9.99126848926936,0.04004734751983923,-0.4001238013537892
I2,14,N9,7.097055341316227,1.8734034534299555e-07,-7.097055153975882,16.72479547455706,-118.69679592189767
I2,15,N1,7.331273203867293e-09,6.410741781439674e-09,-9.205314224276192e-10,60.00621503189745,-5.523760647781014e-08
I2,15,N2,4.728573855064702e-09,4.228988994582785e-09,-4.995848604819173e-10,100.6677776452538,-5.0292097649928796e-08
I2,15,N3,3.952849695983097,1.8734279953757716e-07,-3.9528495086402975,16.72572778672916,-66.11428486342373
I2,15,N4,7.328961818512795e-09,6.408603739728796e-09,-9.203580787839995e-10,60.01768010864467,-5.5237756757864865e-08
I2,15,N5,7.239489887612841e-09,6.374898556430656e-09,-8.645913311821848e-10,74.11013303613225,-6.40749785757984e-08
I2,15,N6,8.036802051422058e-09,6.969028862688437e-09,-1.0677731887336203e-09,44.801967794873306,-4.783834001387283e-08
I2,15,N7,4.694341608692662e-09,4.198188803167001e-09,-4.961528055256606e-10,100.6677776452538,-4.994660030472606e-08
I2,15,N8,9.994066682391125,2.1625267292250348e-07,-9.994066466138452,0.04056491886066077,-0.40540849528695705
I2,15,N9,8.161700908975186,1.8733443043887525e-07,-8.161700721640756,16.726117465683014,-136.5135649899131
I2,16,N1,7.334860970327032e-09,6.403396911897368e-09,-9.314640584296637e-10,60.008292342168986,-5.589556752447043e-08
I2,16,N2,4.685743949869891e-09,4.269752960014757e-09,-4.159909898551342e-10,100.6629596426838,-4.187488422350746e-08
I2,16,N3,0.0006409253214417994,1.873968983678789e-07,-0.0006407379245434315,16.739011030220315,-0.01072531918641297
I2,16,N4,7.332098469835821e-09,6.400955653914765e-09,-9.311428159210557e-10,60.02262221395206,-5.588963346726503e-08
I2,16,N5,7.222383463224379e-09,6.3897291453996914e-09,-8.326543178246873e-10,74.11282774815072,-6.1710366030695e-08
I2,16,N6,8.062594531552324e-09,6.935495810234243e-09,-1.1270987213180805e-09,44.81421179365115,-5.051004080950185e-08
I2,16,N7,4.651614607989946e-09,4.238775616743365e-09,-4.1283899124658046e-10,100.6629596426838,-4.155759471478082e-08
I2,16,N8,0.0005704230719831151,2.1639167083539388e-07,-0.0005702066803122798,0.06248651072269644,-3.563022584348641e-05
I2,16,N9,0.0007651600353224,1.873856196344814e-07,-0.0007649726497027656,16.739011053657787,-0.012804885639120479
I2,17,N1,7.342957565961408e-09,6.38828384419218e-09,-9.546737217692285e-10,60.01912729151798,-5.729868362873455e-08
I2,17,N2,4.885674463886749e-09,4.0684819842746044e-09,-8.171924796121446e-10,60.04507961815324,-4.906838750166729e-08
I2,17,N3,1.8694839928065892e-07,1.0355501694867234e-06,8.486017702060645e-07,60.04507952030319,5.09543607730932e-05
I2,17,N4,7.3395539248116075e-09,6.385127034962785e-09,-9.544268898488224e-10,60.04507956056227,-5.730863853571254e-08
I2,17,N5,7.32083475951101e-09,6.288169900171761e-09,-1.0326648593392487e-09,60.09514211432669,-6.205814147846334e-08
I2,17,N6,7.95999845235861e-09,7.022914762416108e-09,-9.370836899425018e-10,60.040041788305594,-5.626254390328741e-08
I2,17,N7,4.850346105854508e-09,4.038580697768887e-09,-8.117654080856208e-10,60.045079618153245,-4.874251855976376e-08
I2,17,N8,1.8623440076346658e-07,1.0599705042948597e-06,8.737361035313932e-07,60.02600700813037,5.244688947383193e-05
I2,17,N9,1.8699722239878364e-07,1.033982407811236e-06,8.469851854124524e-07,60.04507952035407,5.085729281065254e-05
I2,18,N1,7.293719962891305e-09,6.426431059689068e-09,-8.672889032022377e-10,67.13394719514403,-5.822452743051341e-08
I2,18,N2,4.808144430060908e-09,4.1297220075307295e-09,-6.784224225301782e-10,67.16655983213356,-4.556730023433421e-08
I2,18,N3,1.5241495425654799e-07,0.0012060656821700926,0.0012059132672158361,67.15827959845852,0.08098706037117175
I2,18,N4,7.2908201601171885e-09,6.4205169604907156e-09,-8.703031996264729e-10,67.16655973962888,-5.845527184930165e-08
I2,18,N5,7.252813641995735e-09,6.3442310306135165e-09,-9.085826113822188e-10,67.21943484763966,-6.107440964950536e-08
I2,18,N6,7.93101723488672e-09,7.034858423935833e-09,-8.961588109508873e-10,67.16612323537379,-6.019151313479334e-08
I2,18,N7,4.773189370081798e-09,4.09927776604182e-09,-6.739116040399781e-10,67.16655983213356,-4.526432407432029e-08
I2,18,N8,1.5245603748654684e-07,0.00040750759221035165,0.0004073551361728651,67.15501408816311,0.02735593990857436
I2,18,N9,1.5243163076044975e-07,0.0005409749385646297,0.0005408225069338693,67.16655952884327,0.03632518710651198
I2,19,N1,7.291834484024095e-09,6.417281648483241e-09,-8.745528355408541e-10,67.15192886253404,-5.872790979876686e-08
I2,19,N2,4.749343771681534e-09,4.158138313130761e-09,-5.912054585507731e-10,67.18506660334972,-3.97201781089976e-08
I2,19,N3,1.5238637897819051e-07,4.139906978438864,4.139906826052485,67.16648390542305,278.0629852020053
I2,19,N4,7.283816274228345e-09,6.412226802614487e-09,-8.715894716138581e-10,67.18506641082587,-5.8557796533353686e-08
I2,19,N5,7.2314494581007804e-09,6.3487922601331216e-09,-8.826571979676589e-10,67.24131662612665,-5.93510321208731e-08
I2,19,N6,7.936176618475267e-09,7.010864519044688e-09,-9.25312099430579e-10,67.18889140776609,-6.217069416693324e-08
I2,19,N7,4.714019544661627e-09,4.127823440460468e-09,-5.861961042011584e-10,67.18506660334972,-3.938362430337896e-08
I2,19,N8,1.523731605853818e-07,8.056661953322415,8.056661800949254,67.17842423213084,541.2338443589722
I2,19,N9,1.5236959219727758e-07,6.693528108522778,6.6935279561531855,67.18335359052313,449.693655446291
I2,20,N1,7.301974973155055e-09,6.40466329945896e-09,-8.973116736960955e-10,67.15486581352386,-6.02588450399698e-08
I2,20,N2,4.741853392372799e-09,4.152775817299755e-09,-5.89077575073044e-10,67.18852855430666,-3.957925547349694e-08
I2,20,N3,1.523837695009308e-07,6.028187302904636,6.028187150520866,67.16797056247057,404.9010970712489
I2,20,N4,7.292192275331501e-09,6.398778770589199e-09,-8.934135047423013e-10,67.188528366246,-6.002713860616537e-08
I2,20,N5,7.2339724029717216e-09,6.34037348571599e-09,-8.935989172557312e-10,67.2442160833498,-6.008935868379181e-08
I2,20,N6,7.948765926403256e-09,6.9901741750257896e-09,-9.585917513774669e-10,67.19367749314262,-6.441130498964426e-08
I2,20,N7,4.706550892118046e-09,4.122331783286736e-09,-5.842191088313103e-10,67.18852855430666,-3.9252822275684075e-08
I2,20,N8,1.5235085768264494e-07,9.99347306128016,9.993472908929302,67.18487904250709,671.4102686009867
I2,20,N9,1.5236582234311605e-07,8.140088132098942,8.140087979733119,67.18556140994244,546.8963808446937
I2,21,N1,7.293814754925957e-09,6.416249189571127e-09,-8.775655653548298e-10,67.15415860208549,-5.893217715956706e-08
I2,21,N2,4.724272278891999e-09,4.176385291899299e-09,-5.478869869927004e-10,67.18808376921487,-3.681147677812829e-08
I2,21,N3,1.5238513836448484e-07,3.5203453247210863,3.520345172335948,67.16830493921299,236.45561802674726
I2,21,N4,7.2852833148222665e-09,6.409116793678022e-09,-8.761665211442444e-10,67.18808365730708,-5.88679495203712e-08
I2,21,N5,7.225093149063642e-09,6.353311444774239e-09,-8.717817042894032e-10,67.24095878645512,-5.861943764890937e-08
I2,21,N6,7.948121032459646e-09,6.992635565239492e-09,-9.554854672201535e-10,67.19315965595399,-6.420208754786757e-08
I2,21,N7,4.688872971720667e-09,4.146077649696162e-09,-5.427953220245048e-10,67.18808376921487,-3.6469377565720386e-08
I2,21,N8,1.5236151065508466e-07,9.988095263065382,9.988095110703872,67.18578811447843,671.0580417750083
I2,21,N9,1.523680180701485e-07,5.260025332639048,5.26002518027103,67.18613192217732,353.400745675664
I2,22,N1,7.321659386079164e-09,6.407085593949687e-09,-9.145737921294766e-10,67.15219090192666,-6.14156338829776e-08
I2,22,N2,4.775406296740892e-09,4.160704685589475e-09,-6.147016111514171e-10,67.18637852608146,-4.1299575127411245e-08
I2,22,N3,1.523876856857289e-07,0.3123791118168676,0.3123789594291819,67.16812175961098,20.98190798207987
I2,22,N4,7.314183218598432e-09,6.400051691950704e-09,-9.141315266477282e-10,67.18637845987153,-6.14171867114544e-08
I2,22,N5,7.2547947808119445e-09,6.345091449564272e-09,-9.097033312476725e-10,67.23419103455987,-6.116316755788151e-08
I2,22,N6,7.974137968210486e-09,6.983651754734657e-09,-9.904862134758297e-10,67.19096845879469,-6.655172792852546e-08
I2,22,N7,4.7405739038252975e-09,4.130072469382473e-09,-6.105014344428242e-10,67.18637852608146,-4.101738046519129e-08
I2,22,N8,1.5236481578586948e-07,9.342891857552948,9.342891705188132,67.18671190895347,627.7181733930261
I2,22,N9,1.523708604275923e-07,0.8765617093641609,0.8765615569933005,67.18608670913486,58.892740774046146
I2,23,N1,7.328520045831553e-09,6.415832636687096e-09,-9.126874091444569e-10,67.14803883058919,-6.128516958942184e-08
I2,23,N2,4.788772883428395e-09,4.178593502105941e-09,-6.10179381322454e-10,67.18248894276036,-4.099336953879612e-08
I2,23,N3,1.5240229564926108e-07,0.0024570940689566997,0.0024569416666610504,67.16624396262338,0.16502354338489061
I2,23,N4,7.321831081728961e-09,6.409397333979141e-09,-9.1243374774982e-10,67.18248889151292,-6.129957012244379e-08
I2,23,N5,7.2630750732851816e-09,6.35559795330869e-09,-9.074771199764914e-10,67.2252389456512,-6.100536622813101e-08
I2,23,N6,7.981299338180184e-09,6.991121414245244e-09,-9.901779239349398e-10,67.18659289195345,-6.652668106601646e-08
I2,23,N7,4.754106160361311e-09,4.148021298093708e-09,-6.060848622676033e-10,67.18248894276036,-4.0718289557667696e-08
I2,23,N8,1.52370807727622e-07,0.7170046451698671,0.7170044927990593,67.18633022931209,48.172900629098024
I2,23,N9,1.5239882924751068e-07,0.0009730706671516097,0.0009729182683223622,67.18248849047852,0.06536307036374339
I2,24,N1,7.331379221659795e-09,6.42290757262166e-09,-9.084716490381349e-10,67.14096524248502,-6.099566341185247e-08
I2,24,N2,4.794052776021354e-09,4.193526615551763e-09,-6.005261604695913e-10,67.17554659653305,-4.0340673075062116e-08
I2,24,N3,1.5242846463511283e-07,0.0006558859936892408,0.0006557335652246058,67.16277314126039,0.04404088468229007
I2,24,N4,7.3251917277519155e-09,6.416930368444579e-09,-9.082613593073365e-10,67.17554655500558,-6.101295322626264e-08
I2,24,N5,7.266763461988602e-09,6.364026796382413e-09,-9.027366656061894e-10,67.2149215980867,-6.067737420243824e-08
I2,24,N6,7.984721176953849e-09,6.997052947893735e-09,-9.876682290601135e-10,67.17932655821127,-6.635088649119957e-08
I2,24,N7,4.759427425543445e-09,4.1630637858683375e-09,-5.963636396751077e-10,67.17554659653305,-4.006105346547325e-08
I2,24,N8,1.5242126237995668e-07,0.0005232022711586386,0.0005230498498962587,67.17974637022648,0.03513835625501569
I2,24,N9,1.524510708775789e-07,0.00032925491202039325,0.00032910246094951565,67.17554642210924,0.022107637643144582
I3,1,N1,2.9840831205982456e-07,2.618705582557214e-07,-3.6537753804103183e-08,67.13594736162541,-2.4529967161043e-06
I3,1,N2,2.935424481397282e-07,2.5620823147032466e-07,-3.7334216669403545e-08,67.17039745878097,-2.507754172496082e-06
I3,1,N3,1.5244901951374285e-07,0.0004267530699980499,0.00042660062097853613,67.16019861768838,0.028650582435347686
I3,1,N4,2.91738815583511e-07,2.5601289428118555e-07,-3.572592130232548e-08,67.17039742254903,-2.3997243321639126e-06
I3,1,N5,3.017760996962299e-07,2.6432870811133444e-07,-3.7447391584895434e-08,67.20752245959434,-2.516746410995084e-06
I3,1,N6,2.8386732014670413e-07,2.4959738943832014e-07,-3.426993070838399e-08,67.17396142758264,-2.302047003530916e-06
I3,1,N7,2.9354116753714813e-07,2.562071316749063e-07,-3.733403586224185e-08,67.17039745878097,-2.5077420276071674e-06
I3,1,N8,1.5246478594697007e-07,0.00027897917148340327,0.0002788267066974563,67.17435733687952,0.018730004830760226
I3,1,N9,1.5249235003542875e-07,0.00021634548177293513,0.0002161929894228997,67.17039733848591,0.014521769001331255
I3,2,N1,2.9840798703121326e-07,2.6187340831378423e-07,-3.6534578717429025e-08,67.13070723292985,-2.4525921077581575e-06
I3,2,N2,2.935734884040723e-07,2.5617791594938657e-07,-3.739557245468573e-08,67.16555108272561,-2.5116942319729613e-06
I3,2,N3,1.52467609761154e-07,0.00032698085886401565,0.0003268283912542545,67.157775446732,0.021949067709469895
I3,2,N4,2.9173750939795086e-07,2.5601647366363793e-07,-3.5721035734312927e-08,67.16555104888641,-2.3992230491320905e-06
I3,2,N5,3.0178854640725733e-07,2.643188918594512e-07,-3.746965454780611e-08,67.20098858302877,-2.5179978274771507e-06
I3,2,N6,2.838549276390768e-07,2.4961257748987446e-07,-3.4242350149202335e-08,67.16895305605543,-2.3000228097007843e-06
I3,2,N7,2.935722073124733e-07,2.5617681663245367e-07,-3.739539068001966e-08,67.16555108272561,-2.5116820229773416e-06
I3,2,N8,1.5250413848469824e-07,0.00019644428369666172,0.000196291779558177,67.16933099579978,0.013184787512897757
I3,2,N9,1.5252940719586022e-07,0.00016567814531259116,0.00016552561590539531,67.16555098944941,0.011117619195153848
I3,3,N1,2.98326391224341e-07,2.6196069558809135e-07,-3.636569563624965e-08,67.12682002458448,-2.4411135060433472e-06
I3,3,N2,2.937748232619823e-07,2.5596843081687487e-07,-3.780639244510743e-08,67.16205762915956,-2.539155108148928e-06
I3,3,N3,1.52481292004767e-07,0.00027903148108921556,0.00027887899979721077,67.15602872456205,0.01872840612105862
I3,3,N4,2.9165805190627547e-07,2.561014233911371e-07,-3.5556628515138366e-08,67.16205759640106,-2.388056332267559e-06
I3,3,N5,3.0180716677532347e-07,2.6430165132249616e-07,-3.7505515452827314e-08,67.19637012904235,-2.5202344982487016e-06
I3,3,N6,2.836809010126323e-07,2.497971754172219e-07,-3.388372559541037e-08,67.16535160522068,-2.275812343310553e-06
I3,3,N7,2.9377353862827545e-07,2.559673351129056e-07,-3.7806203515369874e-08,67.16205762915956,-2.5391424192390062e-06
I3,3,N8,1.5253324499608776e-07,0.00016108377306442762,0.00016093123981943152,67.16571755784908,0.010809062199946413
I3,3,N9,1.525566492513623e-07,0.0001413015846173498,0.00014114902796809843,67.16205754994574,0.009479859139512329
I3,4,N1,2.981344912448567e-07,2.6216264896641434e-07,-3.597184227844237e-08,67.12467953567973,-2.4145983852484594e-06
I3,4,N2,2.942116685000796e-07,2.5551149323598026e-07,-3.870017526409936e-08,67.16017964436656,-2.5991107230053844e-06
I3,4,N3,1.5248911046838578e-07,0.0002573237070600375,0.0002571712179495691,67.15508973187565,0.01727035621785906
I3,4,N4,2.9147289875159137e-07,2.5629654071923344e-07,-3.517635803235793e-08,67.16017961196971,-2.3624505235481117e-06
I3,4,N5,3.0183682351579846e-07,2.642717658400378e-07,-3.756505767576066e-08,67.19392964400772,-2.5241438425381545e-06
I3,4,N6,2.8328732081424204e-07,2.502121211912757e-07,-3.3075199622966346e-08,67.16341962173442,-2.2214435113499207e-06
I3,4,N7,2.9421037645162254e-07,2.555104051054163e-07,-3.869997134620624e-08,67.16017964436656,-2.5990970278430495e-06
I3,4,N8,1.5255018667043744e-07,0.0001456748757409788,0.00014552232555430837,67.16377957999472,0.009773829397497802
I3,4,N9,1.5257215804794399e-07,0.00013031056963257477,0.00013015799747452683,67.16017957171434,0.008741434483083963
I3,5,N1,2.9775364377358255e-07,2.6255984323320464e-07,-3.519380054037791e-08,67.12817302284263,-2.362495532005901e-06
I3,5,N2,2.9501553975352334e-07,2.546683209610107e-07,-4.0347218792512646e-08,67.16341062817357,-2.709856823466288e-06
I3,5,N3,1.5247838127787787e-07,0.00028692570479153383,0.00028677322641025593,67.15670522476174,0.019258745032387416
I3,5,N4,2.9110823929079026e-07,2.5667776264101397e-07,-3.443047664977629e-08,67.16341059465923,-2.312468240198752e-06
I3,5,N5,3.0186982028178147e-07,2.6423499224106895e-07,-3.7634828040712523e-08,67.19828562829977,-2.5289959242517457e-06
I3,5,N6,2.8253362159597236e-07,2.5100423640871926e-07,-3.152938518725311e-08,67.16675860294355,-2.1177266037714536e-06
I3,5,N7,2.950142348305255e-07,2.54667245966516e-07,-4.034698886400949e-08,67.16341062817357,-2.7098413806838157e-06
I3,5,N8,1.5252870223209508e-07,0.00016483699725427007,0.00016468446855203797,67.16713055463866,0.011061383199556019
I3,5,N9,1.5255053838153722e-07,0.0001456514830149751,0.00014549893247659356,67.1634105454425,0.009772204535849071
I3,6,N1,2.9705179720713416e-07,2.632903004916037e-07,-3.376149671553048e-08,67.13865333398842,-2.266701424020589e-06
I3,6,N2,2.96446491748525e-07,2.531679436610193e-07,-4.327854808750568e-08,67.17310343348898,-2.9071543871332456e-06
I3,6,N3,1.5244420304196535e-07,0.0004556506324961175,0.0004554981882930755,67.16155159969837,0.030591965076614516
I3,6,N4,2.904385340917612e-07,2.573765627844989e-07,-3.306197130726232e-08,67.17310339491206,-2.220875217062348e-06
I3,6,N5,3.01910378768905e-07,2.641859333395962e-07,-3.7724445429308777e-08,67.21135343464992,-2.535511034875436e-06
I3,6,N6,2.811688931323639e-07,2.524386849146164e-07,-2.8730208217747534e-08,67.17677539892483,-1.9300027446079705e-06
I3,6,N7,2.964451656536789e-07,2.531668901731616e-07,-4.327827548051728e-08,67.17310343348898,-2.907136075275817e-06
I3,6,N8,1.5245856719149246e-07,0.00029193158851169624,0.00029177912994450474,67.17718330445723,0.01960090009669704
I3,6,N9,1.5248199756226448e-07,0.00023363005279090446,0.0002334775707933422,67.17310330182373,0.01568341298156004
I3,7,N1,2.958017028370858e-07,2.6459431398276616e-07,-3.120738885431963e-08,67.15426751791469,-2.0957093396585696e-06
I3,7,N2,2.989814427909834e-07,2.505185330590275e-07,-4.846290973195586e-08,67.18740512254915,-3.2560971495784483e-06
I3,7,N3,1.523933312545248e-07,0.005768696088946056,0.005768543695614801,67.16870135122635,0.3874655887222501
I3,7,N4,2.892484704145178e-07,2.5862103569755224e-07,-3.0627434716965545e-08,67.18740506620654,-2.057777862467561e-06
I3,7,N5,3.019760165424868e-07,2.6410656144131784e-07,-3.786945510116897e-08,67.23240512577965,-2.546054547254315e-06
I3,7,N6,2.7875341272114206e-07,2.5498506863452597e-07,-2.376834408661609e-08,67.19133131299303,-1.5970266822850403e-06
I3,7,N7,2.9898008262411614e-07,2.505175138837342e-07,-4.8462568740381914e-08,67.18740512254915,-3.256074239239426e-06
I3,7,N8,1.5236612365435765e-07,2.3409188031405805,2.340918650774457,67.19032108211186,157.28707577263984
I3,7,N9,1.5238009523482452e-07,0.0026709891292873277,0.0026708367491920927,67.18740400410992,0.17944658769699273
I3,8,N1,2.936453661091639e-07,2.668592165849039e-07,-2.6786149524260028e-08,67.15871337327458,-1.7989233382734544e-06
I3,8,N2,3.035044223669793e-07,2.4582403399223174e-07,-5.768038837474755e-08,67.1905384977331,-3.875576355657672e-06
I3,8,N3,1.5238498908764418e-07,1.4067383589657991,1.40673820658081,67.16998956135492,94.49059065159216
I3,8,N4,2.8719807049763357e-07,2.607793595183011e-07,-2.641871097933248e-08,67.19053841295509,-1.7750874148775973e-06
I3,8,N5,3.0216709969703614e-07,2.639017985215546e-07,-3.826530117548155e-08,67.24116350660839,-2.573003372970169e-06
I3,8,N6,2.7454870674690783e-07,2.5944688646601947e-07,-1.5101820280888362e-08,67.1934296551213,-1.0147430987081565e-06
I3,8,N7,3.035030078373602e-07,2.45823068726077e-07,-5.76799391112832e-08,67.1905384977331,-3.875546169403575e-06
I3,8,N8,1.5236650107522555e-07,1.6043551929712758,1.6043550406047749,67.19042745930776,107.79730097472988
I3,8,N9,1.5236670232469553e-07,2.5664518101447538,2.5664516577780514,67.18950694297766,172.4386214790949
I3,9,N1,2.8987939889902863e-07,2.7083974022873507e-07,-1.903965867029356e-08,67.14592333316628,-1.278435461365186e-06
I3,9,N2,3.1149835931581595e-07,2.3760568690167413e-07,-7.389267241414182e-08,67.1764359484689,-4.963846375489793e-06
I3,9,N3,1.5241280646177683e-07,0.0010956457478476073,0.0010954933350411456,67.16321770114875,0.07357685735152594
I3,9,N4,2.836234041775565e-07,2.64564837903554e-07,-1.9058566274002505e-08,67.17643586658582,-1.2802865550146048e-06
I3,9,N5,3.025820250629935e-07,2.634730801833481e-07,-3.910894487964543e-08,67.22874845935328,-2.629245417824395e-06
I3,9,N6,2.671828110900682e-07,2.673320606410265e-07,1.4924955095828495e-10,67.17594535628754,1.0025979679624202e-08
I3,9,N7,3.1149685999686973e-07,2.3760480371932123e-07,-7.38920562775485e-08,67.17643594846892,-4.963804985629398e-06
I3,9,N8,1.5245710628683944e-07,0.0003312895372667465,0.00033113708016045966,67.16834473416812,0.022241929554483616
I3,9,N9,1.5242081399453468e-07,0.0005670335926662004,0.0005668811718522058,67.17643562152801,0.038081056545986064
I3,10,N1,3.093980109942598e-07,2.538000248422554e-07,-5.55979861520044e-08,60.023405461132,-3.3371804656241622e-06
I3,10,N2,3.497845382702028e-07,2.0237665498389187e-07,-1.4740788328631094e-07,60.05140454319353,-8.852050432082114e-06
I3,10,N3,1.8694198102446985e-07,1.0354878165358772e-06,8.485458355114074e-07,60.05140445773043,5.095636916921832e-05
I3,10,N4,3.0218684225789126e-07,2.4832270175991296e-07,-5.386414049797831e-08,60.051404484772334,-3.2346172882687017e-06
I3,10,N5,3.299523864475688e-07,2.387322602935415e-07,-9.12201261540273e-08,60.102029545033744,-5.482514717211055e-06
I3,10,N6,2.777153907456355e-07,2.591951512727841e-07,-1.8520239472851434e-08,60.04681446838224,-1.1120813835363193e-06
I3,10,N7,3.4978267498570967e-07,2.0237607544706321e-07,-1.4740659953864645e-07,60.05140454319353,-8.851973341231782e-06
I3,10,N8,1.8627691463558007e-07,1.0582034556296064e-06,8.719265409940263e-07,60.033368450303435,5.234468729709298e-05
I3,10,N9,1.8701340397127607e-07,1.0331961484560882e-06,8.461827444848121e-07,60.0514044577816,5.0814462234253117e-05
I3,11,N1,3.0571247579792053e-07,2.57636675173678e-07,-4.807580062424253e-08,60.01345423115362,-2.8851948603890455e-06
I3,11,N2,2.393825306042638e-07,2.9854294823722854e-07,5.916041763296473e-08,100.69381288126729,5.957088023111377e-06
I3,11,N3,1.0764007197531464,1.8734965460055299e-07,-1.0764005324034918,16.72354779591078,-18.001235751193605
I3,11,N4,2.9871598843123905e-07,2.519494070997139e-07,-4.6766581331525175e-08,60.03084596761656,-2.8074374403448e-06
I3,11,N5,2.8657951268109543e-07,2.769034188260002e-07,-9.676093855095252e-09,74.1305581360067,-7.172942380545957e-07
I3,11,N6,3.120181402401153e-07,2.2973335382039569e-07,-8.228478641971961e-08,44.8149219999539,-3.6875862851826006e-06
I3,11,N7,2.3938183155572623e-07,2.985413832645325e-07,5.9159551708806244e-08,100.69381288126729,5.9570008299061925e-06
I3,11,N8,9.52178381583356,2.1632505823743302e-07,-9.521783599508503,0.036788469673990486,-0.35029184719281853
I3,11,N9,1.281747558438895,1.8734918195332866e-07,-1.2817473710897132,16.723691968901228,-21.4355482160533
I3,12,N1,3.0376316342510456e-07,2.5967257471480567e-07,-4.409058871029889e-08,60.01035342433708,-2.6458918111921227e-06
I3,12,N2,2.5625734208258745e-07,2.8013043035832313e-07,2.3873088275735687e-08,100.68246059178115,2.403601269525871e-06
I3,12,N3,3.8144098368237382,1.8734655970314056e-07,-3.8144096494771786,16.723363248679675,-63.78975814747577
I3,12,N4,2.968667846836437e-07,2.538865799327436e-07,-4.2980204750900085e-08,60.02438186627046,-2.5798602226585185e-06
I3,12,N5,2.9156578709384604e-07,2.716387519865323e-07,-1.9927035107313713e-08,74.12128002431369,-1.4770173492435295e-06
I3,12,N6,3.038390402007545e-07,2.3821684032079345e-07,-6.562219987996105e-08,44.80683110618246,-2.9403228268375615e-06
I3,12,N7,2.562565094630366e-07,2.801290133265466e-07,2.3872503863510003e-08,100.68246059178115,2.4035424294649893e-06
I3,12,N8,19.983337901548857,2.163086577219158e-07,-19.9833376852402,0.03657587659445108,-0.7309080931205892
I3,12,N9,3.922278246484411,1.8734615804737313e-07,-3.922278059138253,16.723534646406353,-65.59435301483803
I3,13,N1,3.029304390516921e-07,2.6054470601062005e-07,-4.2385733041072076e-08,60.00737721689636,-2.5434566712102797e-06
I3,13,N2,2.6347545432928353e-07,2.7239747222562604e-07,8.922017896342508e-09,100.67148082057702,8.981927535324897e-07
I3,13,N3,4.876792419286117,1.8734476923615646e-07,-4.876792231941348,16.72368455788576,-81.55793494133475
I3,13,N4,2.960785978145773e-07,2.547150715378509e-07,-4.136352627672643e-08,60.01869196808461,-2.4825847423166176e-06
I3,13,N5,2.937065036850318e-07,2.6939159483342914e-07,-2.4314908851602637e-08,74.11263732261061,-1.8020420212511607e-06
I3,13,N6,3.0030785130849163e-07,2.4190778426452276e-07,-5.840006704396887e-08,44.801042757764684,-2.6163839006931733e-06
I3,13,N7,2.634745590925658e-07,2.723961221730889e-07,8.92156308052309e-09,100.67148082057702,8.981469665504482e-07
I3,13,N8,27.9309583113342,2.16292312251646e-07,-27.930958095041888,0.03836565089013171,-1.0715893873012754
I3,13,N9,4.703333330194111,1.873446224891348e-07,-4.7033331428494884,16.72391119141339,-78.65812578464607
I3,14,N1,3.0293327127011085e-07,2.6054250435157077e-07,-4.2390766918540075e-08,60.00578176395922,-2.5436911085207777e-06
I3,14,N2,2.63485742807705e-07,2.723892149046548e-07,8.903472096949831e-09,100.66570340657834,8.962742814002979e-07
I3,14,N3,5.53408859782269,1.8734276617486927e-07,-5.5340884104799235,16.72447420940767,-92.55471889365337
I3,14,N4,2.9608363694626894e-07,2.5471099934344354e-07,-4.13726376028254e-08,60.01602607693677,-2.483021297242824e-06
I3,14,N5,2.937155521403026e-07,2.6938420982069537e-07,-2.433134231960724e-08,74.10833381095999,-1.803155238690191e-06
I3,14,N6,3.0031231461589195e-07,2.4190402284087337e-07,-5.8408291775018576e-08,44.798895887150124,-2.616626982175344e-06
I3,14,N7,2.6348484744362327e-07,2.723878649609994e-07,8.903017517376108e-09,100.66570340657834,8.962285208277547e-07
I3,14,N8,35.4218826916577,2.1623512626653028e-07,-35.42188247542257,0.04004734751983923,-1.4185524373001508
I3,14,N9,4.5435962542756245,1.87343481518121e-07,-4.543596066932143,16.72479547455706,-75.99071493844197
I3,15,N1,3.0377008742553704e-07,2.5966731136304757e-07,-4.4102776062489475e-08,60.00621503189745,-2.6464406639093627e-06
I3,15,N2,2.562817476030794e-07,2.8011109697994834e-07,2.382934937686893e-08,100.6677776452538,2.398847644501709e-06
I3,15,N3,6.401916508293934,1.8733980001002532e-07,-6.401916320954134,16.72572778672916,-107.07670969769748
I3,15,N4,2.9687883164357314e-07,2.5387700356733253e-07,-4.3001828076240603e-08,60.01768010864467,-2.5808699615667433e-06
I3,15,N5,2.915889585389185e-07,2.716198531022371e-07,-1.99691054366814e-08,74.11013303613225,-1.4799130605250105e-06
I3,15,N6,3.038485336286764e-07,2.3820899675629544e-07,-6.563953687238097e-08,44.801967794873306,-2.9407804170268114e-06
I3,15,N7,2.562809146717125e-07,2.80109680217122e-07,2.3828765545409533e-08,100.6677776452538,2.398788871486172e-06
I3,15,N8,35.42292599081372,2.1611177929614796e-07,-35.42292577470194,0.04056491886066077,-1.4369281098579931
I3,15,N9,3.998650929385374,1.8734215391603067e-07,-3.9986507420432202,16.726117465683014,-66.88190201565546
I3,16,N1,3.0571985685365814e-07,2.5763143332955407e-07,-4.808842352410407e-08,60.008292342168986,-2.885704177108473e-06
I3,16,N2,2.394536330284582e-07,2.9847936095414997e-07,5.902572792569179e-08,100.6629596426838,5.9417044680639475e-06
I3,16,N3,0.0006771235565335112,1.8739319064685264e-07,-0.0006769361633428644,16.739011030220315,-0.011331241904951227
I3,16,N4,2.9872970305679526e-07,2.5193879730314737e-07,-4.6790905753647894e-08,60.02262221395206,-2.808512859099843e-06
I3,16,N5,2.866227280502793e-07,2.7686642342773714e-07,-9.756304622542153e-09,74.11282774815072,-7.230673239489532e-07
I3,16,N6,3.120129951107015e-07,2.2973896084264098e-07,-8.227403426806052e-08,44.81421179365115,-3.6870459968069763e-06
I3,16,N7,2.394529331853175e-07,2.9847779672882596e-07,5.902486354350845e-08,100.6629596426838,5.94161745679511e-06
I3,16,N8,30.778403500340605,2.1623970300075118e-07,-30.778403284100904,0.06248651072269644,-1.9232350268394465
I3,16,N9,0.0006686300439652757,1.873940234339384e-07,-0.0006684426499418418,16.739011053657787,-0.011189068906112792
I3,17,N1,3.094008626834399e-07,2.5379908607489405e-07,-5.5601776608545876e-08,60.01912729151798,-3.337170107902862e-06
I3,17,N2,3.497805932933528e-07,2.023831016761245e-07,-1.473974916172283e-07,60.04507961815324,-8.850494119672546e-06
I3,17,N3,1.8694526995328495e-07,1.035650935773176e-06,8.487056658198911e-07,60.04507952030319,5.0960599193487226e-05
I3,17,N4,3.021941537522689e-07,2.48317939868634e-07,-5.387621388363491e-08,60.04507956056227,-3.235001549064728e-06
I3,17,N5,3.2996247013333467e-07,2.3872525574890764e-07,-9.123721438442704e-08,60.09514211432669,-5.482913364547434e-06
I3,17,N6,2.777273056404385e-07,2.5918542043386996e-07,-1.8541885206568533e-08,60.040041788305594,-1.11325556263634e-06
I3,17,N7,3.497787299675503e-07,2.0238252216186623e-07,-1.473962078056841e-07,60.045079618153245,-8.850417033106163e-06
I3,17,N8,1.861448473693499e-07,1.0630196835111018e-06,8.768748361417518e-07,60.02600700813037,5.2635295059497966e-05
I3,17,N9,1.8700366079132198e-07,1.0337759816800622e-06,8.467723208887402e-07,60.04507952035407,5.084451134339918e-05
I3,18,N1,2.899100427348743e-07,2.7081312443878967e-07,-1.909691829608465e-08,67.13394719514403,-1.2820515044793269e-06
I3,18,N2,3.115161595231056e-07,2.3759185443063917e-07,-7.392430509246642e-08,67.16655983213356,-4.965241261042042e-06
I3,18,N3,1.5241293938425922e-07,0.0013501342148622346,0.0013499818019228503,67.15827959845852,0.09066245530636563
I3,18,N4,2.836454108202038e-07,2.6454607180595964e-07,-1.9099339014244173e-08,67.16655973962888,-1.2828368948876558e-06
I3,18,N5,3.02612300101368e-07,2.634460202992958e-07,-3.9166279802072175e-08,67.21943484763966,-2.632735193379816e-06
I3,18,N6,2.6720543608397377e-07,2.673120865593743e-07,1.066504754005138e-10,67.16612323537379,7.163298973862111e-09
I3,18,N7,3.1151465994355047e-07,2.3759097146300396e-07,-7.392368848054651e-08,67.16655983213356,-4.96519984534063e-06
I3,18,N8,1.5238815840485006e-07,17.572865585072535,17.572865432684377,67.15501408816311,1180.106025701314
I3,18,N9,1.5243579630535607e-07,0.00049232361491848,0.0004921711791221746,67.16655952884327,0.03305744480089052
I3,19,N1,2.9366535818603756e-07,2.6684142936587267e-07,-2.6823928820164883e-08,67.15192886253404,-1.8012785599453888e-06
I3,19,N2,3.0352127813158444e-07,2.4580905028512235e-07,-5.7712227846462084e-08,67.18506660334972,-3.87739987169225e-06
I3,19,N3,1.523849181515807e-07,6.432948561626092,6.432948409241174,67.16648390542305,432.0785257937141
I3,19,N4,2.872132783176949e-07,2.607658200208794e-07,-2.6447458296815504e-08,67.18506641082587,-1.7768742420690972e-06
I3,19,N5,3.0218182696741166e-07,2.638863279033118e-07,-3.829549906409985e-08,67.24131662612665,-2.5750397779246746e-06
I3,19,N6,2.745610742953534e-07,2.5943569975814866e-07,-1.5125374537204764e-08,67.18889140776609,-1.0162571472820412e-06
I3,19,N7,3.03519863343996e-07,2.4580808525351753e-07,-5.771177809047847e-08,67.18506660334972,-3.877369654806535e-06
I3,19,N8,1.5230674672794082e-07,35.42281109900936,35.42281094670261,67.17842423213084,2379.648621272156
I3,19,N9,1.523726468757928e-07,1.9201803085295228,1.9201801561568759,67.18335359052313,129.0041423885933
I3,20,N1,2.9580911717097834e-07,2.6458622417739763e-07,-3.1222892993580705e-08,67.15486581352386,-2.0967691892939263e-06
I3,20,N2,2.989946600954835e-07,2.5050423766927556e-07,-4.849042242620795e-08,67.18852855430666,-3.2580001317936645e-06
I3,20,N3,1.523832621543704e-07,6.9382983238557365,6.938298171472474,67.16797056247057,466.0314073351065
I3,20,N4,2.892538430962403e-07,2.5861485274117266e-07,-3.063899035506764e-08,67.188528366246,-2.0585886725845998e-06
I3,20,N5,3.019718722213894e-07,2.6410509142483825e-07,-3.7866780796551134e-08,67.2442160833498,-2.5463219902641252e-06
I3,20,N6,2.787539928750925e-07,2.5498342351880615e-07,-2.3770569356286363e-08,67.19367749314262,-1.5972319711546845e-06
I3,20,N7,2.9899329969649455e-07,2.505032187340153e-07,-4.8490080962479255e-08,67.18852855430666,-3.257977189348179e-06
I3,20,N8,1.523225467298833e-07,35.42244043797742,35.42244028565487,67.18487904250709,2379.852365982153
I3,20,N9,1.523669812830066e-07,6.504895762556821,6.504895610189839,67.18556140994244,437.03506348367443
I3,21,N1,2.970215422341884e-07,2.633145815720831e-07,-3.370696066210531e-08,67.15415860208549,-2.2635625822972766e-06
I3,21,N2,2.9643496993239125e-07,2.5317309754219764e-07,-4.326187239019361e-08,67.18808376921487,-2.906682306165412e-06
I3,21,N3,1.523849263979837e-07,3.860456120649635,3.8604559682647084,67.16830493921299,259.30028368080866
I3,21,N4,2.9041062245102275e-07,2.5739904344463225e-07,-3.3011579006390506e-08,67.18808365730708,-2.217984731941167e-06
I3,21,N5,3.018639364146851e-07,2.6421997067511413e-07,-3.7643965739570984e-08,67.24095878645512,-2.5312163488532214e-06
I3,21,N6,2.811345458296203e-07,2.524678506641841e-07,-2.8666695165436156e-08,67.19315965595399,-1.926205825059716e-06
I3,21,N7,2.964336438278327e-07,2.5317204413498263e-07,-4.326159969285009e-08,67.18808376921487,-2.906663984153452e-06
I3,21,N8,1.523528706303744e-07,29.600273539720938,29.600273387368066,67.18578811447843,1988.7176959343456
I3,21,N9,1.523684553404157e-07,4.56086349574809,4.560863343379634,67.18613192217732,306.42676626732685
I3,22,N1,2.977004920965074e-07,2.626040212693562e-07,-3.5096470827151175e-08,67.15219090192666,-2.3568049089687554e-06
I3,22,N2,2.9499731987758743e-07,2.546768231588714e-07,-4.032049671871601e-08,67.18637852608146,-2.708988154903279e-06
I3,22,N3,1.523875256840763e-07,0.3633407513993712,0.3633405990118455,67.16812175961098,24.40490559463763
I3,22,N4,2.910595314483895e-07,2.567184218942219e-07,-3.4341109554167575e-08,67.18637845987153,-2.307254783238213e-06
I3,22,N5,3.018114245420299e-07,2.642784486445868e-07,-3.753297589744309e-08,67.23419103455987,-2.52349927158422e-06
I3,22,N6,2.8247485930927186e-07,2.510557098947184e-07,-3.141914941455347e-08,67.19096845879469,-2.1110830773154197e-06
I3,22,N7,2.9499601493698e-07,2.546757482910476e-07,-4.032026664593239e-08,67.18637852608146,-2.7089726971461502e-06
I3,22,N8,1.5236163728497106e-07,14.495497796249115,14.495497643887477,67.18671190895347,973.9048241767817
I3,22,N9,1.5237108097008355e-07,0.6057340305941967,0.6057338782231158,67.18608670913486,40.69688886495879
I3,23,N1,2.98076486798941e-07,2.6221221017630375e-07,-3.586427662263725e-08,67.14803883058919,-2.408215839287838e-06
I3,23,N2,2.942130490702498e-07,2.5549977079964536e-07,-3.871327827060446e-08,67.18248894276036,-2.600854389352889e-06
I3,23,N3,1.5240214879710223e-07,0.0023543163665473536,0.0023541639643985565,67.16624396262338,0.15812035116081008
I3,23,N4,2.9141931507601126e-07,2.5634260434377605e-07,-3.5076710732235204e-08,67.18248889151292,-2.3565407291192034e-06
I3,23,N5,3.0179107482020856e-07,2.6430425577028137e-07,-3.7486819049927194e-08,67.2252389456512,-2.5200603679437448e-06
I3,23,N6,2.832159671974957e-07,2.502772524358603e-07,-3.293871476163537e-08,67.18659289195345,-2.2130400190741732e-06
I3,23,N7,2.9421175665175633e-07,2.554986831536152e-07,-3.871307349814112e-08,67.18248894276036,-2.600840632229135e-06
I3,23,N8,1.5236935808048675e-07,2.88993697404055,2.889936821671192,67.18633022931209,194.1642496426493
I3,23,N9,1.52399031079355e-07,0.000994054072159356,0.0009939016731282766,67.18248849047852,0.06677278771560778
I3,24,N1,2.982776346771289e-07,2.6200497954106887e-07,-3.6272655136060056e-08,67.14096524248502,-2.435381077742854e-06
I3,24,N2,2.938268320263699e-07,2.5590769600480546e-07,-3.7919136021564454e-08,67.17554659653305,-2.547238688716878e-06
I3,24,N3,1.5242833090004127e-07,0.0006531459755084247,0.0006529935471775247,67.16277314126039,0.043856857471791
I3,24,N4,2.916121502847567e-07,2.5614344106648447e-07,-3.546870921827225e-08,67.17554655500558,-2.3826299273380035e-06
I3,24,N5,3.017921960297429e-07,2.6430821169868316e-07,-3.7483984331059745e-08,67.2149215980867,-2.519483067996091e-06
I3,24,N6,2.8360228600245465e-07,2.4987387598251537e-07,-3.372841001993929e-08,67.17932655821127,-2.2658518710187467e-06
I3,24,N7,2.938255462590716e-07,2.559066015259342e-07,-3.7918944733137395e-08,67.17554659653305,-2.547225838812233e-06
I3,24,N8,1.524199633245135e-07,0.0005390450637643027,0.0005388926438009781,67.17974637022648,0.036202671131330515
I3,24,N9,1.5245125404479398e-07,0.000328629746774049,0.0003284772955200042,67.17554642210924,0.022065641813812938
I4,1,N1,1.6417970445431696e-07,1.4389665647141677e-07,-2.028304798290019e-08,67.13594736162541,-1.3617216417133096e-06
I4,1,N2,1.642074233017936e-07,1.4374438564881603e-07,-2.0463037652977584e-08,67.17039745878097,-1.3745103723645048e-06
I4,1,N3,1.5244902677464618e-07,0.00042668781054739095,0.0004265353615206163,67.16019861768838,0.02864619959719211
I4,1,N4,1.6417409983121475e-07,1.4389154424829695e-07,-2.02825555829178e-08,67.17039742254903,-1.3623873192495293e-06
I4,1,N5,1.6425154553101342e-07,1.43897233623993e-07,-2.0354311907020417e-08,67.20752245959434,-1.3679628746406632e-06
I4,1,N6,1.1885139947243436e-07,1.042034399127837e-07,-1.4647959559650666e-08,67.17396142758264,-9.839614704527643e-07
I4,1,N7,1.6422911453052402e-07,1.4376335678544358e-07,-2.0465757745080447e-08,67.17039745878097,-1.3746930820321786e-06
I4,1,N8,1.524647859474234e-07,0.00027897916996102534,0.0002788267051750779,67.17435733687952,0.01873000472849544
I4,1,N9,1.52492377875749e-07,0.00021629223463117368,0.00021613974225329793,67.17039733848591,0.014518192367791954
I4,2,N1,1.6418024422837384e-07,1.4389679015017088e-07,-2.0283454078202955e-08,67.13070723292985,-1.3616426173964196e-06
I4,2,N2,1.642134265625979e-07,1.4373851323703187e-07,-2.047491332556604e-08,67.16555108272561,-1.375208836882685e-06
I4,2,N3,1.5246761608999476e-07,0.00032694955619680914,0.00032679708858071913,67.157775446732,0.021946965491549723
I4,2,N4,1.6417438891589583e-07,1.438918966502888e-07,-2.028249226560704e-08,67.16555104888641,-1.3622847696642735e-06
I4,2,N5,1.6425431512718077e-07,1.438951171675566e-07,-2.035919795962417e-08,67.20098858302877,-1.3681582296443266e-06
I4,2,N6,1.1885026874080046e-07,1.0420505378525949e-07,-1.464521495554097e-08,67.16895305605543,-9.837037558445723e-07
I4,2,N7,1.6423511944064583e-07,1.4375748279296007e-07,-2.0477636647685764e-08,67.16555108272561,-1.3753917503136323e-06
I4,2,N8,1.5250413848508343e-07,0.00019644428305590547,0.00019629177891742039,67.16933099579978,0.013184787469858563
I4,2,N9,1.5252943161284753e-07,0.00016565007648638536,0.0001654975470547725,67.16555098944941,0.011115733935336127
I4,3,N1,1.641658459501321e-07,1.439130084431463e-07,-2.0252837506985807e-08,67.12682002458448,-1.3595085783185903e-06
I4,3,N2,1.6424738904895957e-07,1.4370199806029571e-07,-2.054539098866386e-08,67.16205762915956,-1.3798707335942577e-06
I4,3,N3,1.524812973784036e-07,0.00027901218264184515,0.0002788597013444667,67.15602872456205,0.018727110113611802
I4,3,N4,1.6415968662763967e-07,1.4390839165237367e-07,-2.0251294975266e-08,67.16205759640106,-1.3601186395305224e-06
I4,3,N5,1.6425683267740844e-07,1.4389301007389464e-07,-2.0363822603513806e-08,67.19637012904235,-1.3683749609078725e-06
I4,3,N6,1.1883112200236173e-07,1.0422643825102699e-07,-1.4604683751334747e-08,67.16535160522068,-9.809287192414515e-07
I4,3,N7,1.6426909133396702e-07,1.437209577209253e-07,-2.0548133613041723e-08,67.16205762915956,-1.3800549338907788e-06
I4,3,N8,1.5253324499640447e-07,0.00016108377271043396,0.00016093123946543756,67.16571755784908,0.010809062176170154
I4,3,N9,1.5255667024478895e-07,0.00014128397910317055,0.00014113142243292576,67.16205754994574,0.009478676715545864
I4,4,N1,1.6412949594161693e-07,1.4395289742071257e-07,-2.0176598520904358e-08,67.12467953567973,-1.3543477098357747e-06
I4,4,N2,1.6432420278002303e-07,1.436185902705863e-07,-2.070561250943674e-08,67.16017964436656,-1.3905926557804149e-06
I4,4,N3,1.5248911486073693e-07,0.000257310057848274,0.0002571575687334132,67.15508973187565,0.017269439603523343
I4,4,N4,1.6412298903986998e-07,1.439486227605011e-07,-2.0174366279368867e-08,67.16017961196971,-1.3549140628800782e-06
I4,4,N5,1.64259818460808e-07,1.4389009108711777e-07,-2.0369727373690216e-08,67.19392964400772,-1.3687220280153586e-06
I4,4,N6,1.1878566466836985e-07,1.0427672624050021e-07,-1.4508938427869642e-08,67.16341962173442,-9.744699198969164e-07
I4,4,N7,1.6434592631069442e-07,1.436375273693111e-07,-2.070839894138333e-08,67.16017964436656,-1.3907797930505147e-06
I4,4,N8,1.5255018667068578e-07,0.00014567487551426557,0.00014552232532759487,67.16377957999472,0.009773829382270866
I4,4,N9,1.525721756189318e-07,0.00013029807231985886,0.00013014550014423993,67.16017957171434,0.008740595160137728
I4,5,N1,1.6405077394447756e-07,1.440381690761534e-07,-2.0012604868324154e-08,67.12817302284263,-1.3434096022386467e-06
I4,5,N2,1.6447477179175723e-07,1.434541765397367e-07,-2.102059525202052e-08,67.16341062817357,-1.4118148705600897e-06
I4,5,N3,1.5247838465988505e-07,0.0002869122158858087,0.0002867597375011488,67.15670522476174,0.0192578391616947
I4,5,N4,1.640441305573599e-07,1.4403407878372933e-07,-2.0010051773630586e-08,67.16341059465923,-1.3439433232927402e-06
I4,5,N5,1.6425982481160681e-07,1.4388947667402195e-07,-2.0370348137584867e-08,67.19828562829977,-1.3688524724973321e-06
I4,5,N6,1.1869270394886523e-07,1.0437904286806916e-07,-1.431366108079607e-08,67.16675860294355,-9.614022185381776e-07
I4,5,N7,1.644965368729352e-07,1.4347306928197003e-07,-2.1023467590965162e-08,67.16341062817357,-1.412007786640092e-06
I4,5,N8,1.5252870223227484e-07,0.00016483699704445998,0.0001646844683422277,67.16713055463866,0.011061383185463665
I4,5,N9,1.525505525286824e-07,0.00014563899601417033,0.00014548644546164165,67.1634105454425,0.009771365865337368
I4,6,N1,1.6389291127302603e-07,1.4420871358113833e-07,-1.96841976918877e-08,67.13865333398842,-1.321570524993343e-06
I4,6,N2,1.6476544800586254e-07,1.4313641601650438e-07,-2.1629031989358167e-08,67.17310343348898,-1.452889202987398e-06
I4,6,N3,1.5244420538306765e-07,0.0004556247001919573,0.0004554722559865743,67.16155159969837,0.030590223422673334
I4,6,N4,1.6388627492026138e-07,1.442047233067061e-07,-1.9681551613555293e-08,67.17310339491206,-1.322070901509648e-06
I4,6,N5,1.642550364709762e-07,1.438928765524771e-07,-2.0362159918499077e-08,67.21135343464992,-1.368568326975104e-06
I4,6,N6,1.185121863113579e-07,1.0457751467895904e-07,-1.3934671632398858e-08,67.17677539892483,-9.360863065074274e-07
I4,6,N7,1.6478729304375458e-07,1.4315522334242514e-07,-2.163206970132944e-08,67.17310343348898,-1.4530932555278454e-06
I4,6,N8,1.5245856719160364e-07,0.0002919315881058037,0.0002917791295386121,67.17718330445723,0.019600900069430317
I4,6,N9,1.5248200828793652e-07,0.00023360603250940248,0.00023345355050111453,67.17310330182373,0.01568179946398889
I4,7,N1,1.6358690619405374e-07,1.4454006067837736e-07,-1.9046845515676377e-08,67.15426751791469,-1.2790769591321252e-06
I4,7,N2,1.6532881608044047e-07,1.4252160619558572e-07,-2.280720988485476e-08,67.18740512254915,-1.5323572502487442e-06
I4,7,N3,1.523933325243761e-07,0.00576140283309997,0.005761250439767445,67.16870135122635,0.38697571019836097
I4,7,N4,1.635804031009305e-07,1.4453610446735008e-07,-1.9044298633580424e-08,67.18740506620654,-1.2795370064961715e-06
I4,7,N5,1.642444635690292e-07,1.4390146415354571e-07,-2.0342999415483486e-08,67.23240512577965,-1.3677087781752843e-06
I4,7,N6,1.1816892370762015e-07,1.0495541665588275e-07,-1.3213507051737408e-08,67.19133131299303,-8.878331301198579e-07
I4,7,N7,1.6535081549557756e-07,1.4254024899422928e-07,-2.2810566501348285e-08,67.18740512254915,-1.532582772600936e-06
I4,7,N8,1.5236612365440037e-07,2.3409187378719105,2.340918585505787,67.19032108211186,157.28707138721694
I4,7,N9,1.52380102549377e-07,0.0026818087213901845,0.002681656341287635,67.18740400410992,0.18017352800227562
I4,8,N1,1.6301161480380402e-07,1.4516683927967044e-07,-1.7844775524133575e-08,67.15871337327458,-1.1984321646357124e-06
I4,8,N2,1.6643336412342577e-07,1.4132123709258487e-07,-2.5112127030840897e-08,67.1905384977331,-1.6872973380256793e-06
I4,8,N3,1.5238498938160484e-07,1.4057657094995024,1.4057655571145131,67.16998956135492,94.42525779709413
I4,8,N4,1.6300486086854427e-07,1.4516333457832321e-07,-1.7841526290221052e-08,67.19053841295509,-1.1987817575488459e-06
I4,8,N5,1.6424469229064283e-07,1.4389995254571646e-07,-2.0344739744926375e-08,67.24116350660839,-1.3680039716879887e-06
I4,8,N6,1.1752643532084947e-07,1.0566518738659998e-07,-1.1861247934249493e-08,67.1934296551213,-7.969979286919462e-07
I4,8,N7,1.6645566491172206e-07,1.413395604361188e-07,-2.511610447560326e-08,67.1905384977331,-1.6875645846811075e-06
I4,8,N8,1.5236650107524614e-07,1.6043551643293594,1.6043550119628585,67.19042745930776,107.79729905026727
I4,8,N9,1.5236670620805966e-07,2.561684527725769,2.5616843753590626,67.18950694297766,172.11831012390513
I4,9,N1,1.6191277657414515e-07,1.4636850642659908e-07,-1.554427014754607e-08,67.14592333316628,-1.0437343715971537e-06
I4,9,N2,1.6857674645407612e-07,1.3900074762261757e-07,-2.9575998831458545e-08,67.1764359484689,-1.986810191113466e-06
I4,9,N3,1.5241280698272044e-07,0.0010956262069332498,0.0010954737941262672,67.16321770114875,0.0735755449208059
I4,9,N4,1.6190524681986747e-07,1.4636602587253945e-07,-1.5539220947328022e-08,67.17643586658582,-1.0438694793848878e-06
I4,9,N5,1.642651785546603e-07,1.4387924351005457e-07,-2.0385935044605718e-08,67.22874845935328,-1.3705208992225127e-06
I4,9,N6,1.163145472041569e-07,1.0700772214663362e-07,-9.306825057523284e-09,67.17594535628754,-6.251947715047117e-07
I4,9,N7,1.685996292624703e-07,1.3901845781483643e-07,-2.9581171447633874e-08,67.17643594846892,-1.9871576690326547e-06
I4,9,N8,1.5245710628685042e-07,0.00033128953722047776,0.0003311370801141909,67.16834473416812,0.02224192955137582
I4,9,N9,1.5242081607068634e-07,0.0005670101213164954,0.0005668577005004247,67.17643562152801,0.038079479824234194
I4,10,N1,1.670337413737552e-07,1.4176830265974776e-07,-2.5265438714007438e-08,60.023405461132,-1.5165176720842499e-06
I4,10,N2,1.7980810162415024e-07,1.279007963532159e-07,-5.190730527093435e-08,60.05140454319353,-3.1171065875719205e-06
I4,10,N3,1.8694198101884134e-07,1.0354877959176846e-06,8.485458148988432e-07,60.05140445773043,5.095636793140489e-05
I4,10,N4,1.6702551781859583e-07,1.4176689962489205e-07,-2.5258618193703775e-08,60.051404484772334,-1.516815497876535e-06
I4,10,N5,1.7152297883729193e-07,1.3698371179713944e-07,-3.453926704015249e-08,60.102029545033744,-2.0758800481110553e-06
I4,10,N6,1.1783355308661566e-07,1.0585177192047635e-07,-1.1981781166139313e-08,60.04681446838224,-7.194677906839238e-07
I4,10,N7,1.7983399743355404e-07,1.279156344188118e-07,-5.191836301474223e-08,60.05140454319353,-3.1177706206186625e-06
I4,10,N8,1.8627691463558647e-07,1.0582034556294385e-06,8.71926540993852e-07,60.033368450303435,5.234468729708252e-05
I4,10,N9,1.8701340579775386e-07,1.0331961134417348e-06,8.461827076439809e-07,60.0514044577816,5.081446002190946e-05
I4,11,N1,1.659492319268485e-07,1.4294947968833329e-07,-2.299975223851522e-08,60.01345423115362,-1.3802945782940062e-06
I4,11,N2,1.4938852798329974e-07,1.55307407911526e-07,5.918879928226269e-09,100.69381288126729,5.959945879595047e-07
I4,11,N3,1.0724140954146943,1.8734966135567346e-07,-1.072413908065033,16.72354779591078,-17.934565248525047
I4,11,N4,1.6594742742586952e-07,1.4294254265670636e-07,-2.300488476916316e-08,60.03084596761656,-1.3810026940804019e-06
I4,11,N5,1.6028713552616175e-07,1.4726469731710926e-07,-1.3022438209052492e-08,74.1305581360067,-9.653606127287208e-07
I4,11,N6,1.2311616907152993e-07,1.0113428958968904e-07,-2.1981879481840888e-08,44.8149219999539,-9.851162143910866e-07
I4,11,N7,1.494062331903812e-07,1.5532943493625848e-07,5.923201745877289e-09,100.69381288126729,5.964297682573635e-07
I4,11,N8,9.521783340820884,2.1632505823820033e-07,-9.521783124495826,0.036788469673990486,-0.3502918297178291
I4,11,N9,1.284279244237575,1.8734917794924079e-07,-1.284279056888397,16.723691968901228,-21.477887349512528
I4,12,N1,1.654146166040557e-07,1.4353225089825583e-07,-2.1882365705799876e-08,60.01035342433708,-1.3131684997656438e-06
I4,12,N2,1.547827477752954e-07,1.4938313491624442e-07,-5.3996128590509724e-09,100.68246059178115,-5.436463088922743e-07
I4,12,N3,3.8021709114635125,1.8734657300470599e-07,-3.8021707241169396,16.723363248679675,-63.58508215290301
I4,12,N4,1.6541305748096606e-07,1.4352550488195197e-07,-2.1887552599014084e-08,60.02438186627046,-1.3137868153213018e-06
I4,12,N5,1.6179620800851635e-07,1.4561827436269537e-07,-1.617793364582098e-08,74.12128002431369,-1.1991291499766631e-06
I4,12,N6,1.2170030119230837e-07,1.0269553139699307e-07,-1.90047697953153e-08,44.80683110618246,-8.515435104305703e-07
I4,12,N7,1.5480189990614816e-07,1.4940359304567423e-07,-5.3983068604739354e-09,100.68246059178115,-5.435148177420088e-07
I4,12,N8,19.98333701284509,2.1630865772335238e-07,-19.983336796536435,0.03657587659445108,-0.73090806061547
I4,12,N9,3.931646631203796,1.873461496244217e-07,-3.9316464438576464,16.723534646406353,-65.75102552127368
I4,13,N1,1.6519715896392896e-07,1.4376967460513e-07,-2.1427484358798954e-08,60.00737721689636,-1.2858071367275955e-06
I4,13,N2,1.5697582047011906e-07,1.4699100538692623e-07,-9.984815083192833e-09,100.67148082057702,-1.0051861201446554e-06
I4,13,N3,4.849721991206331,1.8734479994412828e-07,-4.849721803861531,16.72368455788576,-81.10521764128096
I4,13,N4,1.651963942050036e-07,1.4376243464502544e-07,-2.1433959559978155e-08,60.01869196808461,-1.2864382164867113e-06
I4,13,N5,1.624134499602381e-07,1.449466604343876e-07,-1.7466789525850503e-08,74.11263732261061,-1.2945098373197321e-06
I4,13,N6,1.2111493963409283e-07,1.0334227313106606e-07,-1.777266650302677e-08,44.801042757764684,-7.962339919215945e-07
I4,13,N7,1.569955613121848e-07,1.4701083310238092e-07,-9.98472820980388e-09,100.67148082057702,-1.0051773744719456e-06
I4,13,N8,27.930956241666454,2.1629231225500327e-07,-27.93095602537414,0.03836565089013171,-1.071589307897125
I4,13,N9,4.725524518577215,1.8734460131105538e-07,-4.725524331232614,16.72391119141339,-79.02924924839738
I4,14,N1,1.6519784176411335e-07,1.437691498333021e-07,-2.1428691930811246e-08,60.00578176395922,-1.2858454114873736e-06
I4,14,N2,1.5697835347676454e-07,1.469890467525499e-07,-9.989306724214648e-09,100.66570340657834,-1.0055805879371305e-06
I4,14,N3,5.468553590348068,1.8734284320875918e-07,-5.468553403005225,16.72447420940767,-91.45868035132943
I4,14,N4,1.6519768647423847e-07,1.4376139279704101e-07,-2.1436293677197453e-08,60.01602607693677,-1.286521160323557e-06
I4,14,N5,1.6241556333994523e-07,1.4494495201378783e-07,-1.7470611326157398e-08,74.10833381095999,-1.2947178960404109e-06
I4,14,N6,1.2111561871526654e-07,1.033416798139853e-07,-1.777393890128125e-08,44.798895887150124,-7.962528383430662e-07
I4,14,N7,1.5699809500327464e-07,1.470088739489977e-07,-9.98922105427695e-09,100.66570340657834,-1.0055719639125914e-06
I4,14,N8,35.42190909433535,2.162351262747191e-07,-35.42190887810022,0.04004734751983923,-1.4185534946573581
I4,14,N9,4.59419673219757,1.8734342393802428e-07,-4.594196544854146,16.72479547455706,-76.8369975826023
I4,15,N1,1.6541626228752107e-07,1.4353102685463547e-07,-2.1885235432885604e-08,60.00621503189745,-1.3132501434094348e-06
I4,15,N2,1.5478860195027036e-07,1.4937878075867288e-07,-5.409821191597482e-09,100.6677776452538,-5.445946768163173e-07
I4,15,N3,6.239339730032138,1.8733999345937173e-07,-6.239339542692145,16.72572778672916,-104.357494760044
I4,15,N4,1.6541611259026625e-07,1.4352309761788675e-07,-2.1893014972379497e-08,60.01768010864467,-1.313967969226041e-06
I4,15,N5,1.6180156848591641e-07,1.4561397026030598e-07,-1.6187598225610438e-08,74.11013303613225,-1.199665058035448e-06
I4,15,N6,1.2170174753773203e-07,1.0269428987835248e-07,-1.9007457659379557e-08,44.801967794873306,-8.515715059179408e-07
I4,15,N7,1.5480775566157744e-07,1.4939923773200978e-07,-5.408517929567666e-09,100.6677776452538,-5.444634803240863e-07
I4,15,N8,35.42295239514904,2.1611177927203441e-07,-35.42295217903726,0.04056491886066077,-1.4369291809477132
I4,15,N9,4.121155088799131,1.873420061189046e-07,-4.121154901457125,16.726117465683014,-68.93092097604718
I4,16,N1,1.6595090144069376e-07,1.4294837111419496e-07,-2.3002530326498802e-08,60.008292342168986,-1.380342564442148e-06
I4,16,N2,1.4940742420741522e-07,1.5529091262939115e-07,5.88348842197593e-09,100.6629596426838,5.922493575795604e-07
I4,16,N3,0.0006746308453133008,1.8739342908870244e-07,-0.0006744434518842121,16.739011030220315,-0.01128951638034969
I4,16,N4,1.6595084563675275e-07,1.429399507357311e-07,-2.3010894901021642e-08,60.02262221395206,-1.3811742514489777e-06
I4,16,N5,1.6029756025199195e-07,1.4725576356112438e-07,-1.3041796690867567e-08,74.11282774815072,-9.6656443167667e-07
I4,16,N6,1.23115255762718e-07,1.0113534695344866e-07,-2.1979908809269333e-08,44.81421179365115,-9.850122885837344e-07
I4,16,N7,1.4942513450522766e-07,1.553129352503611e-07,5.88780074513345e-09,100.6629596426838,5.92683448791532e-07
I4,16,N8,30.778461724716326,2.1623970290711693e-07,-30.778461508476624,0.06248651072269644,-1.9232386650775242
I4,16,N9,0.0006704999827983524,1.873938438339325e-07,-0.0006703125889545185,16.739011053657787,-0.011220369835915654
I4,17,N1,1.6703408057144332e-07,1.417685204042425e-07,-2.526556016720081e-08,60.01912729151798,-1.5164168717667318e-06
I4,17,N2,1.798057974863566e-07,1.2790408231364985e-07,-5.1901715172706745e-08,60.04507961815324,-3.1164426198638885e-06
I4,17,N3,1.869455010640794e-07,1.0356434787337248e-06,8.486979776696454e-07,60.04507952030319,5.0960137557894356e-05
I4,17,N4,1.6702709175348477e-07,1.4176605547418073e-07,-2.5261036279304034e-08,60.04507956056227,-1.5168009331730606e-06
I4,17,N5,1.7152472668111725e-07,1.369827570514199e-07,-3.4541969629697355e-08,60.09514211432669,-2.075804573805419e-06
I4,17,N6,1.1783533674339085e-07,1.0585029738582507e-07,-1.198503935756578e-08,60.040041788305594,-7.195822638627367e-07
I4,17,N7,1.798316926829489e-07,1.279189212162691e-07,-5.1912771466679777e-08,60.045079618153245,-3.1171064959157812e-06
I4,17,N8,1.8614484724327102e-07,1.063019687817929e-06,8.768748405746581e-07,60.02600700813037,5.263529532558763e-05
I4,17,N9,1.8700353732638563e-07,1.0337799616728559e-06,8.467764243464703e-07,60.04507952035407,5.084475773584489e-05
I4,18,N1,1.6192057379411956e-07,1.463616445937561e-07,-1.5558929200363468e-08,67.13394719514403,-1.0445323313501856e-06
I4,18,N2,1.6858071054541354e-07,1.3899780362441857e-07,-2.9582906920994975e-08,67.16655983213356,-1.9869820877174468e-06
I4,18,N3,1.5241310882245996e-07,0.0013395121138680718,0.0013393597007592493,67.15827959845852,0.0899490932664974
I4,18,N4,1.6191106093615318e-07,1.4636104038512334e-07,-1.5550020551029843e-08,67.16655973962888,-1.0444413842932027e-06
I4,18,N5,1.6427243754216718e-07,1.438726223430592e-07,-2.0399815199107973e-08,67.21943484763966,-1.3712640486803277e-06
I4,18,N6,1.1631807720524773e-07,1.0700453880507073e-07,-9.313538400177002e-09,67.16612323537379,-6.255542679436745e-07
I4,18,N7,1.6860359442612547e-07,1.390155130399317e-07,-2.9588081386193756e-08,67.16655983213356,-1.98732963874382e-06
I4,18,N8,1.5238815837237484e-07,17.57291669343918,17.572916541051022,67.15501408816311,1180.109457884396
I4,18,N9,1.524357438775245e-07,0.0004928710574666231,0.0004927186217227456,67.16655952884327,0.0330942146369104
I4,19,N1,1.6301681198412887e-07,1.4516210571159815e-07,-1.7854706272530722e-08,67.15192886253404,-1.1989779654744232e-06
I4,19,N2,1.6643703121220312e-07,1.4131800562195966e-07,-2.511902559024346e-08,67.18506660334972,-1.6876234072917531e-06
I4,19,N3,1.5238501105141925e-07,6.279554033576437,6.2795538811914255,67.16648390542305,421.77555469428074
I4,19,N4,1.6300906845907225e-07,1.4515949953526454e-07,-1.7849568923807708e-08,67.18506641082587,-1.1992244735506346e-06
I4,19,N5,1.6424826863772734e-07,1.4389603647746229e-07,-2.0352232160265056e-08,67.24131662612665,-1.3685108867368202e-06
I4,19,N6,1.1752856076135392e-07,1.0566317374607988e-07,-1.1865387015274037e-08,67.18889140776609,-7.972221996803652e-07
I4,19,N7,1.6645933299483594e-07,1.4133632810794253e-07,-2.5123004886893412e-08,67.18506660334972,-1.6878907566022145e-06
I4,19,N8,1.5230674672675987e-07,35.42283750323474,35.42283735092799,67.17842423213084,2379.6503950664105
I4,19,N9,1.5237267507777078e-07,1.8770736382933078,1.8770734859206326,67.18335359052313,126.1080917200017
I4,20,N1,1.6358940222502272e-07,1.445372550822432e-07,-1.9052147142779508e-08,67.15486581352386,-1.2794443848328698e-06
I4,20,N2,1.6533141805998051e-07,1.4251862142267061e-07,-2.28127966373099e-08,67.18852855430666,-1.5327582382694872e-06
I4,20,N3,1.5238329393307646e-07,6.879295727173707,6.879295574790413,67.16797056247057,462.06832265805656
I4,20,N4,1.6358249535040994e-07,1.4453366691676302e-07,-1.904882843364692e-08,67.188528366246,-1.2798627495578395e-06
I4,20,N5,1.6424373430403582e-07,1.4390062908363152e-07,-2.0343105220404295e-08,67.2442160833498,-1.3679561632471877e-06
I4,20,N6,1.1816961462728144e-07,1.0495448345681426e-07,-1.3215131170467182e-08,67.19367749314262,-8.879732618979481e-07
I4,20,N7,1.653534181846236e-07,1.4253726342409436e-07,-2.2816154760529244e-08,67.18852855430666,-1.5329838656272988e-06
I4,20,N8,1.52322546740841e-07,35.42246684150041,35.42246668917786,67.18487904250709,2379.8541398996513
I4,20,N9,1.5236717225845926e-07,6.888496557231958,6.888496404864786,67.18556140994244,462.8074982312108
I4,21,N1,1.6388621261469098e-07,1.4421387794922194e-07,-1.967233466546904e-08,67.15415860208549,-1.3210790821982121e-06
I4,21,N2,1.647608246072368e-07,1.4313939087235426e-07,-2.1621433734882544e-08,67.18808376921487,-1.4527027009898166e-06
I4,21,N3,1.5238493972207511e-07,3.837899088961458,3.837898936576518,67.16830493921299,257.7851660978528
I4,21,N4,1.6387986038548973e-07,1.4420965088595368e-07,-1.9670209499536047e-08,67.18808365730708,-1.3216036814115842e-06
I4,21,N5,1.642438205830106e-07,1.4390101474439745e-07,-2.034280583861314e-08,67.24095878645512,-1.3678697689950448e-06
I4,21,N6,1.1850796644179597e-07,1.0458097521668552e-07,-1.392699122511045e-08,67.19315965595399,-9.357985449159168e-07
I4,21,N7,1.6478266840585765e-07,1.4315819896956227e-07,-2.1624469436295385e-08,67.18808376921487,-1.452906663950641e-06
I4,21,N8,1.5235287063434098e-07,29.60026732947124,29.60026717711837,67.18578811447843,1988.7172786938252
I4,21,N9,1.5236853088002948e-07,4.448474713496418,4.448474561127887,67.18613192217732,298.8757987163881
I4,22,N1,1.640388720710215e-07,1.44047828767308e-07,-1.9991043303713517e-08,67.15219090192666,-1.3424423562596526e-06
I4,22,N2,1.6446728319814322e-07,1.434591728364082e-07,-2.100811036173503e-08,67.18637852608146,-1.4114588548812236e-06
I4,22,N3,1.5238753657369074e-07,0.3615121024767099,0.3615119500891733,67.16812175961098,24.282078681144
I4,22,N4,1.6403277579389233e-07,1.440432875676525e-07,-1.998948822623983e-08,67.18637845987153,-1.3430213211872955e-06
I4,22,N5,1.6424573106727904e-07,1.438998816328082e-07,-2.034584943447083e-08,67.23419103455987,-1.3679367276376036e-06
I4,22,N6,1.1868535772355817e-07,1.0438537822552271e-07,-1.429997949803546e-08,67.19096845879469,-9.608294714139112e-07
I4,22,N7,1.644890462790601e-07,1.4347806687076296e-07,-2.101097940829715e-08,67.18637852608146,-1.4116516157295553e-06
I4,22,N8,1.5236163728644407e-07,14.495495480137679,14.495495327776041,67.18671190895347,973.9046685648699
I4,22,N9,1.5237112250907718e-07,0.5639080750279915,0.563907922656869,67.18608670913486,37.88676658759251
I4,23,N1,1.641171396963177e-07,1.4396314153921393e-07,-2.0153998157103756e-08,67.14803883058919,-1.353301450844826e-06
I4,23,N2,1.643200129811348e-07,1.4362008431021832e-07,-2.0699928670916477e-08,67.18248894276036,-1.3906727290497744e-06
I4,23,N3,1.524021587830525e-07,0.0023466992539923244,0.0023465468518335413,67.16624396262338,0.15760873831997751
I4,23,N4,1.6411112027805063e-07,1.4395848084380566e-07,-2.0152639434244962e-08,67.18248889151292,-1.3539044749258273e-06
I4,23,N5,1.642487501068973e-07,1.4389783383010614e-07,-2.0350916276791158e-08,67.2252389456512,-1.3680952094702278e-06
I4,23,N6,1.1877721934186793e-07,1.042843482330358e-07,-1.4492871108832131e-08,67.18659289195345,-9.737266310246584e-07
I4,23,N7,1.6434173542355498e-07,1.4363902175484866e-07,-2.070271366870632e-08,67.18248894276036,-1.3908598321329961e-06
I4,23,N8,1.5236935808114468e-07,2.8899359443893844,2.8899357920200264,67.18633022931209,194.16418046416607
I4,23,N9,1.523990691970487e-07,0.0009960162038027895,0.0009958638047335925,67.18248849047852,0.06690460859959872
I4,24,N1,1.6415692865524032e-07,1.439207748752469e-07,-2.023615377999341e-08,67.14096524248502,-1.3586748975841193e-06
I4,24,N2,1.6425363208228205e-07,1.436933419707981e-07,-2.056029011148395e-08,67.17554659653305,-1.3811487264222276e-06
I4,24,N3,1.5242833998824756e-07,0.0006528818944062775,0.0006527294660662892,67.16277314126039,0.043839121052026205
I4,24,N4,1.6415098172395205e-07,1.43916017301857e-07,-2.0234964422095044e-08,67.17554655500558,-1.3592947945753272e-06
I4,24,N5,1.642531181043674e-07,1.438945007737159e-07,-2.0358617330651478e-08,67.2149215980867,-1.3684028677251883e-06
I4,24,N6,1.1882274462268995e-07,1.042346577173459e-07,-1.4588086905344051e-08,67.17932655821127,-9.800178540736738e-07
I4,24,N7,1.6427533613309895e-07,1.437122992587748e-07,-2.056303687432416e-08,67.17554659653305,-1.38133324171739e-06
I4,24,N8,1.524199633251034e-07,0.0005390450563621725,0.0005388926363988474,67.17974637022648,0.036202670634057244
I4,24,N9,1.5245128874598505e-07,0.0003285019281063906,0.00032834947681764464,67.17554642210924,0.022057055522638966
