fleet,case,gamma,node,hour,lambda_eur_per_mwh,hard_min_norm_lambda_eur_per_mwh,lambda_difference_eur_per_mwh,balance_residual_mw
final_gamma1e4,hard_min_norm,,N1,1,60.00000059602806,60.00000059602806,0.0,0.0
final_gamma1e4,hard_min_norm,,N1,2,60.00000059540318,60.00000059540318,0.0,0.0
final_gamma1e4,hard_min_norm,,N1,3,60.000000594938,60.000000594938,0.0,0.0
final_gamma1e4,hard_min_norm,,N1,4,60.0000005947238,60.0000005947238,0.0,0.0
final_gamma1e4,hard_min_norm,,N1,5,60.00000059516778,60.00000059516778,0.0,0.0
final_gamma1e4,hard_min_norm,,N1,6,60.00000059626607,60.00000059626607,0.0,0.0
final_gamma1e4,hard_min_norm,,N1,7,60.000000598038376,60.000000598038376,0.0,0.0
final_gamma1e4,hard_min_norm,,N1,8,60.00000059940591,60.00000059940591,0.0,0.0
final_gamma1e4,hard_min_norm,,N1,9,60.00000059991497,60.00000059991497,0.0,0.0
final_gamma1e4,hard_min_norm,,N1,10,52.200000550144956,52.200000550144956,0.0,0.0
final_gamma1e4,hard_min_norm,,N1,11,60.00000059186339,60.00000059186339,0.0,0.0
final_gamma1e4,hard_min_norm,,N1,12,60.00000058684511,60.00000058684511,0.0,0.0
final_gamma1e4,hard_min_norm,,N1,13,60.00000058978897,60.00000058978897,0.0,0.0
final_gamma1e4,hard_min_norm,,N1,14,60.00000057101784,60.00000057101784,0.0,0.0
final_gamma1e4,hard_min_norm,,N1,15,60.00000057396442,60.00000057396442,0.0,0.0
final_gamma1e4,hard_min_norm,,N1,16,60.00000058980814,60.00000058980814,0.0,0.0
final_gamma1e4,hard_min_norm,,N1,17,52.20000054039812,52.20000054039812,0.0,0.0
final_gamma1e4,hard_min_norm,,N1,18,60.00000059628223,60.00000059628223,0.0,0.0
final_gamma1e4,hard_min_norm,,N1,19,60.000000598214385,60.000000598214385,0.0,0.0
final_gamma1e4,hard_min_norm,,N1,20,60.000000599009674,60.000000599009674,0.0,0.0
final_gamma1e4,hard_min_norm,,N1,21,60.000000599058595,60.000000599058595,0.0,0.0
final_gamma1e4,hard_min_norm,,N1,22,60.000000598395644,60.000000598395644,0.0,0.0
final_gamma1e4,hard_min_norm,,N1,23,60.00000059748019,60.00000059748019,0.0,0.0
final_gamma1e4,hard_min_norm,,N1,24,60.0000005967435,60.0000005967435,0.0,0.0
final_gamma1e4,hard_min_norm,,N2,1,60.00000058348825,60.00000058348825,0.0,0.0
final_gamma1e4,hard_min_norm,,N2,2,60.00000058259449,60.00000058259449,0.0,0.0
final_gamma1e4,hard_min_norm,,N2,3,60.00000058202133,60.00000058202133,0.0,0.0
final_gamma1e4,hard_min_norm,,N2,4,60.000000581813175,60.000000581813175,0.0,0.0
final_gamma1e4,hard_min_norm,,N2,5,60.000000582480084,60.000000582480084,0.0,0.0
final_gamma1e4,hard_min_norm,,N2,6,60.00000058396425,60.00000058396425,0.0,0.0
final_gamma1e4,hard_min_norm,,N2,7,60.000000586322905,60.000000586322905,0.0,0.0
final_gamma1e4,hard_min_norm,,N2,8,60.00000058787203,60.00000058787203,0.0,0.0
final_gamma1e4,hard_min_norm,,N2,9,60.000000587704385,60.000000587704385,0.0,0.0
final_gamma1e4,hard_min_norm,,N2,10,52.2000005331478,52.2000005331478,0.0,0.0
final_gamma1e4,hard_min_norm,,N2,11,52.20000051827382,52.20000051827382,0.0,0.0
final_gamma1e4,hard_min_norm,,N2,12,52.20000051694929,52.20000051694929,0.0,0.0
final_gamma1e4,hard_min_norm,,N2,13,52.200000515795026,52.200000515795026,0.0,0.0
final_gamma1e4,hard_min_norm,,N2,14,52.200000514918266,52.200000514918266,0.0,0.0
final_gamma1e4,hard_min_norm,,N2,15,52.20000051421266,52.20000051421266,0.0,0.0
final_gamma1e4,hard_min_norm,,N2,16,52.20000051469648,52.20000051469648,0.0,0.0
final_gamma1e4,hard_min_norm,,N2,17,52.2000005292824,52.2000005292824,0.0,0.0
final_gamma1e4,hard_min_norm,,N2,18,60.00000058233659,60.00000058233659,0.0,0.0
final_gamma1e4,hard_min_norm,,N2,19,60.0000005866749,60.0000005866749,0.0,0.0
final_gamma1e4,hard_min_norm,,N2,20,60.00000058873973,60.00000058873973,0.0,0.0
final_gamma1e4,hard_min_norm,,N2,21,60.00000058907483,60.00000058907483,0.0,0.0
final_gamma1e4,hard_min_norm,,N2,22,60.00000058798616,60.00000058798616,0.0,0.0
final_gamma1e4,hard_min_norm,,N2,23,60.00000058639243,60.00000058639243,0.0,0.0
final_gamma1e4,hard_min_norm,,N2,24,60.00000058503768,60.00000058503768,0.0,0.0
final_gamma1e4,hard_min_norm,,N3,1,60.00000061108061,60.00000061108061,0.0,0.0
final_gamma1e4,hard_min_norm,,N3,2,60.00000061051385,60.00000061051385,0.0,0.0
final_gamma1e4,hard_min_norm,,N3,3,60.000000610196615,60.000000610196615,0.0,0.0
final_gamma1e4,hard_min_norm,,N3,4,60.00000061015027,60.00000061015027,0.0,0.0
final_gamma1e4,hard_min_norm,,N3,5,60.000000610678406,60.000000610678406,0.0,0.0
final_gamma1e4,hard_min_norm,,N3,6,60.00000061157317,60.00000061157317,0.0,0.0
final_gamma1e4,hard_min_norm,,N3,7,60.00000061275471,60.00000061275471,0.0,0.0
final_gamma1e4,hard_min_norm,,N3,8,60.00000061361061,60.00000061361061,0.0,0.0
final_gamma1e4,hard_min_norm,,N3,9,60.00000061380511,60.00000061380511,0.0,0.0
final_gamma1e4,hard_min_norm,,N3,10,52.20000055429555,52.20000055429555,0.0,0.0
final_gamma1e4,hard_min_norm,,N3,11,46.72097608321039,46.72097608321039,0.0,0.0
final_gamma1e4,hard_min_norm,,N3,12,35.04173464259981,35.04173464259981,0.0,0.0
final_gamma1e4,hard_min_norm,,N3,13,35.041734638675806,35.041734638675806,0.0,0.0
final_gamma1e4,hard_min_norm,,N3,14,35.04173463884805,35.04173463884805,0.0,0.0
final_gamma1e4,hard_min_norm,,N3,15,35.04173464582469,35.04173464582469,0.0,0.0
final_gamma1e4,hard_min_norm,,N3,16,35.041734661346,35.041734661346,0.0,0.0
final_gamma1e4,hard_min_norm,,N3,17,52.20000054656478,52.20000054656478,0.0,0.0
final_gamma1e4,hard_min_norm,,N3,18,60.00000061169433,60.00000061169433,0.0,0.0
final_gamma1e4,hard_min_norm,,N3,19,60.0000006132459,60.0000006132459,0.0,0.0
final_gamma1e4,hard_min_norm,,N3,20,60.000000614211984,60.000000614211984,0.0,0.0
final_gamma1e4,hard_min_norm,,N3,21,60.000000614450116,60.000000614450116,0.0,0.0
final_gamma1e4,hard_min_norm,,N3,22,60.0000006140029,60.0000006140029,0.0,0.0
final_gamma1e4,hard_min_norm,,N3,23,60.000000613201465,60.000000613201465,0.0,0.0
final_gamma1e4,hard_min_norm,,N3,24,60.00000061237904,60.00000061237904,0.0,0.0
final_gamma1e4,hard_min_norm,,N4,1,60.00000061059473,60.00000061059473,0.0,0.0
final_gamma1e4,hard_min_norm,,N4,2,60.00000060970098,60.00000060970098,0.0,0.0
final_gamma1e4,hard_min_norm,,N4,3,60.00000060912782,60.00000060912782,0.0,0.0
final_gamma1e4,hard_min_norm,,N4,4,60.00000060891966,60.00000060891966,0.0,0.0
final_gamma1e4,hard_min_norm,,N4,5,60.00000060958658,60.00000060958658,0.0,0.0
final_gamma1e4,hard_min_norm,,N4,6,60.000000611070746,60.000000611070746,0.0,0.0
final_gamma1e4,hard_min_norm,,N4,7,60.00000061342939,60.00000061342939,0.0,0.0
final_gamma1e4,hard_min_norm,,N4,8,60.000000614978525,60.000000614978525,0.0,0.0
final_gamma1e4,hard_min_norm,,N4,9,60.000000614810894,60.000000614810894,0.0,0.0
final_gamma1e4,hard_min_norm,,N4,10,52.20000055429563,52.20000055429563,0.0,0.0
final_gamma1e4,hard_min_norm,,N4,11,60.00000059728462,60.00000059728462,0.0,0.0
final_gamma1e4,hard_min_norm,,N4,12,60.00000059036655,60.00000059036655,0.0,0.0
final_gamma1e4,hard_min_norm,,N4,13,60.00000059344816,60.00000059344816,0.0,0.0
final_gamma1e4,hard_min_norm,,N4,14,60.00000057504554,60.00000057504554,0.0,0.0
final_gamma1e4,hard_min_norm,,N4,15,60.000000578697694,60.000000578697694,0.0,0.0
final_gamma1e4,hard_min_norm,,N4,16,60.00000059507409,60.00000059507409,0.0,0.0
final_gamma1e4,hard_min_norm,,N4,17,52.20000054656484,52.20000054656484,0.0,0.0
final_gamma1e4,hard_min_norm,,N4,18,60.00000060944309,60.00000060944309,0.0,0.0
final_gamma1e4,hard_min_norm,,N4,19,60.00000061378138,60.00000061378138,0.0,0.0
final_gamma1e4,hard_min_norm,,N4,20,60.0000006158462,60.0000006158462,0.0,0.0
final_gamma1e4,hard_min_norm,,N4,21,60.00000061618131,60.00000061618131,0.0,0.0
final_gamma1e4,hard_min_norm,,N4,22,60.00000061509264,60.00000061509264,0.0,0.0
final_gamma1e4,hard_min_norm,,N4,23,60.00000061349892,60.00000061349892,0.0,0.0
final_gamma1e4,hard_min_norm,,N4,24,60.00000061214417,60.00000061214417,0.0,0.0
final_gamma1e4,hard_min_norm,,N5,1,60.00000064413896,60.00000064413896,0.0,0.0
final_gamma1e4,hard_min_norm,,N5,2,60.00000064172047,60.00000064172047,0.0,0.0
final_gamma1e4,hard_min_norm,,N5,3,60.000000640130814,60.000000640130814,0.0,0.0
final_gamma1e4,hard_min_norm,,N5,4,60.00000063941442,60.00000063941442,0.0,0.0
final_gamma1e4,hard_min_norm,,N5,5,60.00000064109782,60.00000064109782,0.0,0.0
final_gamma1e4,hard_min_norm,,N5,6,60.00000064563146,60.00000064563146,0.0,0.0
final_gamma1e4,hard_min_norm,,N5,7,60.00000065408906,60.00000065408906,0.0,0.0
final_gamma1e4,hard_min_norm,,N5,8,60.00000066072066,60.00000066072066,0.0,0.0
final_gamma1e4,hard_min_norm,,N5,9,60.00000066207775,60.00000066207775,0.0,0.0
final_gamma1e4,hard_min_norm,,N5,10,52.20000060003774,52.20000060003774,0.0,0.0
final_gamma1e4,hard_min_norm,,N5,11,57.304878665658066,57.304878665658066,0.0,0.0
final_gamma1e4,hard_min_norm,,N5,12,57.30487865919857,57.30487865919857,0.0,0.0
final_gamma1e4,hard_min_norm,,N5,13,57.30487865940126,57.30487865940126,0.0,0.0
final_gamma1e4,hard_min_norm,,N5,14,57.30487864624313,57.30487864624313,0.0,0.0
final_gamma1e4,hard_min_norm,,N5,15,57.30487864814576,57.30487864814576,0.0,0.0
final_gamma1e4,hard_min_norm,,N5,16,57.30487866021448,57.30487866021448,0.0,0.0
final_gamma1e4,hard_min_norm,,N5,17,52.200000591798705,52.200000591798705,0.0,0.0
final_gamma1e4,hard_min_norm,,N5,18,60.0000006572182,60.0000006572182,0.0,0.0
final_gamma1e4,hard_min_norm,,N5,19,60.00000066460597,60.00000066460597,0.0,0.0
final_gamma1e4,hard_min_norm,,N5,20,60.00000066616255,60.00000066616255,0.0,0.0
final_gamma1e4,hard_min_norm,,N5,21,60.00000066395643,60.00000066395643,0.0,0.0
final_gamma1e4,hard_min_norm,,N5,22,60.000000658293544,60.000000658293544,0.0,0.0
final_gamma1e4,hard_min_norm,,N5,23,60.0000006521256,60.0000006521256,0.0,0.0
final_gamma1e4,hard_min_norm,,N5,24,60.00000064772138,60.00000064772138,0.0,0.0
final_gamma1e4,hard_min_norm,,N6,1,60.000000614088265,60.000000614088265,0.0,0.0
final_gamma1e4,hard_min_norm,,N6,2,60.000000613489306,60.000000613489306,0.0,0.0
final_gamma1e4,hard_min_norm,,N6,3,60.000000613126176,60.000000613126176,0.0,0.0
final_gamma1e4,hard_min_norm,,N6,4,60.00000061304232,60.00000061304232,0.0,0.0
final_gamma1e4,hard_min_norm,,N6,5,60.000000613512675,60.000000613512675,0.0,0.0
final_gamma1e4,hard_min_norm,,N6,6,60.00000061435302,60.00000061435302,0.0,0.0
final_gamma1e4,hard_min_norm,,N6,7,60.00000061533132,60.00000061533132,0.0,0.0
final_gamma1e4,hard_min_norm,,N6,8,60.00000061551018,60.00000061551018,0.0,0.0
final_gamma1e4,hard_min_norm,,N6,9,60.000000614457406,60.000000614457406,0.0,0.0
final_gamma1e4,hard_min_norm,,N6,10,52.200000548286866,52.200000548286866,0.0,0.0
final_gamma1e4,hard_min_norm,,N6,11,41.33073212006645,41.33073212006645,0.0,0.0
final_gamma1e4,hard_min_norm,,N6,12,29.65149068235781,29.65149068235781,0.0,0.0
final_gamma1e4,hard_min_norm,,N6,13,29.651490674450105,29.651490674450105,0.0,0.0
final_gamma1e4,hard_min_norm,,N6,14,29.651490685410035,29.651490685410035,0.0,0.0
final_gamma1e4,hard_min_norm,,N6,15,29.651490689573844,29.651490689573844,0.0,0.0
final_gamma1e4,hard_min_norm,,N6,16,29.651490694924167,29.651490694924167,0.0,0.0
final_gamma1e4,hard_min_norm,,N6,17,52.20000054007397,52.20000054007397,0.0,0.0
final_gamma1e4,hard_min_norm,,N6,18,60.000000605930474,60.000000605930474,0.0,0.0
final_gamma1e4,hard_min_norm,,N6,19,60.000000611612556,60.000000611612556,0.0,0.0
final_gamma1e4,hard_min_norm,,N6,20,60.00000061499488,60.00000061499488,0.0,0.0
final_gamma1e4,hard_min_norm,,N6,21,60.00000061648447,60.00000061648447,0.0,0.0
final_gamma1e4,hard_min_norm,,N6,22,60.00000061662913,60.00000061662913,0.0,0.0
final_gamma1e4,hard_min_norm,,N6,23,60.00000061607678,60.00000061607678,0.0,0.0
final_gamma1e4,hard_min_norm,,N6,24,60.000000615343474,60.000000615343474,0.0,0.0
final_gamma1e4,hard_min_norm,,N7,1,60.00000061059471,60.00000061059471,0.0,0.0
final_gamma1e4,hard_min_norm,,N7,2,60.000000609700955,60.000000609700955,0.0,0.0
final_gamma1e4,hard_min_norm,,N7,3,60.00000060912779,60.00000060912779,0.0,0.0
final_gamma1e4,hard_min_norm,,N7,4,60.00000060891964,60.00000060891964,0.0,0.0
final_gamma1e4,hard_min_norm,,N7,5,60.00000060958655,60.00000060958655,0.0,0.0
final_gamma1e4,hard_min_norm,,N7,6,60.00000061107072,60.00000061107072,0.0,0.0
final_gamma1e4,hard_min_norm,,N7,7,60.00000061342937,60.00000061342937,0.0,0.0
final_gamma1e4,hard_min_norm,,N7,8,60.0000006149785,60.0000006149785,0.0,0.0
final_gamma1e4,hard_min_norm,,N7,9,60.00000061481085,60.00000061481085,0.0,0.0
final_gamma1e4,hard_min_norm,,N7,10,52.20000055429558,52.20000055429558,0.0,0.0
final_gamma1e4,hard_min_norm,,N7,11,52.20000052454766,52.20000052454766,0.0,0.0
final_gamma1e4,hard_min_norm,,N7,12,52.200000521898616,52.200000521898616,0.0,0.0
final_gamma1e4,hard_min_norm,,N7,13,52.200000519590105,52.200000519590105,0.0,0.0
final_gamma1e4,hard_min_norm,,N7,14,52.20000051783659,52.20000051783659,0.0,0.0
final_gamma1e4,hard_min_norm,,N7,15,52.20000051642541,52.20000051642541,0.0,0.0
final_gamma1e4,hard_min_norm,,N7,16,52.20000051739304,52.20000051739304,0.0,0.0
final_gamma1e4,hard_min_norm,,N7,17,52.200000546564794,52.200000546564794,0.0,0.0
final_gamma1e4,hard_min_norm,,N7,18,60.00000060944305,60.00000060944305,0.0,0.0
final_gamma1e4,hard_min_norm,,N7,19,60.00000061378137,60.00000061378137,0.0,0.0
final_gamma1e4,hard_min_norm,,N7,20,60.0000006158462,60.0000006158462,0.0,0.0
final_gamma1e4,hard_min_norm,,N7,21,60.000000616181296,60.000000616181296,0.0,0.0
final_gamma1e4,hard_min_norm,,N7,22,60.00000061509262,60.00000061509262,0.0,0.0
final_gamma1e4,hard_min_norm,,N7,23,60.0000006134989,60.0000006134989,0.0,0.0
final_gamma1e4,hard_min_norm,,N7,24,60.00000061214415,60.00000061214415,0.0,0.0
final_gamma1e4,hard_min_norm,,N8,1,60.00000061433206,60.00000061433206,0.0,0.0
final_gamma1e4,hard_min_norm,,N8,2,60.000000613715464,60.000000613715464,0.0,0.0
final_gamma1e4,hard_min_norm,,N8,3,60.00000061330941,60.00000061330941,0.0,0.0
final_gamma1e4,hard_min_norm,,N8,4,60.000000613151535,60.000000613151535,0.0,0.0
final_gamma1e4,hard_min_norm,,N8,5,60.00000061349897,60.00000061349897,0.0,0.0
final_gamma1e4,hard_min_norm,,N8,6,60.000000614142195,60.000000614142195,0.0,0.0
final_gamma1e4,hard_min_norm,,N8,7,60.00000061472337,60.00000061472337,0.0,0.0
final_gamma1e4,hard_min_norm,,N8,8,60.00000061412707,60.00000061412707,0.0,0.0
final_gamma1e4,hard_min_norm,,N8,9,60.00000061191696,60.00000061191696,0.0,0.0
final_gamma1e4,hard_min_norm,,N8,10,52.200000539860554,52.200000539860554,0.0,0.0
final_gamma1e4,hard_min_norm,,N8,11,49.91707365139942,49.91707365139942,0.0,0.0
final_gamma1e4,hard_min_norm,,N8,12,38.23783220285403,38.23783220285403,0.0,0.0
final_gamma1e4,hard_min_norm,,N8,13,38.23783220214491,38.23783220214491,0.0,0.0
final_gamma1e4,hard_min_norm,,N8,14,38.237832196000554,38.237832196000554,0.0,0.0
final_gamma1e4,hard_min_norm,,N8,15,38.237832207353534,38.237832207353534,0.0,0.0
final_gamma1e4,hard_min_norm,,N8,16,38.23783222992621,38.23783222992621,0.0,0.0
final_gamma1e4,hard_min_norm,,N8,17,52.2000005312708,52.2000005312708,0.0,0.0
final_gamma1e4,hard_min_norm,,N8,18,60.00000060345612,60.00000060345612,0.0,0.0
final_gamma1e4,hard_min_norm,,N8,19,60.00000061043265,60.00000061043265,0.0,0.0
final_gamma1e4,hard_min_norm,,N8,20,60.00000061456914,60.00000061456914,0.0,0.0
final_gamma1e4,hard_min_norm,,N8,21,60.000000616406794,60.000000616406794,0.0,0.0
final_gamma1e4,hard_min_norm,,N8,22,60.0000006167244,60.0000006167244,0.0,0.0
final_gamma1e4,hard_min_norm,,N8,23,60.00000061626124,60.00000061626124,0.0,0.0
final_gamma1e4,hard_min_norm,,N8,24,60.000000615568304,60.000000615568304,0.0,0.0
final_gamma1e4,hard_min_norm,,N9,1,60.00000061100689,60.00000061100689,0.0,0.0
final_gamma1e4,hard_min_norm,,N9,2,60.00000061047005,60.00000061047005,0.0,0.0
final_gamma1e4,hard_min_norm,,N9,3,60.000000610172314,60.000000610172314,0.0,0.0
final_gamma1e4,hard_min_norm,,N9,4,60.00000061014209,60.00000061014209,0.0,0.0
final_gamma1e4,hard_min_norm,,N9,5,60.00000061067024,60.00000061067024,0.0,0.0
final_gamma1e4,hard_min_norm,,N9,6,60.00000061156497,60.00000061156497,0.0,0.0
final_gamma1e4,hard_min_norm,,N9,7,60.00000061274597,60.00000061274597,0.0,0.0
final_gamma1e4,hard_min_norm,,N9,8,60.00000061360319,60.00000061360319,0.0,0.0
final_gamma1e4,hard_min_norm,,N9,9,60.00000061379941,60.00000061379941,0.0,0.0
final_gamma1e4,hard_min_norm,,N9,10,52.20000055429555,52.20000055429555,0.0,0.0
final_gamma1e4,hard_min_norm,,N9,11,46.72097608321039,46.72097608321039,0.0,0.0
final_gamma1e4,hard_min_norm,,N9,12,35.04173464258523,35.04173464258523,0.0,0.0
final_gamma1e4,hard_min_norm,,N9,13,35.041734640926286,35.041734640926286,0.0,0.0
final_gamma1e4,hard_min_norm,,N9,14,35.04173464128196,35.04173464128196,0.0,0.0
final_gamma1e4,hard_min_norm,,N9,15,35.041734648636506,35.041734648636506,0.0,0.0
final_gamma1e4,hard_min_norm,,N9,16,35.041734661451144,35.041734661451144,0.0,0.0
final_gamma1e4,hard_min_norm,,N9,17,52.20000054656478,52.20000054656478,0.0,0.0
final_gamma1e4,hard_min_norm,,N9,18,60.00000060918349,60.00000060918349,0.0,0.0
final_gamma1e4,hard_min_norm,,N9,19,60.00000061168328,60.00000061168328,0.0,0.0
final_gamma1e4,hard_min_norm,,N9,20,60.00000061323542,60.00000061323542,0.0,0.0
final_gamma1e4,hard_min_norm,,N9,21,60.00000061383793,60.00000061383793,0.0,0.0
final_gamma1e4,hard_min_norm,,N9,22,60.00000061361668,60.00000061361668,0.0,0.0
final_gamma1e4,hard_min_norm,,N9,23,60.000000612954686,60.000000612954686,0.0,0.0
final_gamma1e4,hard_min_norm,,N9,24,60.00000061221574,60.00000061221574,0.0,0.0
final_gamma1e4,gamma_1e-04,0.0001,N1,1,59.999999999713,60.00000059602806,-5.96315061329733e-07,-0.0059999999999713
final_gamma1e4,gamma_1e-04,0.0001,N1,2,59.99999999889006,60.00000059540318,-5.965131180118988e-07,-0.0059999999998890064
final_gamma1e4,gamma_1e-04,0.0001,N1,3,59.99999999336908,60.000000594938,-6.015689208993535e-07,-0.005999999999336908
final_gamma1e4,gamma_1e-04,0.0001,N1,4,59.999999855471174,60.0000005947238,-7.392526271132738e-07,-0.005999999985547118
final_gamma1e4,gamma_1e-04,0.0001,N1,5,59.999999996772935,60.00000059516778,-5.983948483390122e-07,-0.005999999999677294
final_gamma1e4,gamma_1e-04,0.0001,N1,6,59.99999999977765,60.00000059626607,-5.964884195464037e-07,-0.005999999999977765
final_gamma1e4,gamma_1e-04,0.0001,N1,7,59.99999999997925,60.000000598038376,-5.98059124001793e-07,-0.005999999999997925
final_gamma1e4,gamma_1e-04,0.0001,N1,8,59.99999999999721,60.00000059940591,-5.994087004523863e-07,-0.005999999999999721
final_gamma1e4,gamma_1e-04,0.0001,N1,9,59.999999999533294,60.00000059991497,-6.00381675042172e-07,-0.00599999999995333
final_gamma1e4,gamma_1e-04,0.0001,N1,10,52.20000000030932,52.200000550144956,-5.498356330235765e-07,-0.0052200000000309325
final_gamma1e4,gamma_1e-04,0.0001,N1,11,59.9999999995988,60.00000059186339,-5.922645911482505e-07,-0.00599999999995988
final_gamma1e4,gamma_1e-04,0.0001,N1,12,52.21991325238717,60.00000058684511,-7.780087334457939,-0.0052219913252387175
final_gamma1e4,gamma_1e-04,0.0001,N1,13,52.26251144983176,60.00000058978897,-7.737489139957205,-0.005226251144983177
final_gamma1e4,gamma_1e-04,0.0001,N1,14,52.15643778419073,60.00000057101784,-7.843562786827114,-0.005215643778419073
final_gamma1e4,gamma_1e-04,0.0001,N1,15,52.21991324617998,60.00000057396442,-7.780087327784443,-0.005221991324617998
final_gamma1e4,gamma_1e-04,0.0001,N1,16,59.999999991101724,60.00000058980814,-5.987064142232157e-07,-0.005999999999110173
final_gamma1e4,gamma_1e-04,0.0001,N1,17,52.20000000018232,52.20000054039812,-5.402158009815139e-07,-0.005220000000018233
final_gamma1e4,gamma_1e-04,0.0001,N1,18,59.99999999930884,60.00000059628223,-5.969733862798421e-07,-0.005999999999930884
final_gamma1e4,gamma_1e-04,0.0001,N1,19,60.00000000011147,60.000000598214385,-5.981029147505978e-07,-0.0060000000000111475
final_gamma1e4,gamma_1e-04,0.0001,N1,20,60.00000000046622,60.000000599009674,-5.985434512467691e-07,-0.0060000000000466226
final_gamma1e4,gamma_1e-04,0.0001,N1,21,60.00000000020395,60.000000599058595,-5.9885464764875e-07,-0.006000000000020395
final_gamma1e4,gamma_1e-04,0.0001,N1,22,60.00000000003633,60.000000598395644,-5.983593140967969e-07,-0.0060000000000036335
final_gamma1e4,gamma_1e-04,0.0001,N1,23,59.99999999996021,60.00000059748019,-5.975199783847529e-07,-0.0059999999999960215
final_gamma1e4,gamma_1e-04,0.0001,N1,24,59.99999999987248,60.0000005967435,-5.968710183879011e-07,-0.005999999999987248
final_gamma1e4,gamma_1e-04,0.0001,N2,1,59.99999999960036,60.00000058348825,-5.838878891495369e-07,-0.005999999999960036
final_gamma1e4,gamma_1e-04,0.0001,N2,2,59.99999999877227,60.00000058259449,-5.83822220789898e-07,-0.005999999999877227
final_gamma1e4,gamma_1e-04,0.0001,N2,3,59.99999999325092,60.00000058202133,-5.887704119800219e-07,-0.005999999999325092
final_gamma1e4,gamma_1e-04,0.0001,N2,4,59.999999855353735,60.000000581813175,-7.26459440159033e-07,-0.005999999985535374
final_gamma1e4,gamma_1e-04,0.0001,N2,5,59.99999999665502,60.000000582480084,-5.858250631263218e-07,-0.005999999999665502
final_gamma1e4,gamma_1e-04,0.0001,N2,6,59.99999999966699,60.00000058396425,-5.842972612413178e-07,-0.0059999999999666995
final_gamma1e4,gamma_1e-04,0.0001,N2,7,59.999999999891585,60.000000586322905,-5.864313195047544e-07,-0.005999999999989159
final_gamma1e4,gamma_1e-04,0.0001,N2,8,59.99999999990423,60.00000058787203,-5.87967797116562e-07,-0.005999999999990424
final_gamma1e4,gamma_1e-04,0.0001,N2,9,59.99999999932905,60.000000587704385,-5.883753360080846e-07,-0.005999999999932905
final_gamma1e4,gamma_1e-04,0.0001,N2,10,52.2000000000989,52.2000005331478,-5.330488974664149e-07,-0.00522000000000989
final_gamma1e4,gamma_1e-04,0.0001,N2,11,52.199999999908414,52.20000051827382,-5.1836540393424e-07,-0.005219999999990841
final_gamma1e4,gamma_1e-04,0.0001,N2,12,52.199999999877846,52.20000051694929,-5.170714416635747e-07,-0.005219999999987785
final_gamma1e4,gamma_1e-04,0.0001,N2,13,52.19999999982445,52.200000515795026,-5.159705764867795e-07,-0.005219999999982445
final_gamma1e4,gamma_1e-04,0.0001,N2,14,52.199999999751824,52.200000514918266,-5.15166441061865e-07,-0.005219999999975183
final_gamma1e4,gamma_1e-04,0.0001,N2,15,52.199999999659624,52.20000051421266,-5.145530366235107e-07,-0.005219999999965963
final_gamma1e4,gamma_1e-04,0.0001,N2,16,52.199999999692835,52.20000051469648,-5.150036415102477e-07,-0.005219999999969284
final_gamma1e4,gamma_1e-04,0.0001,N2,17,52.200000000036034,52.2000005292824,-5.292463640671485e-07,-0.005220000000003604
final_gamma1e4,gamma_1e-04,0.0001,N2,18,59.99999999912079,60.00000058233659,-5.832158009866362e-07,-0.005999999999912079
final_gamma1e4,gamma_1e-04,0.0001,N2,19,60.00000000008378,60.0000005866749,-5.865911205660268e-07,-0.006000000000008378
final_gamma1e4,gamma_1e-04,0.0001,N2,20,60.00000000050227,60.00000058873973,-5.882374622956377e-07,-0.006000000000050227
final_gamma1e4,gamma_1e-04,0.0001,N2,21,60.00000000020814,60.00000058907483,-5.888666905207174e-07,-0.006000000000020814
final_gamma1e4,gamma_1e-04,0.0001,N2,22,59.99999999998276,60.00000058798616,-5.880033953076236e-07,-0.005999999999998277
final_gamma1e4,gamma_1e-04,0.0001,N2,23,59.999999999873275,60.00000058639243,-5.86519156797749e-07,-0.005999999999987328
final_gamma1e4,gamma_1e-04,0.0001,N2,24,59.99999999976922,60.00000058503768,-5.852684594742641e-07,-0.005999999999976922
final_gamma1e4,gamma_1e-04,0.0001,N3,1,59.999999999714596,60.00000061108061,-6.113660120377062e-07,-0.00599999999997146
final_gamma1e4,gamma_1e-04,0.0001,N3,2,59.99999999888849,60.00000061051385,-6.116253601362587e-07,-0.0059999999998888495
final_gamma1e4,gamma_1e-04,0.0001,N3,3,59.99999999337047,60.000000610196615,-6.168261421635179e-07,-0.005999999999337048
final_gamma1e4,gamma_1e-04,0.0001,N3,4,59.9999998554757,60.00000061015027,-7.546745734998694e-07,-0.00599999998554757
final_gamma1e4,gamma_1e-04,0.0001,N3,5,59.99999999677292,60.000000610678406,-6.139054846698855e-07,-0.005999999999677292
final_gamma1e4,gamma_1e-04,0.0001,N3,6,59.99999999977896,60.00000061157317,-6.117942135119847e-07,-0.005999999999977896
final_gamma1e4,gamma_1e-04,0.0001,N3,7,59.99999999999538,60.00000061275471,-6.127593294991129e-07,-0.005999999999999539
final_gamma1e4,gamma_1e-04,0.0001,N3,8,59.99999999999454,60.00000061361061,-6.136160664027557e-07,-0.0059999999999994546
final_gamma1e4,gamma_1e-04,0.0001,N3,9,59.999999999388585,60.00000061380511,-6.144165283217262e-07,-0.005999999999938859
final_gamma1e4,gamma_1e-04,0.0001,N3,10,52.200000000063696,52.20000055429555,-5.542318533002799e-07,-0.00522000000000637
final_gamma1e4,gamma_1e-04,0.0001,N3,11,46.72097560957528,46.72097608321039,-4.736351115752768e-07,-0.004672097560957528
final_gamma1e4,gamma_1e-04,0.0001,N3,12,19.3222370848765,35.04173464259981,-15.719497557723312,-0.0019322237084876501
final_gamma1e4,gamma_1e-04,0.0001,N3,13,19.304782209591778,35.041734638675806,-15.736952429084027,-0.001930478220959178
final_gamma1e4,gamma_1e-04,0.0001,N3,14,19.278371833614894,35.04173463884805,-15.763362805233154,-0.0019278371833614894
final_gamma1e4,gamma_1e-04,0.0001,N3,15,19.322237083339818,35.04173464582469,-15.719497562484872,-0.0019322237083339818
final_gamma1e4,gamma_1e-04,0.0001,N3,16,24.698719807069256,35.041734661346,-10.343014854276742,-0.0024698719807069256
final_gamma1e4,gamma_1e-04,0.0001,N3,17,52.19999999998534,52.20000054656478,-5.465794430392634e-07,-0.005219999999998534
final_gamma1e4,gamma_1e-04,0.0001,N3,18,59.99999999918621,60.00000061169433,-6.125081242203123e-07,-0.005999999999918621
final_gamma1e4,gamma_1e-04,0.0001,N3,19,60.0000000001675,60.0000006132459,-6.13078398714606e-07,-0.006000000000016751
final_gamma1e4,gamma_1e-04,0.0001,N3,20,60.000000000589516,60.000000614211984,-6.136224683928049e-07,-0.006000000000058952
final_gamma1e4,gamma_1e-04,0.0001,N3,21,60.00000000030458,60.000000614450116,-6.141455344277347e-07,-0.006000000000030458
final_gamma1e4,gamma_1e-04,0.0001,N3,22,60.00000000008793,60.0000006140029,-6.139149704154079e-07,-0.0060000000000087934
final_gamma1e4,gamma_1e-04,0.0001,N3,23,59.99999999998345,60.000000613201465,-6.132180132567555e-07,-0.005999999999998345
final_gamma1e4,gamma_1e-04,0.0001,N3,24,59.999999999881915,60.00000061237904,-6.124971250187627e-07,-0.005999999999988192
final_gamma1e4,gamma_1e-04,0.0001,N4,1,59.999999999728324,60.00000061059473,-6.108664081239112e-07,-0.005999999999972833
final_gamma1e4,gamma_1e-04,0.0001,N4,2,59.999999998903064,60.00000060970098,-6.107979189096113e-07,-0.005999999999890307
final_gamma1e4,gamma_1e-04,0.0001,N4,3,59.999999993381714,60.00000060912782,-6.157461029943079e-07,-0.005999999999338172
final_gamma1e4,gamma_1e-04,0.0001,N4,4,59.99999985548399,60.00000060891966,-7.534356711857981e-07,-0.0059999999855484
final_gamma1e4,gamma_1e-04,0.0001,N4,5,59.999999996785775,60.00000060958658,-6.128008038785993e-07,-0.0059999999996785775
final_gamma1e4,gamma_1e-04,0.0001,N4,6,59.99999999979399,60.000000611070746,-6.112767536592401e-07,-0.005999999999979399
final_gamma1e4,gamma_1e-04,0.0001,N4,7,60.00000000000688,60.00000061342939,-6.134225145615346e-07,-0.006000000000000688
final_gamma1e4,gamma_1e-04,0.0001,N4,8,60.00000000002528,60.000000614978525,-6.1495324388261e-07,-0.0060000000000025285
final_gamma1e4,gamma_1e-04,0.0001,N4,9,59.99999999954189,60.000000614810894,-6.152690019689544e-07,-0.0059999999999541895
final_gamma1e4,gamma_1e-04,0.0001,N4,10,52.2000000003146,52.20000055429563,-5.539810246091292e-07,-0.005220000000031461
final_gamma1e4,gamma_1e-04,0.0001,N4,11,59.999999999605784,60.00000059728462,-5.976788344241868e-07,-0.0059999999999605785
final_gamma1e4,gamma_1e-04,0.0001,N4,12,52.219913252391386,60.00000059036655,-7.780087337975161,-0.005221991325239139
final_gamma1e4,gamma_1e-04,0.0001,N4,13,52.262511449836275,60.00000059344816,-7.737489143611889,-0.005226251144983628
final_gamma1e4,gamma_1e-04,0.0001,N4,14,52.15643778419586,60.00000057504554,-7.843562790849681,-0.0052156437784195864
final_gamma1e4,gamma_1e-04,0.0001,N4,15,52.219913246186046,60.000000578697694,-7.780087332511648,-0.005221991324618605
final_gamma1e4,gamma_1e-04,0.0001,N4,16,59.999999991108865,60.00000059507409,-6.039652262757045e-07,-0.005999999999110887
final_gamma1e4,gamma_1e-04,0.0001,N4,17,52.200000000190315,52.20000054656484,-5.463745225142702e-07,-0.0052200000000190315
final_gamma1e4,gamma_1e-04,0.0001,N4,18,59.99999999931942,60.00000060944309,-6.101236706967939e-07,-0.005999999999931943
final_gamma1e4,gamma_1e-04,0.0001,N4,19,60.000000000170175,60.00000061378138,-6.136112062904431e-07,-0.006000000000017018
final_gamma1e4,gamma_1e-04,0.0001,N4,20,60.00000000056531,60.0000006158462,-6.152808893489237e-07,-0.006000000000056531
final_gamma1e4,gamma_1e-04,0.0001,N4,21,60.000000000284146,60.00000061618131,-6.158971643799305e-07,-0.006000000000028415
final_gamma1e4,gamma_1e-04,0.0001,N4,22,60.00000000008144,60.00000061509264,-6.150111957481386e-07,-0.006000000000008145
final_gamma1e4,gamma_1e-04,0.0001,N4,23,59.99999999998752,60.00000061349892,-6.135113963523509e-07,-0.005999999999998753
final_gamma1e4,gamma_1e-04,0.0001,N4,24,59.999999999892,60.00000061214417,-6.122521725160368e-07,-0.0059999999999892
final_gamma1e4,gamma_1e-04,0.0001,N5,1,59.99999999973654,60.00000064413896,-6.444024194252052e-07,-0.005999999999973654
final_gamma1e4,gamma_1e-04,0.0001,N5,2,59.99999999890845,60.00000064172047,-6.428120187251807e-07,-0.005999999999890845
final_gamma1e4,gamma_1e-04,0.0001,N5,3,59.99999999338595,60.000000640130814,-6.467448656621855e-07,-0.005999999999338595
final_gamma1e4,gamma_1e-04,0.0001,N5,4,59.99999985548784,60.00000063941442,-7.839265734332912e-07,-0.005999999985548785
final_gamma1e4,gamma_1e-04,0.0001,N5,5,59.999999996790585,60.00000064109782,-6.443072351203227e-07,-0.005999999999679059
final_gamma1e4,gamma_1e-04,0.0001,N5,6,59.99999999980385,60.00000064563146,-6.45827611833738e-07,-0.005999999999980385
final_gamma1e4,gamma_1e-04,0.0001,N5,7,60.000000000030546,60.00000065408906,-6.540585104630736e-07,-0.006000000000003055
final_gamma1e4,gamma_1e-04,0.0001,N5,8,60.00000000005724,60.00000066072066,-6.606634173067505e-07,-0.006000000000005725
final_gamma1e4,gamma_1e-04,0.0001,N5,9,59.999999999549914,60.00000066207775,-6.625278388128208e-07,-0.005999999999954992
final_gamma1e4,gamma_1e-04,0.0001,N5,10,52.20000000030305,52.20000060003774,-5.997346903541256e-07,-0.005220000000030305
final_gamma1e4,gamma_1e-04,0.0001,N5,11,57.3048780485384,57.304878665658066,-6.171196673676604e-07,-0.00573048780485384
final_gamma1e4,gamma_1e-04,0.0001,N5,12,52.21303265705471,57.30487865919857,-5.0918460021438605,-0.005221303265705472
final_gamma1e4,gamma_1e-04,0.0001,N5,13,52.24091196511773,57.30487865940126,-5.063966694283529,-0.005224091196511773
final_gamma1e4,gamma_1e-04,0.0001,N5,14,52.17148976928639,57.30487864624313,-5.133388876956744,-0.005217148976928639
final_gamma1e4,gamma_1e-04,0.0001,N5,15,52.21303265291517,57.30487864814576,-5.091845995230592,-0.005221303265291517
final_gamma1e4,gamma_1e-04,0.0001,N5,16,57.30487804289897,57.30487866021448,-6.173155071564906e-07,-0.005730487804289897
final_gamma1e4,gamma_1e-04,0.0001,N5,17,52.20000000019205,52.200000591798705,-5.91606656996646e-07,-0.005220000000019205
final_gamma1e4,gamma_1e-04,0.0001,N5,18,59.99999999933258,60.0000006572182,-6.5788562153557e-07,-0.005999999999933258
final_gamma1e4,gamma_1e-04,0.0001,N5,19,60.000000000237215,60.00000066460597,-6.643687555651923e-07,-0.006000000000023722
final_gamma1e4,gamma_1e-04,0.0001,N5,20,60.00000000064823,60.00000066616255,-6.655143209854941e-07,-0.006000000000064823
final_gamma1e4,gamma_1e-04,0.0001,N5,21,60.000000000347505,60.00000066395643,-6.636089224798525e-07,-0.006000000000034751
final_gamma1e4,gamma_1e-04,0.0001,N5,22,60.00000000011811,60.000000658293544,-6.581754306012044e-07,-0.006000000000011812
final_gamma1e4,gamma_1e-04,0.0001,N5,23,60.00000000000819,60.0000006521256,-6.5211740718496e-07,-0.00600000000000082
final_gamma1e4,gamma_1e-04,0.0001,N5,24,59.99999999990475,60.00000064772138,-6.478166270085239e-07,-0.005999999999990476
final_gamma1e4,gamma_1e-04,0.0001,N6,1,59.99999999972456,60.000000614088265,-6.143637065747498e-07,-0.005999999999972456
final_gamma1e4,gamma_1e-04,0.0001,N6,2,59.999999998898836,60.000000613489306,-6.145904691834403e-07,-0.005999999999889884
final_gamma1e4,gamma_1e-04,0.0001,N6,3,59.999999993380136,60.000000613126176,-6.197460393764231e-07,-0.005999999999338014
final_gamma1e4,gamma_1e-04,0.0001,N6,4,59.999999855484695,60.00000061304232,-7.575576219664981e-07,-0.00599999998554847
final_gamma1e4,gamma_1e-04,0.0001,N6,5,59.999999996782904,60.000000613512675,-6.167297712522668e-07,-0.0059999999996782905
final_gamma1e4,gamma_1e-04,0.0001,N6,6,59.99999999978909,60.00000061435302,-6.145639304122597e-07,-0.005999999999978909
final_gamma1e4,gamma_1e-04,0.0001,N6,7,60.0000000000035,60.00000061533132,-6.153278135911933e-07,-0.0060000000000003505
final_gamma1e4,gamma_1e-04,0.0001,N6,8,60.00000000000621,60.00000061551018,-6.155039713462429e-07,-0.006000000000000621
final_gamma1e4,gamma_1e-04,0.0001,N6,9,59.999999999407166,60.000000614457406,-6.150502400714686e-07,-0.005999999999940717
final_gamma1e4,gamma_1e-04,0.0001,N6,10,52.200000000043936,52.200000548286866,-5.482429301650882e-07,-0.005220000000004394
final_gamma1e4,gamma_1e-04,0.0001,N6,11,41.33073170739679,41.33073212006645,-4.126696637740679e-07,-0.004133073170739679
final_gamma1e4,gamma_1e-04,0.0001,N6,12,19.30847589418993,29.65149068235781,-10.343014788167881,-0.0019308475894189929
final_gamma1e4,gamma_1e-04,0.0001,N6,13,19.26158324012423,29.651490674450105,-10.389907434325874,-0.001926158324012423
final_gamma1e4,gamma_1e-04,0.0001,N6,14,19.308475803755837,29.651490685410035,-10.343014881654199,-0.0019308475803755838
final_gamma1e4,gamma_1e-04,0.0001,N6,15,19.30847589675042,29.651490689573844,-10.343014792823425,-0.0019308475896750422
final_gamma1e4,gamma_1e-04,0.0001,N6,16,19.308475910600738,29.651490694924167,-10.34301478432343,-0.001930847591060074
final_gamma1e4,gamma_1e-04,0.0001,N6,17,52.19999999997133,52.20000054007397,-5.401026399454167e-07,-0.005219999999997133
final_gamma1e4,gamma_1e-04,0.0001,N6,18,59.99999999920662,60.000000605930474,-6.067238516038742e-07,-0.0059999999999206625
final_gamma1e4,gamma_1e-04,0.0001,N6,19,60.00000000016792,60.000000611612556,-6.114446335914181e-07,-0.006000000000016792
final_gamma1e4,gamma_1e-04,0.0001,N6,20,60.00000000058094,60.00000061499488,-6.14413941946168e-07,-0.006000000000058094
final_gamma1e4,gamma_1e-04,0.0001,N6,21,60.00000000029982,60.00000061648447,-6.16184649970819e-07,-0.006000000000029982
final_gamma1e4,gamma_1e-04,0.0001,N6,22,60.00000000009013,60.00000061662913,-6.165389976331426e-07,-0.006000000000009014
final_gamma1e4,gamma_1e-04,0.0001,N6,23,59.99999999998999,60.00000061607678,-6.160867940252501e-07,-0.005999999999998999
final_gamma1e4,gamma_1e-04,0.0001,N6,24,59.999999999890626,60.000000615343474,-6.15452847796405e-07,-0.005999999999989063
final_gamma1e4,gamma_1e-04,0.0001,N7,1,59.999999999678295,60.00000061059471,-6.10916416121654e-07,-0.00599999999996783
final_gamma1e4,gamma_1e-04,0.0001,N7,2,59.9999999988502,60.000000609700955,-6.108507548674424e-07,-0.00599999999988502
final_gamma1e4,gamma_1e-04,0.0001,N7,3,59.99999999332885,60.00000060912779,-6.15798938952139e-07,-0.005999999999332885
final_gamma1e4,gamma_1e-04,0.0001,N7,4,59.99999985543167,60.00000060891964,-7.534879742365774e-07,-0.005999999985543167
final_gamma1e4,gamma_1e-04,0.0001,N7,5,59.99999999673294,60.00000060958655,-6.128536114147209e-07,-0.0059999999996732944
final_gamma1e4,gamma_1e-04,0.0001,N7,6,59.99999999974492,60.00000061107072,-6.113257953188622e-07,-0.005999999999974493
final_gamma1e4,gamma_1e-04,0.0001,N7,7,59.99999999996952,60.00000061342937,-6.134598535822988e-07,-0.005999999999996952
final_gamma1e4,gamma_1e-04,0.0001,N7,8,59.999999999982165,60.0000006149785,-6.149963311941065e-07,-0.005999999999998217
final_gamma1e4,gamma_1e-04,0.0001,N7,9,59.99999999940698,60.00000061481085,-6.15403870085629e-07,-0.005999999999940699
final_gamma1e4,gamma_1e-04,0.0001,N7,10,52.200000000139326,52.20000055429558,-5.54156251553195e-07,-0.005220000000013933
final_gamma1e4,gamma_1e-04,0.0001,N7,11,52.199999999916535,52.20000052454766,-5.246311260975745e-07,-0.005219999999991654
final_gamma1e4,gamma_1e-04,0.0001,N7,12,52.199999999884454,52.200000521898616,-5.220141616746332e-07,-0.005219999999988446
final_gamma1e4,gamma_1e-04,0.0001,N7,13,52.1999999998294,52.200000519590105,-5.197607038098795e-07,-0.0052199999999829405
final_gamma1e4,gamma_1e-04,0.0001,N7,14,52.19999999975551,52.20000051783659,-5.180810802585256e-07,-0.0052199999999755515
final_gamma1e4,gamma_1e-04,0.0001,N7,15,52.1999999996624,52.20000051642541,-5.167630092728359e-07,-0.00521999999996624
final_gamma1e4,gamma_1e-04,0.0001,N7,16,52.19999999969589,52.20000051739304,-5.176971527021124e-07,-0.005219999999969589
final_gamma1e4,gamma_1e-04,0.0001,N7,17,52.20000000006421,52.200000546564794,-5.465005870064488e-07,-0.005220000000006421
final_gamma1e4,gamma_1e-04,0.0001,N7,18,59.99999999919872,60.00000060944305,-6.102443279587533e-07,-0.005999999999919872
final_gamma1e4,gamma_1e-04,0.0001,N7,19,60.00000000016171,60.00000061378137,-6.136196546435713e-07,-0.006000000000016171
final_gamma1e4,gamma_1e-04,0.0001,N7,20,60.000000000580194,60.0000006158462,-6.152660034786095e-07,-0.00600000000005802
final_gamma1e4,gamma_1e-04,0.0001,N7,21,60.000000000286065,60.000000616181296,-6.158952317036892e-07,-0.006000000000028607
final_gamma1e4,gamma_1e-04,0.0001,N7,22,60.000000000060695,60.00000061509262,-6.150319222797407e-07,-0.00600000000000607
final_gamma1e4,gamma_1e-04,0.0001,N7,23,59.99999999995121,60.0000006134989,-6.135476908752935e-07,-0.005999999999995121
final_gamma1e4,gamma_1e-04,0.0001,N7,24,59.99999999984714,60.00000061214415,-6.122970077626633e-07,-0.005999999999984715
final_gamma1e4,gamma_1e-04,0.0001,N8,1,59.99999999970669,60.00000061433206,-6.146253710426208e-07,-0.005999999999970669
final_gamma1e4,gamma_1e-04,0.0001,N8,2,59.99999999887988,60.000000613715464,-6.148355851109955e-07,-0.005999999999887988
final_gamma1e4,gamma_1e-04,0.0001,N8,3,59.999999993361435,60.00000061330941,-6.199479756219262e-07,-0.005999999999336144
final_gamma1e4,gamma_1e-04,0.0001,N8,4,59.999999855466456,60.000000613151535,-7.576850791224388e-07,-0.005999999985546646
final_gamma1e4,gamma_1e-04,0.0001,N8,5,59.999999996764096,60.00000061349897,-6.167348729491096e-07,-0.00599999999967641
final_gamma1e4,gamma_1e-04,0.0001,N8,6,59.99999999977155,60.000000614142195,-6.143706414718508e-07,-0.0059999999999771556
final_gamma1e4,gamma_1e-04,0.0001,N8,7,59.9999999999901,60.00000061472337,-6.14733266957046e-07,-0.0059999999999990105
final_gamma1e4,gamma_1e-04,0.0001,N8,8,59.99999999998777,60.00000061412707,-6.141392958625147e-07,-0.005999999999998777
final_gamma1e4,gamma_1e-04,0.0001,N8,9,59.999999999379504,60.00000061191696,-6.125374554244445e-07,-0.005999999999937951
final_gamma1e4,gamma_1e-04,0.0001,N8,10,52.20000000006988,52.200000539860554,-5.397906761572813e-07,-0.005220000000006988
final_gamma1e4,gamma_1e-04,0.0001,N8,11,49.91707317039167,49.91707365139942,-4.810077527395151e-07,-0.004991707317039167
final_gamma1e4,gamma_1e-04,0.0001,N8,12,19.330396661457318,38.23783220285403,-18.907435541396712,-0.0019330396661457318
final_gamma1e4,gamma_1e-04,0.0001,N8,13,19.330396657343336,38.23783220214491,-18.907435544801572,-0.0019330396657343337
final_gamma1e4,gamma_1e-04,0.0001,N8,14,19.26052195011862,38.237832196000554,-18.977310245881934,-0.001926052195011862
final_gamma1e4,gamma_1e-04,0.0001,N8,15,19.33039665748918,38.237832207353534,-18.907435549864353,-0.0019330396657489183
final_gamma1e4,gamma_1e-04,0.0001,N8,16,27.894817364500245,38.23783222992621,-10.343014865425967,-0.0027894817364500246
final_gamma1e4,gamma_1e-04,0.0001,N8,17,52.199999999988364,52.2000005312708,-5.312824384873238e-07,-0.005219999999998837
final_gamma1e4,gamma_1e-04,0.0001,N8,18,59.999999999174825,60.00000060345612,-6.042812970008526e-07,-0.005999999999917483
final_gamma1e4,gamma_1e-04,0.0001,N8,19,60.000000000167795,60.00000061043265,-6.102648555383894e-07,-0.00600000000001678
final_gamma1e4,gamma_1e-04,0.0001,N8,20,60.00000000059567,60.00000061456914,-6.13973469398843e-07,-0.006000000000059567
final_gamma1e4,gamma_1e-04,0.0001,N8,21,60.00000000030757,60.000000616406794,-6.160992214176986e-07,-0.006000000000030758
final_gamma1e4,gamma_1e-04,0.0001,N8,22,60.000000000085926,60.0000006167244,-6.16638473616149e-07,-0.006000000000008593
final_gamma1e4,gamma_1e-04,0.0001,N8,23,59.99999999997824,60.00000061626124,-6.162829961908756e-07,-0.005999999999997825
final_gamma1e4,gamma_1e-04,0.0001,N8,24,59.99999999987503,60.000000615568304,-6.156932741419041e-07,-0.005999999999987503
final_gamma1e4,gamma_1e-04,0.0001,N9,1,59.99999999971464,60.00000061100689,-6.11292250596307e-07,-0.005999999999971464
final_gamma1e4,gamma_1e-04,0.0001,N9,2,59.99999999888853,60.00000061047005,-6.115815196494623e-07,-0.005999999999888854
final_gamma1e4,gamma_1e-04,0.0001,N9,3,59.99999999337051,60.000000610172314,-6.168018060748182e-07,-0.005999999999337051
final_gamma1e4,gamma_1e-04,0.0001,N9,4,59.99999985547572,60.00000061014209,-7.546663667312714e-07,-0.005999999985547572
final_gamma1e4,gamma_1e-04,0.0001,N9,5,59.999999996772964,60.00000061067024,-6.138972779012875e-07,-0.0059999999996772965
final_gamma1e4,gamma_1e-04,0.0001,N9,6,59.999999999779,60.00000061156497,-6.117859712162499e-07,-0.005999999999977901
final_gamma1e4,gamma_1e-04,0.0001,N9,7,59.99999999999544,60.00000061274597,-6.127505329800442e-07,-0.005999999999999544
final_gamma1e4,gamma_1e-04,0.0001,N9,8,59.999999999994614,60.00000061360319,-6.136085772823208e-07,-0.0059999999999994615
final_gamma1e4,gamma_1e-04,0.0001,N9,9,59.99999999938869,60.00000061379941,-6.144107160821477e-07,-0.005999999999938869
final_gamma1e4,gamma_1e-04,0.0001,N9,10,52.200000000063696,52.20000055429555,-5.542318533002799e-07,-0.00522000000000637
final_gamma1e4,gamma_1e-04,0.0001,N9,11,46.720975609575284,46.72097608321039,-4.7363510446984947e-07,-0.004672097560957529
final_gamma1e4,gamma_1e-04,0.0001,N9,12,19.322237084876296,35.04173464258523,-15.719497557708937,-0.0019322237084876297
final_gamma1e4,gamma_1e-04,0.0001,N9,13,19.304782209591504,35.041734640926286,-15.736952431334782,-0.0019304782209591505
final_gamma1e4,gamma_1e-04,0.0001,N9,14,19.278371833614614,35.04173464128196,-15.763362807667349,-0.0019278371833614614
final_gamma1e4,gamma_1e-04,0.0001,N9,15,19.322237083339626,35.041734648636506,-15.71949756529688,-0.0019322237083339627
final_gamma1e4,gamma_1e-04,0.0001,N9,16,24.698719807069256,35.041734661451144,-10.343014854381888,-0.0024698719807069256
final_gamma1e4,gamma_1e-04,0.0001,N9,17,52.19999999998534,52.20000054656478,-5.465794430392634e-07,-0.005219999999998534
final_gamma1e4,gamma_1e-04,0.0001,N9,18,59.99999999918631,60.00000060918349,-6.099971798789738e-07,-0.005999999999918631
final_gamma1e4,gamma_1e-04,0.0001,N9,19,60.00000000016757,60.00000061168328,-6.115157091812762e-07,-0.006000000000016757
final_gamma1e4,gamma_1e-04,0.0001,N9,20,60.00000000058957,60.00000061323542,-6.126458487187847e-07,-0.006000000000058957
final_gamma1e4,gamma_1e-04,0.0001,N9,21,60.00000000030463,60.00000061383793,-6.135333023848943e-07,-0.006000000000030464
final_gamma1e4,gamma_1e-04,0.0001,N9,22,60.000000000087965,60.00000061361668,-6.135287122788213e-07,-0.006000000000008797
final_gamma1e4,gamma_1e-04,0.0001,N9,23,59.999999999983494,60.000000612954686,-6.129711920266345e-07,-0.0059999999999983495
final_gamma1e4,gamma_1e-04,0.0001,N9,24,59.99999999988196,60.00000061221574,-6.123337854546662e-07,-0.005999999999988196
final_gamma1e4,gamma_3e-05,3e-05,N1,1,59.99999999971353,60.00000059602806,-5.963145284226812e-07,-0.001799999999991406
final_gamma1e4,gamma_3e-05,3e-05,N1,2,59.99999999889395,60.00000059540318,-5.965092313431342e-07,-0.0017999999999668184
final_gamma1e4,gamma_3e-05,3e-05,N1,3,59.99999999340573,60.000000594938,-6.01532271105043e-07,-0.0017999999998021719
final_gamma1e4,gamma_3e-05,3e-05,N1,4,59.99999986248965,60.0000005947238,-7.322341488702477e-07,-0.0017999999958746896
final_gamma1e4,gamma_3e-05,3e-05,N1,5,59.99999999678606,60.00000059516778,-5.983817246146828e-07,-0.0017999999999035819
final_gamma1e4,gamma_3e-05,3e-05,N1,6,59.99999999977804,60.00000059626607,-5.964880287478991e-07,-0.0017999999999933412
final_gamma1e4,gamma_3e-05,3e-05,N1,7,59.99999999997931,60.000000598038376,-5.980590671583741e-07,-0.0017999999999993794
final_gamma1e4,gamma_3e-05,3e-05,N1,8,59.999999999997286,60.00000059940591,-5.994086222926853e-07,-0.0017999999999999186
final_gamma1e4,gamma_3e-05,3e-05,N1,9,59.99999999953444,60.00000059991497,-6.003805310683674e-07,-0.0017999999999860333
final_gamma1e4,gamma_3e-05,3e-05,N1,10,52.20000000030941,52.200000550144956,-5.498355477584482e-07,-0.0015660000000092824
final_gamma1e4,gamma_3e-05,3e-05,N1,11,59.99999999959883,60.00000059186339,-5.92264562726541e-07,-0.0017999999999879649
final_gamma1e4,gamma_3e-05,3e-05,N1,12,59.99996710508047,60.00000058684511,-3.348176463902064e-05,-0.0017999990131524143
final_gamma1e4,gamma_3e-05,3e-05,N1,13,59.99999907499373,60.00000058978897,-1.514795236801092e-06,-0.001799999972249812
final_gamma1e4,gamma_3e-05,3e-05,N1,14,59.999960277863146,60.00000057101784,-4.0293154697224054e-05,-0.0017999988083358944
final_gamma1e4,gamma_3e-05,3e-05,N1,15,59.99996709887236,60.00000057396442,-3.347509206008681e-05,-0.001799999012966171
final_gamma1e4,gamma_3e-05,3e-05,N1,16,59.99999999131156,60.00000058980814,-5.98496576742491e-07,-0.001799999999739347
final_gamma1e4,gamma_3e-05,3e-05,N1,17,52.20000000018238,52.20000054039812,-5.40215744138095e-07,-0.0015660000000054714
final_gamma1e4,gamma_3e-05,3e-05,N1,18,59.99999999931058,60.00000059628223,-5.969716454501395e-07,-0.0017999999999793175
final_gamma1e4,gamma_3e-05,3e-05,N1,19,60.00000000011164,60.000000598214385,-5.981027442203413e-07,-0.0018000000000033493
final_gamma1e4,gamma_3e-05,3e-05,N1,20,60.00000000046725,60.000000599009674,-5.985424209598023e-07,-0.0018000000000140176
final_gamma1e4,gamma_3e-05,3e-05,N1,21,60.000000000204274,60.000000599058595,-5.988543207990915e-07,-0.0018000000000061283
final_gamma1e4,gamma_3e-05,3e-05,N1,22,60.000000000036394,60.000000598395644,-5.983592501479507e-07,-0.001800000000001092
final_gamma1e4,gamma_3e-05,3e-05,N1,23,59.999999999960274,60.00000059748019,-5.975199144359067e-07,-0.0017999999999988082
final_gamma1e4,gamma_3e-05,3e-05,N1,24,59.99999999987264,60.0000005967435,-5.968708549630719e-07,-0.0017999999999961792
final_gamma1e4,gamma_3e-05,3e-05,N2,1,59.99999999960091,60.00000058348825,-5.838873420316304e-07,-0.0017999999999880273
final_gamma1e4,gamma_3e-05,3e-05,N2,2,59.99999999877617,60.00000058259449,-5.838183199102787e-07,-0.0017999999999632852
final_gamma1e4,gamma_3e-05,3e-05,N2,3,59.99999999328757,60.00000058202133,-5.887337621857114e-07,-0.001799999999798627
final_gamma1e4,gamma_3e-05,3e-05,N2,4,59.99999986237223,60.000000581813175,-7.194409477051522e-07,-0.0017999999958711668
final_gamma1e4,gamma_3e-05,3e-05,N2,5,59.99999999666815,60.000000582480084,-5.858119322965649e-07,-0.0017999999999000445
final_gamma1e4,gamma_3e-05,3e-05,N2,6,59.99999999966741,60.00000058396425,-5.842968420211037e-07,-0.0017999999999900223
final_gamma1e4,gamma_3e-05,3e-05,N2,7,59.999999999891685,60.000000586322905,-5.864312200287713e-07,-0.0017999999999967506
final_gamma1e4,gamma_3e-05,3e-05,N2,8,59.99999999990435,60.00000058787203,-5.879676834297243e-07,-0.0017999999999971305
final_gamma1e4,gamma_3e-05,3e-05,N2,9,59.99999999933024,60.000000587704385,-5.883741422962885e-07,-0.0017999999999799073
final_gamma1e4,gamma_3e-05,3e-05,N2,10,52.20000000009897,52.2000005331478,-5.330488335175687e-07,-0.001566000000002969
final_gamma1e4,gamma_3e-05,3e-05,N2,11,52.19999999990847,52.20000051827382,-5.183653470908212e-07,-0.0015659999999972543
final_gamma1e4,gamma_3e-05,3e-05,N2,12,52.199999999877896,52.20000051694929,-5.170713919255832e-07,-0.0015659999999963368
final_gamma1e4,gamma_3e-05,3e-05,N2,13,52.19999999982449,52.200000515795026,-5.159705338542153e-07,-0.0015659999999947348
final_gamma1e4,gamma_3e-05,3e-05,N2,14,52.19999999975198,52.200000514918266,-5.151662847424632e-07,-0.0015659999999925595
final_gamma1e4,gamma_3e-05,3e-05,N2,15,52.19999999965989,52.20000051421266,-5.145527737226985e-07,-0.0015659999999897967
final_gamma1e4,gamma_3e-05,3e-05,N2,16,52.19999999969277,52.20000051469648,-5.150037054590939e-07,-0.001565999999990783
final_gamma1e4,gamma_3e-05,3e-05,N2,17,52.20000000003606,52.2000005292824,-5.292463356454391e-07,-0.001566000000001082
final_gamma1e4,gamma_3e-05,3e-05,N2,18,59.99999999912256,60.00000058233659,-5.832140317352241e-07,-0.0017999999999736768
final_gamma1e4,gamma_3e-05,3e-05,N2,19,60.000000000084015,60.0000005866749,-5.86590886086924e-07,-0.0018000000000025205
final_gamma1e4,gamma_3e-05,3e-05,N2,20,60.00000000050337,60.00000058873973,-5.882363609543972e-07,-0.0018000000000151012
final_gamma1e4,gamma_3e-05,3e-05,N2,21,60.000000000208516,60.00000058907483,-5.888663139330674e-07,-0.0018000000000062556
final_gamma1e4,gamma_3e-05,3e-05,N2,22,59.99999999998287,60.00000058798616,-5.880032887262132e-07,-0.001799999999999486
final_gamma1e4,gamma_3e-05,3e-05,N2,23,59.99999999987336,60.00000058639243,-5.865190715326207e-07,-0.001799999999996201
final_gamma1e4,gamma_3e-05,3e-05,N2,24,59.9999999997694,60.00000058503768,-5.852682818385802e-07,-0.001799999999993082
final_gamma1e4,gamma_3e-05,3e-05,N3,1,59.99999999971515,60.00000061108061,-6.113654578143723e-07,-0.0017999999999914545
final_gamma1e4,gamma_3e-05,3e-05,N3,2,59.99999999889239,60.00000061051385,-6.116214592566394e-07,-0.0017999999999667718
final_gamma1e4,gamma_3e-05,3e-05,N3,3,59.999999993407116,60.000000610196615,-6.167894994746348e-07,-0.0017999999998022135
final_gamma1e4,gamma_3e-05,3e-05,N3,4,59.999999862494185,60.00000061015027,-7.47656088151416e-07,-0.0017999999958748256
final_gamma1e4,gamma_3e-05,3e-05,N3,5,59.999999996786045,60.000000610678406,-6.13892360945556e-07,-0.0017999999999035814
final_gamma1e4,gamma_3e-05,3e-05,N3,6,59.99999999977937,60.00000061157317,-6.11793801397198e-07,-0.0017999999999933811
final_gamma1e4,gamma_3e-05,3e-05,N3,7,59.99999999999549,60.00000061275471,-6.127592229177026e-07,-0.0017999999999998646
final_gamma1e4,gamma_3e-05,3e-05,N3,8,59.99999999999467,60.00000061361061,-6.136159385050632e-07,-0.0017999999999998401
final_gamma1e4,gamma_3e-05,3e-05,N3,9,59.999999999389786,60.00000061380511,-6.144153275045028e-07,-0.0017999999999816936
final_gamma1e4,gamma_3e-05,3e-05,N3,10,52.20000000006379,52.20000055429555,-5.542317609297243e-07,-0.0015660000000019137
final_gamma1e4,gamma_3e-05,3e-05,N3,11,46.72097560957558,46.72097608321039,-4.7363480604190045e-07,-0.0014016292682872676
final_gamma1e4,gamma_3e-05,3e-05,N3,12,35.298947705298865,35.04173464259981,0.2572130626990514,-0.001058968431158966
final_gamma1e4,gamma_3e-05,3e-05,N3,13,35.29893460129436,35.041734638675806,0.25719996261855727,-0.001058968038038831
final_gamma1e4,gamma_3e-05,3e-05,N3,14,35.29894289460553,35.04173463884805,0.2572082557574831,-0.001058968286838166
final_gamma1e4,gamma_3e-05,3e-05,N3,15,35.29894770376264,35.04173464582469,0.25721305793795324,-0.0010589684311128793
final_gamma1e4,gamma_3e-05,3e-05,N3,16,35.29897044817594,35.041734661346,0.25723578682994486,-0.0010589691134452782
final_gamma1e4,gamma_3e-05,3e-05,N3,17,52.199999999985394,52.20000054656478,-5.465793861958446e-07,-0.0015659999999995619
final_gamma1e4,gamma_3e-05,3e-05,N3,18,59.99999999918797,60.00000061169433,-6.125063620743276e-07,-0.0017999999999756392
final_gamma1e4,gamma_3e-05,3e-05,N3,19,60.00000000016774,60.0000006132459,-6.130781642355032e-07,-0.0018000000000050322
final_gamma1e4,gamma_3e-05,3e-05,N3,20,60.00000000059061,60.000000614211984,-6.136213741569918e-07,-0.0018000000000177184
final_gamma1e4,gamma_3e-05,3e-05,N3,21,60.000000000304965,60.000000614450116,-6.141451507346574e-07,-0.001800000000009149
final_gamma1e4,gamma_3e-05,3e-05,N3,22,60.00000000008803,60.0000006140029,-6.139148709394249e-07,-0.0018000000000026409
final_gamma1e4,gamma_3e-05,3e-05,N3,23,59.99999999998354,60.000000613201465,-6.132179279916272e-07,-0.0017999999999995062
final_gamma1e4,gamma_3e-05,3e-05,N3,24,59.99999999988209,60.00000061237904,-6.124969473830788e-07,-0.0017999999999964628
final_gamma1e4,gamma_3e-05,3e-05,N4,1,59.99999999972885,60.00000061059473,-6.108658823222868e-07,-0.0017999999999918656
final_gamma1e4,gamma_3e-05,3e-05,N4,2,59.99999999890696,60.00000060970098,-6.107940251354194e-07,-0.0017999999999672087
final_gamma1e4,gamma_3e-05,3e-05,N4,3,59.99999999341836,60.00000060912782,-6.157094531999974e-07,-0.001799999999802551
final_gamma1e4,gamma_3e-05,3e-05,N4,4,59.99999986250248,60.00000060891966,-7.464171858373447e-07,-0.0017999999958750743
final_gamma1e4,gamma_3e-05,3e-05,N4,5,59.99999999679889,60.00000060958658,-6.127876872596971e-07,-0.0017999999999039667
final_gamma1e4,gamma_3e-05,3e-05,N4,6,59.99999999979439,60.000000611070746,-6.11276355755308e-07,-0.0017999999999938317
final_gamma1e4,gamma_3e-05,3e-05,N4,7,60.000000000006956,60.00000061342939,-6.134224364018337e-07,-0.0018000000000002088
final_gamma1e4,gamma_3e-05,3e-05,N4,8,60.00000000002537,60.000000614978525,-6.149531515120543e-07,-0.0018000000000007613
final_gamma1e4,gamma_3e-05,3e-05,N4,9,59.99999999954304,60.000000614810894,-6.152678508897225e-07,-0.0017999999999862913
final_gamma1e4,gamma_3e-05,3e-05,N4,10,52.20000000031471,52.20000055429563,-5.539809180277189e-07,-0.0015660000000094414
final_gamma1e4,gamma_3e-05,3e-05,N4,11,59.9999999996058,60.00000059728462,-5.976788202133321e-07,-0.001799999999988174
final_gamma1e4,gamma_3e-05,3e-05,N4,12,59.99996710508469,60.00000059036655,-3.348528185398436e-05,-0.0017999990131525407
final_gamma1e4,gamma_3e-05,3e-05,N4,13,59.99999907499825,60.00000059344816,-1.518449913362474e-06,-0.0017999999722499475
final_gamma1e4,gamma_3e-05,3e-05,N4,14,59.999960277868276,60.00000057504554,-4.02971772643923e-05,-0.0017999988083360484
final_gamma1e4,gamma_3e-05,3e-05,N4,15,59.99996709887843,60.000000578697694,-3.3479819265380684e-05,-0.0017999990129663529
final_gamma1e4,gamma_3e-05,3e-05,N4,16,59.99999999131871,60.00000059507409,-6.037553816895525e-07,-0.0017999999997395614
final_gamma1e4,gamma_3e-05,3e-05,N4,17,52.200000000190364,52.20000054656484,-5.463744727762787e-07,-0.001566000000005711
final_gamma1e4,gamma_3e-05,3e-05,N4,18,59.99999999932117,60.00000060944309,-6.101219227616639e-07,-0.0017999999999796352
final_gamma1e4,gamma_3e-05,3e-05,N4,19,60.00000000017038,60.00000061378138,-6.136110002330497e-07,-0.0018000000000051115
final_gamma1e4,gamma_3e-05,3e-05,N4,20,60.00000000056639,60.0000006158462,-6.152798093239653e-07,-0.0018000000000169918
final_gamma1e4,gamma_3e-05,3e-05,N4,21,60.000000000284516,60.00000061618131,-6.158967948977079e-07,-0.0018000000000085354
final_gamma1e4,gamma_3e-05,3e-05,N4,22,60.00000000008152,60.00000061509264,-6.150111175884376e-07,-0.0018000000000024457
final_gamma1e4,gamma_3e-05,3e-05,N4,23,59.9999999999876,60.00000061349892,-6.135113181926499e-07,-0.001799999999999628
final_gamma1e4,gamma_3e-05,3e-05,N4,24,59.99999999989216,60.00000061214417,-6.122520090912076e-07,-0.001799999999996765
final_gamma1e4,gamma_3e-05,3e-05,N5,1,59.99999999973708,60.00000064413896,-6.44401879412726e-07,-0.0017999999999921124
final_gamma1e4,gamma_3e-05,3e-05,N5,2,59.999999998912344,60.00000064172047,-6.428081249509887e-07,-0.0017999999999673705
final_gamma1e4,gamma_3e-05,3e-05,N5,3,59.99999999342259,60.000000640130814,-6.467082229733023e-07,-0.0017999999998026778
final_gamma1e4,gamma_3e-05,3e-05,N5,4,59.999999862506336,60.00000063941442,-7.769080809794104e-07,-0.00179999999587519
final_gamma1e4,gamma_3e-05,3e-05,N5,5,59.99999999680371,60.00000064109782,-6.442941113959932e-07,-0.0017999999999041114
final_gamma1e4,gamma_3e-05,3e-05,N5,6,59.99999999980424,60.00000064563146,-6.458272210352334e-07,-0.0017999999999941273
final_gamma1e4,gamma_3e-05,3e-05,N5,7,60.00000000003063,60.00000065408906,-6.540584251979453e-07,-0.001800000000000919
final_gamma1e4,gamma_3e-05,3e-05,N5,8,60.00000000005734,60.00000066072066,-6.606633178307675e-07,-0.0018000000000017204
final_gamma1e4,gamma_3e-05,3e-05,N5,9,59.999999999551065,60.00000066207775,-6.625266877335889e-07,-0.001799999999986532
final_gamma1e4,gamma_3e-05,3e-05,N5,10,52.20000000030314,52.20000060003774,-5.9973459798357e-07,-0.0015660000000090942
final_gamma1e4,gamma_3e-05,3e-05,N5,11,57.30487804853844,57.304878665658066,-6.171196247350963e-07,-0.0017191463414561532
final_gamma1e4,gamma_3e-05,3e-05,N5,12,57.304856519996285,57.30487865919857,-2.2139202286552973e-05,-0.0017191456955998885
final_gamma1e4,gamma_3e-05,3e-05,N5,13,57.304877443374146,57.30487865940126,-1.2160271154471047e-06,-0.0017191463233012245
final_gamma1e4,gamma_3e-05,3e-05,N5,14,57.304852051730585,57.30487864624313,-2.6594512547717386e-05,-0.0017191455615519176
final_gamma1e4,gamma_3e-05,3e-05,N5,15,57.30485651585621,57.30487864814576,-2.2132289551279882e-05,-0.0017191456954756862
final_gamma1e4,gamma_3e-05,3e-05,N5,16,57.304878043036275,57.30487866021448,-6.171782018782324e-07,-0.0017191463412910882
final_gamma1e4,gamma_3e-05,3e-05,N5,17,52.20000000019209,52.200000591798705,-5.916066143640819e-07,-0.0015660000000057629
final_gamma1e4,gamma_3e-05,3e-05,N5,18,59.999999999334335,60.0000006572182,-6.578838664950126e-07,-0.00179999999998003
final_gamma1e4,gamma_3e-05,3e-05,N5,19,60.000000000237435,60.00000066460597,-6.643685352969442e-07,-0.0018000000000071232
final_gamma1e4,gamma_3e-05,3e-05,N5,20,60.00000000064933,60.00000066616255,-6.655132196442537e-07,-0.00180000000001948
final_gamma1e4,gamma_3e-05,3e-05,N5,21,60.00000000034789,60.00000066395643,-6.636085387867752e-07,-0.0018000000000104367
final_gamma1e4,gamma_3e-05,3e-05,N5,22,60.00000000011821,60.000000658293544,-6.581753311252214e-07,-0.0018000000000035464
final_gamma1e4,gamma_3e-05,3e-05,N5,23,60.00000000000828,60.0000006521256,-6.521173219198317e-07,-0.0018000000000002484
final_gamma1e4,gamma_3e-05,3e-05,N5,24,59.99999999990494,60.00000064772138,-6.478164422674126e-07,-0.001799999999997148
final_gamma1e4,gamma_3e-05,3e-05,N6,1,59.99999999972509,60.000000614088265,-6.14363173667698e-07,-0.0017999999999917529
final_gamma1e4,gamma_3e-05,3e-05,N6,2,59.99999999890273,60.000000613489306,-6.145865754092483e-07,-0.001799999999967082
final_gamma1e4,gamma_3e-05,3e-05,N6,3,59.99999999341678,60.000000613126176,-6.1970939668754e-07,-0.0017999999998025034
final_gamma1e4,gamma_3e-05,3e-05,N6,4,59.999999862503174,60.00000061304232,-7.505391437234721e-07,-0.0017999999958750953
final_gamma1e4,gamma_3e-05,3e-05,N6,5,59.99999999679602,60.000000613512675,-6.167166546333647e-07,-0.0017999999999038807
final_gamma1e4,gamma_3e-05,3e-05,N6,6,59.9999999997895,60.00000061435302,-6.145635182974729e-07,-0.0017999999999936851
final_gamma1e4,gamma_3e-05,3e-05,N6,7,60.00000000000359,60.00000061533132,-6.15327728326065e-07,-0.0018000000000001077
final_gamma1e4,gamma_3e-05,3e-05,N6,8,60.000000000006324,60.00000061551018,-6.155038576594052e-07,-0.0018000000000001897
final_gamma1e4,gamma_3e-05,3e-05,N6,9,59.99999999940835,60.000000614457406,-6.150490534650999e-07,-0.0017999999999822507
final_gamma1e4,gamma_3e-05,3e-05,N6,10,52.200000000044035,52.200000548286866,-5.482428306891052e-07,-0.0015660000000013211
final_gamma1e4,gamma_3e-05,3e-05,N6,11,41.330731707397135,41.33073212006645,-4.1266931560812736e-07,-0.0012399219512219141
final_gamma1e4,gamma_3e-05,3e-05,N6,12,29.90872653510884,29.65149068235781,0.25723585275103034,-0.0008972617960532652
final_gamma1e4,gamma_3e-05,3e-05,N6,13,29.908691338015718,29.651490674450105,0.25720066356561233,-0.0008972607401404716
final_gamma1e4,gamma_3e-05,3e-05,N6,14,29.908726442290053,29.651490685410035,0.2572357568800179,-0.0008972617932687016
final_gamma1e4,gamma_3e-05,3e-05,N6,15,29.90872653767056,29.651490689573844,0.25723584809671607,-0.0008972617961301168
final_gamma1e4,gamma_3e-05,3e-05,N6,16,29.90872655156235,29.651490694924167,0.25723585663818227,-0.0008972617965468705
final_gamma1e4,gamma_3e-05,3e-05,N6,17,52.199999999971396,52.20000054007397,-5.401025759965705e-07,-0.0015659999999991419
final_gamma1e4,gamma_3e-05,3e-05,N6,18,59.999999999208384,60.000000605930474,-6.067220894578895e-07,-0.0017999999999762516
final_gamma1e4,gamma_3e-05,3e-05,N6,19,60.00000000016815,60.000000611612556,-6.114444062177427e-07,-0.0018000000000050445
final_gamma1e4,gamma_3e-05,3e-05,N6,20,60.00000000058203,60.00000061499488,-6.144128548157823e-07,-0.0018000000000174608
final_gamma1e4,gamma_3e-05,3e-05,N6,21,60.0000000003002,60.00000061648447,-6.161842733831691e-07,-0.001800000000009006
final_gamma1e4,gamma_3e-05,3e-05,N6,22,60.00000000009023,60.00000061662913,-6.165388981571596e-07,-0.001800000000002707
final_gamma1e4,gamma_3e-05,3e-05,N6,23,59.99999999999007,60.00000061607678,-6.160867158655492e-07,-0.001799999999999702
final_gamma1e4,gamma_3e-05,3e-05,N6,24,59.99999999989081,60.000000615343474,-6.154526630552937e-07,-0.0017999999999967244
final_gamma1e4,gamma_3e-05,3e-05,N7,1,59.999999999678835,60.00000061059471,-6.109158761091749e-07,-0.001799999999990365
final_gamma1e4,gamma_3e-05,3e-05,N7,2,59.999999998854086,60.000000609700955,-6.108468681986778e-07,-0.0017999999999656227
final_gamma1e4,gamma_3e-05,3e-05,N7,3,59.9999999933655,60.00000060912779,-6.157622891578285e-07,-0.001799999999800965
final_gamma1e4,gamma_3e-05,3e-05,N7,4,59.99999986245015,60.00000060891964,-7.46469488888124e-07,-0.0017999999958735046
final_gamma1e4,gamma_3e-05,3e-05,N7,5,59.99999999674607,60.00000060958655,-6.128404805849641e-07,-0.001799999999902382
final_gamma1e4,gamma_3e-05,3e-05,N7,6,59.99999999974533,60.00000061107072,-6.113253903095028e-07,-0.0017999999999923598
final_gamma1e4,gamma_3e-05,3e-05,N7,7,59.99999999996961,60.00000061342937,-6.134597612117432e-07,-0.0017999999999990884
final_gamma1e4,gamma_3e-05,3e-05,N7,8,59.99999999998228,60.0000006149785,-6.149962175072687e-07,-0.0017999999999994685
final_gamma1e4,gamma_3e-05,3e-05,N7,9,59.99999999940817,60.00000061481085,-6.154026834792603e-07,-0.001799999999982245
final_gamma1e4,gamma_3e-05,3e-05,N7,10,52.20000000013941,52.20000055429558,-5.541561662880667e-07,-0.0015660000000041823
final_gamma1e4,gamma_3e-05,3e-05,N7,11,52.19999999991661,52.20000052454766,-5.246310479378735e-07,-0.0015659999999974984
final_gamma1e4,gamma_3e-05,3e-05,N7,12,52.199999999884504,52.200000521898616,-5.220141119366417e-07,-0.0015659999999965352
final_gamma1e4,gamma_3e-05,3e-05,N7,13,52.199999999829444,52.200000519590105,-5.197606611773153e-07,-0.0015659999999948833
final_gamma1e4,gamma_3e-05,3e-05,N7,14,52.199999999755676,52.20000051783659,-5.180809168336964e-07,-0.0015659999999926703
final_gamma1e4,gamma_3e-05,3e-05,N7,15,52.19999999966266,52.20000051642541,-5.16762753477451e-07,-0.0015659999999898797
final_gamma1e4,gamma_3e-05,3e-05,N7,16,52.19999999969582,52.20000051739304,-5.176972237563859e-07,-0.0015659999999908746
final_gamma1e4,gamma_3e-05,3e-05,N7,17,52.20000000006424,52.200000546564794,-5.46500551479312e-07,-0.0015660000000019274
final_gamma1e4,gamma_3e-05,3e-05,N7,18,59.99999999920048,60.00000060944305,-6.102425658127686e-07,-0.0017999999999760146
final_gamma1e4,gamma_3e-05,3e-05,N7,19,60.00000000016194,60.00000061378137,-6.136194272698958e-07,-0.0018000000000048583
final_gamma1e4,gamma_3e-05,3e-05,N7,20,60.000000000581295,60.0000006158462,-6.152649021373691e-07,-0.001800000000017439
final_gamma1e4,gamma_3e-05,3e-05,N7,21,60.00000000028644,60.000000616181296,-6.158948551160393e-07,-0.0018000000000085933
final_gamma1e4,gamma_3e-05,3e-05,N7,22,60.00000000006079,60.00000061509262,-6.15031829909185e-07,-0.0018000000000018236
final_gamma1e4,gamma_3e-05,3e-05,N7,23,59.999999999951285,60.0000006134989,-6.135476127155925e-07,-0.0017999999999985387
final_gamma1e4,gamma_3e-05,3e-05,N7,24,59.999999999847326,60.00000061214415,-6.12296823021552e-07,-0.0017999999999954198
final_gamma1e4,gamma_3e-05,3e-05,N8,1,59.99999999970724,60.00000061433206,-6.146248168192869e-07,-0.0017999999999912173
final_gamma1e4,gamma_3e-05,3e-05,N8,2,59.999999998883766,60.000000613715464,-6.148316984422308e-07,-0.001799999999966513
final_gamma1e4,gamma_3e-05,3e-05,N8,3,59.99999999339807,60.00000061330941,-6.199113400384704e-07,-0.0017999999998019422
final_gamma1e4,gamma_3e-05,3e-05,N8,4,59.999999862484934,60.000000613151535,-7.506666008794127e-07,-0.001799999995874548
final_gamma1e4,gamma_3e-05,3e-05,N8,5,59.99999999677723,60.00000061349897,-6.167217421193527e-07,-0.0017999999999033169
final_gamma1e4,gamma_3e-05,3e-05,N8,6,59.99999999977196,60.000000614142195,-6.143702364624914e-07,-0.0017999999999931589
final_gamma1e4,gamma_3e-05,3e-05,N8,7,59.999999999990195,60.00000061472337,-6.147331745864903e-07,-0.001799999999999706
final_gamma1e4,gamma_3e-05,3e-05,N8,8,59.99999999998789,60.00000061412707,-6.141391750702496e-07,-0.0017999999999996367
final_gamma1e4,gamma_3e-05,3e-05,N8,9,59.9999999993807,60.00000061191696,-6.125362617126484e-07,-0.001799999999981421
final_gamma1e4,gamma_3e-05,3e-05,N8,10,52.20000000006998,52.200000539860554,-5.397905766812983e-07,-0.0015660000000020993
final_gamma1e4,gamma_3e-05,3e-05,N8,11,49.917073170391944,49.91707365139942,-4.810074756278482e-07,-0.0014975121951117585
final_gamma1e4,gamma_3e-05,3e-05,N8,12,38.495031787373485,38.23783220285403,0.257199584519455,-0.0011548509536212046
final_gamma1e4,gamma_3e-05,3e-05,N8,13,38.4950317832586,38.23783220214491,0.2571995811136887,-0.001154850953497758
final_gamma1e4,gamma_3e-05,3e-05,N8,14,38.49502417924814,38.237832196000554,0.2571919832475871,-0.0011548507253774443
final_gamma1e4,gamma_3e-05,3e-05,N8,15,38.49503178340536,38.237832207353534,0.25719957605182486,-0.0011548509535021607
final_gamma1e4,gamma_3e-05,3e-05,N8,16,38.49506800569294,38.23783222992621,0.2572357757667305,-0.0011548520401707884
final_gamma1e4,gamma_3e-05,3e-05,N8,17,52.199999999988414,52.2000005312708,-5.312823887493323e-07,-0.0015659999999996525
final_gamma1e4,gamma_3e-05,3e-05,N8,18,59.99999999917659,60.00000060345612,-6.04279534854868e-07,-0.0017999999999752977
final_gamma1e4,gamma_3e-05,3e-05,N8,19,60.00000000016804,60.00000061043265,-6.102646068484319e-07,-0.0018000000000050413
final_gamma1e4,gamma_3e-05,3e-05,N8,20,60.00000000059676,60.00000061456914,-6.139723751630299e-07,-0.001800000000017903
final_gamma1e4,gamma_3e-05,3e-05,N8,21,60.00000000030796,60.000000616406794,-6.160988306191939e-07,-0.0018000000000092389
final_gamma1e4,gamma_3e-05,3e-05,N8,22,60.00000000008603,60.0000006167244,-6.166383670347386e-07,-0.001800000000002581
final_gamma1e4,gamma_3e-05,3e-05,N8,23,59.999999999978336,60.00000061626124,-6.162829038203199e-07,-0.00179999999999935
final_gamma1e4,gamma_3e-05,3e-05,N8,24,59.999999999875214,60.000000615568304,-6.156930894007928e-07,-0.0017999999999962564
final_gamma1e4,gamma_3e-05,3e-05,N9,1,59.999999999715186,60.00000061100689,-6.112917034784004e-07,-0.0017999999999914556
final_gamma1e4,gamma_3e-05,3e-05,N9,2,59.99999999889243,60.00000061047005,-6.115776258752703e-07,-0.0017999999999667728
final_gamma1e4,gamma_3e-05,3e-05,N9,3,59.999999993407144,60.000000610172314,-6.167651704913624e-07,-0.0017999999998022144
final_gamma1e4,gamma_3e-05,3e-05,N9,4,59.9999998624942,60.00000061014209,-7.476478884882454e-07,-0.001799999995874826
final_gamma1e4,gamma_3e-05,3e-05,N9,5,59.99999999678608,60.00000061067024,-6.138841612823853e-07,-0.0017999999999035825
final_gamma1e4,gamma_3e-05,3e-05,N9,6,59.99999999977942,60.00000061156497,-6.117855519960358e-07,-0.0017999999999933826
final_gamma1e4,gamma_3e-05,3e-05,N9,7,59.99999999999554,60.00000061274597,-6.127504335040612e-07,-0.0017999999999998662
final_gamma1e4,gamma_3e-05,3e-05,N9,8,59.99999999999473,60.00000061360319,-6.13608463595483e-07,-0.0017999999999998419
final_gamma1e4,gamma_3e-05,3e-05,N9,9,59.999999999389885,60.00000061379941,-6.144095223703516e-07,-0.0017999999999816967
final_gamma1e4,gamma_3e-05,3e-05,N9,10,52.20000000006379,52.20000055429555,-5.542317609297243e-07,-0.0015660000000019137
final_gamma1e4,gamma_3e-05,3e-05,N9,11,46.72097560957558,46.72097608321039,-4.7363480604190045e-07,-0.0014016292682872676
final_gamma1e4,gamma_3e-05,3e-05,N9,12,35.298947705298666,35.04173464258523,0.2572130627134328,-0.00105896843115896
final_gamma1e4,gamma_3e-05,3e-05,N9,13,35.29893460129409,35.041734640926286,0.25719996036780657,-0.0010589680380388227
final_gamma1e4,gamma_3e-05,3e-05,N9,14,35.29894289460527,35.04173464128196,0.25720825332330577,-0.001058968286838158
final_gamma1e4,gamma_3e-05,3e-05,N9,15,35.29894770376245,35.041734648636506,0.25721305512594483,-0.0010589684311128735
final_gamma1e4,gamma_3e-05,3e-05,N9,16,35.298970448175936,35.041734661451144,0.25723578672479164,-0.001058969113445278
final_gamma1e4,gamma_3e-05,3e-05,N9,17,52.199999999985394,52.20000054656478,-5.465793861958446e-07,-0.0015659999999995619
final_gamma1e4,gamma_3e-05,3e-05,N9,18,59.999999999188084,60.00000060918349,-6.099954035221344e-07,-0.0017999999999756425
final_gamma1e4,gamma_3e-05,3e-05,N9,19,60.0000000001678,60.00000061168328,-6.115154747021734e-07,-0.0018000000000050341
final_gamma1e4,gamma_3e-05,3e-05,N9,20,60.00000000059067,60.00000061323542,-6.126447544829716e-07,-0.0018000000000177202
final_gamma1e4,gamma_3e-05,3e-05,N9,21,60.000000000305015,60.00000061383793,-6.13532918691817e-07,-0.0018000000000091504
final_gamma1e4,gamma_3e-05,3e-05,N9,22,60.00000000008807,60.00000061361668,-6.13528605697411e-07,-0.0018000000000026422
final_gamma1e4,gamma_3e-05,3e-05,N9,23,59.99999999998358,60.000000612954686,-6.129711067615062e-07,-0.0017999999999995075
final_gamma1e4,gamma_3e-05,3e-05,N9,24,59.999999999882135,60.00000061221574,-6.123336078189823e-07,-0.0017999999999964642
final_gamma1e4,gamma_1e-05,1e-05,N1,1,59.999999999713694,60.00000059602806,-5.96314364997852e-07,-0.000599999999997137
final_gamma1e4,gamma_1e-05,1e-05,N1,2,59.99999999889507,60.00000059540318,-5.965081086856117e-07,-0.0005999999999889507
final_gamma1e4,gamma_1e-05,1e-05,N1,3,59.99999999341624,60.000000594938,-6.015217621779811e-07,-0.0005999999999341624
final_gamma1e4,gamma_1e-05,1e-05,N1,4,59.99999986439568,60.0000005947238,-7.303281179815713e-07,-0.0005999999986439568
final_gamma1e4,gamma_1e-05,1e-05,N1,5,59.99999999678985,60.00000059516778,-5.983779303164738e-07,-0.0005999999999678986
final_gamma1e4,gamma_1e-05,1e-05,N1,6,59.99999999977816,60.00000059626607,-5.96487907955634e-07,-0.0005999999999977817
final_gamma1e4,gamma_1e-05,1e-05,N1,7,59.999999999979345,60.000000598038376,-5.980590316312373e-07,-0.0005999999999997935
final_gamma1e4,gamma_1e-05,1e-05,N1,8,59.999999999997314,60.00000059940591,-5.994085938709759e-07,-0.0005999999999999732
final_gamma1e4,gamma_1e-05,1e-05,N1,9,59.99999999953482,60.00000059991497,-6.003801473752901e-07,-0.0005999999999953483
final_gamma1e4,gamma_1e-05,1e-05,N1,10,52.20000000030946,52.200000550144956,-5.498354980204567e-07,-0.0005220000000030946
final_gamma1e4,gamma_1e-05,1e-05,N1,11,59.99999999959885,60.00000059186339,-5.92264541410259e-07,-0.0005999999999959885
final_gamma1e4,gamma_1e-05,1e-05,N1,12,59.99997296998113,60.00000058684511,-2.7616863981450024e-05,-0.0005999997296998114
final_gamma1e4,gamma_1e-05,1e-05,N1,13,59.99999926075118,60.00000058978897,-1.3290377864905167e-06,-0.0005999999926075119
final_gamma1e4,gamma_1e-05,1e-05,N1,14,59.99996849750789,60.00000057101784,-3.207350994927083e-05,-0.000599999684975079
final_gamma1e4,gamma_1e-05,1e-05,N1,15,59.99997296377301,60.00000057396442,-2.761019140962162e-05,-0.0005999997296377302
final_gamma1e4,gamma_1e-05,1e-05,N1,16,59.999999991370586,60.00000058980814,-5.984375519574314e-07,-0.0005999999999137059
final_gamma1e4,gamma_1e-05,1e-05,N1,17,52.2000000001824,52.20000054039812,-5.40215722821813e-07,-0.0005220000000018241
final_gamma1e4,gamma_1e-05,1e-05,N1,18,59.99999999931115,60.00000059628223,-5.969710770159509e-07,-0.0005999999999931116
final_gamma1e4,gamma_1e-05,1e-05,N1,19,60.000000000111704,60.000000598214385,-5.98102680271495e-07,-0.0006000000000011171
final_gamma1e4,gamma_1e-05,1e-05,N1,20,60.00000000046757,60.000000599009674,-5.985421012155712e-07,-0.0006000000000046758
final_gamma1e4,gamma_1e-05,1e-05,N1,21,60.00000000020437,60.000000599058595,-5.988542213231085e-07,-0.0006000000000020438
final_gamma1e4,gamma_1e-05,1e-05,N1,22,60.00000000003642,60.000000598395644,-5.983592217262412e-07,-0.0006000000000003642
final_gamma1e4,gamma_1e-05,1e-05,N1,23,59.999999999960295,60.00000059748019,-5.975198931196246e-07,-0.000599999999999603
final_gamma1e4,gamma_1e-05,1e-05,N1,24,59.99999999987269,60.0000005967435,-5.968708052250804e-07,-0.000599999999998727
final_gamma1e4,gamma_1e-05,1e-05,N2,1,59.99999999960108,60.00000058348825,-5.838871715013738e-07,-0.0005999999999960108
final_gamma1e4,gamma_1e-05,1e-05,N2,2,59.999999998777305,60.00000058259449,-5.838171830419014e-07,-0.0005999999999877731
final_gamma1e4,gamma_1e-05,1e-05,N2,3,59.99999999329808,60.00000058202133,-5.887232461532221e-07,-0.0005999999999329809
final_gamma1e4,gamma_1e-05,1e-05,N2,4,59.99999986427826,60.000000581813175,-7.175349168164757e-07,-0.0005999999986427827
final_gamma1e4,gamma_1e-05,1e-05,N2,5,59.999999996671946,60.000000582480084,-5.85808137998356e-07,-0.0005999999999667195
final_gamma1e4,gamma_1e-05,1e-05,N2,6,59.99999999966753,60.00000058396425,-5.842967212288386e-07,-0.0005999999999966753
final_gamma1e4,gamma_1e-05,1e-05,N2,7,59.99999999989172,60.000000586322905,-5.864311845016346e-07,-0.0005999999999989173
final_gamma1e4,gamma_1e-05,1e-05,N2,8,59.9999999999044,60.00000058787203,-5.879676336917328e-07,-0.000599999999999044
final_gamma1e4,gamma_1e-05,1e-05,N2,9,59.99999999933063,60.000000587704385,-5.883737514977838e-07,-0.0005999999999933064
final_gamma1e4,gamma_1e-05,1e-05,N2,10,52.200000000099,52.2000005331478,-5.330487979904319e-07,-0.0005220000000009901
final_gamma1e4,gamma_1e-05,1e-05,N2,11,52.1999999999085,52.20000051827382,-5.183653186691117e-07,-0.000521999999999085
final_gamma1e4,gamma_1e-05,1e-05,N2,12,52.19999999987792,52.20000051694929,-5.170713706093011e-07,-0.0005219999999987792
final_gamma1e4,gamma_1e-05,1e-05,N2,13,52.19999999982452,52.200000515795026,-5.159705054325059e-07,-0.0005219999999982452
final_gamma1e4,gamma_1e-05,1e-05,N2,14,52.19999999975205,52.200000514918266,-5.151662136881896e-07,-0.0005219999999975205
final_gamma1e4,gamma_1e-05,1e-05,N2,15,52.19999999965998,52.20000051421266,-5.145526813521428e-07,-0.0005219999999965998
final_gamma1e4,gamma_1e-05,1e-05,N2,16,52.199999999692764,52.20000051469648,-5.150037125645213e-07,-0.0005219999999969277
final_gamma1e4,gamma_1e-05,1e-05,N2,17,52.20000000003609,52.2000005292824,-5.292463072237297e-07,-0.0005220000000003609
final_gamma1e4,gamma_1e-05,1e-05,N2,18,59.999999999123155,60.00000058233659,-5.832134348793261e-07,-0.0005999999999912316
final_gamma1e4,gamma_1e-05,1e-05,N2,19,60.0000000000841,60.0000005866749,-5.865908008217957e-07,-0.0006000000000008411
final_gamma1e4,gamma_1e-05,1e-05,N2,20,60.00000000050371,60.00000058873973,-5.882360198938841e-07,-0.0006000000000050372
final_gamma1e4,gamma_1e-05,1e-05,N2,21,60.000000000208644,60.00000058907483,-5.88866186035375e-07,-0.0006000000000020865
final_gamma1e4,gamma_1e-05,1e-05,N2,22,59.99999999998289,60.00000058798616,-5.880032674099311e-07,-0.000599999999999829
final_gamma1e4,gamma_1e-05,1e-05,N2,23,59.999999999873395,60.00000058639243,-5.865190360054839e-07,-0.000599999999998734
final_gamma1e4,gamma_1e-05,1e-05,N2,24,59.99999999976946,60.00000058503768,-5.852682249951613e-07,-0.0005999999999976946
final_gamma1e4,gamma_1e-05,1e-05,N3,1,59.99999999971532,60.00000061108061,-6.113652872841158e-07,-0.0005999999999971533
final_gamma1e4,gamma_1e-05,1e-05,N3,2,59.99999999889353,60.00000061051385,-6.116203223882621e-07,-0.0005999999999889353
final_gamma1e4,gamma_1e-05,1e-05,N3,3,59.999999993417624,60.000000610196615,-6.167789905475729e-07,-0.0005999999999341763
final_gamma1e4,gamma_1e-05,1e-05,N3,4,59.99999986440021,60.00000061015027,-7.457500643681669e-07,-0.0005999999986440022
final_gamma1e4,gamma_1e-05,1e-05,N3,5,59.99999999678984,60.000000610678406,-6.13888566647347e-07,-0.0005999999999678985
final_gamma1e4,gamma_1e-05,1e-05,N3,6,59.999999999779504,60.00000061157317,-6.117936663940782e-07,-0.0005999999999977951
final_gamma1e4,gamma_1e-05,1e-05,N3,7,59.99999999999553,60.00000061275471,-6.127591802851384e-07,-0.0005999999999999554
final_gamma1e4,gamma_1e-05,1e-05,N3,8,59.99999999999471,60.00000061361061,-6.136159029779265e-07,-0.0005999999999999471
final_gamma1e4,gamma_1e-05,1e-05,N3,9,59.999999999390184,60.00000061380511,-6.144149296005708e-07,-0.0005999999999939019
final_gamma1e4,gamma_1e-05,1e-05,N3,10,52.20000000006383,52.20000055429555,-5.542317182971601e-07,-0.0005220000000006384
final_gamma1e4,gamma_1e-05,1e-05,N3,11,46.72097560957569,46.72097608321039,-4.736346994604901e-07,-0.0004672097560957569
final_gamma1e4,gamma_1e-05,1e-05,N3,12,35.298948059456464,35.04173464259981,0.25721341685665067,-0.0003529894805945647
final_gamma1e4,gamma_1e-05,1e-05,N3,13,35.2989372825155,35.041734638675806,0.2572026438396975,-0.0003529893728251551
final_gamma1e4,gamma_1e-05,1e-05,N3,14,35.298944875225715,35.04173463884805,0.2572102363776665,-0.0003529894487522572
final_gamma1e4,gamma_1e-05,1e-05,N3,15,35.29894805792048,35.04173464582469,0.25721341209578696,-0.0003529894805792048
final_gamma1e4,gamma_1e-05,1e-05,N3,16,35.29896674940684,35.041734661346,0.25723208806083875,-0.00035298966749406843
final_gamma1e4,gamma_1e-05,1e-05,N3,17,52.199999999985415,52.20000054656478,-5.465793648795625e-07,-0.0005219999999998542
final_gamma1e4,gamma_1e-05,1e-05,N3,18,59.99999999918856,60.00000061169433,-6.125057723238569e-07,-0.0005999999999918857
final_gamma1e4,gamma_1e-05,1e-05,N3,19,60.00000000016782,60.0000006132459,-6.130780789703749e-07,-0.0006000000000016783
final_gamma1e4,gamma_1e-05,1e-05,N3,20,60.00000000059096,60.000000614211984,-6.136210259910513e-07,-0.0006000000000059096
final_gamma1e4,gamma_1e-05,1e-05,N3,21,60.00000000030509,60.000000614450116,-6.141450228369649e-07,-0.000600000000003051
final_gamma1e4,gamma_1e-05,1e-05,N3,22,60.00000000008806,60.0000006140029,-6.139148425177154e-07,-0.0006000000000008806
final_gamma1e4,gamma_1e-05,1e-05,N3,23,59.99999999998357,60.000000613201465,-6.132178924644904e-07,-0.0005999999999998358
final_gamma1e4,gamma_1e-05,1e-05,N3,24,59.99999999988216,60.00000061237904,-6.124968834342326e-07,-0.0005999999999988216
final_gamma1e4,gamma_1e-05,1e-05,N4,1,59.99999999972903,60.00000061059473,-6.108657046866028e-07,-0.0005999999999972903
final_gamma1e4,gamma_1e-05,1e-05,N4,2,59.99999999890809,60.00000060970098,-6.107928953724695e-07,-0.000599999999989081
final_gamma1e4,gamma_1e-05,1e-05,N4,3,59.99999999342888,60.00000060912782,-6.156989371675081e-07,-0.0005999999999342888
final_gamma1e4,gamma_1e-05,1e-05,N4,4,59.99999986440851,60.00000060891966,-7.445111549486683e-07,-0.0005999999986440851
final_gamma1e4,gamma_1e-05,1e-05,N4,5,59.999999996802686,60.00000060958658,-6.127838929614882e-07,-0.0005999999999680269
final_gamma1e4,gamma_1e-05,1e-05,N4,6,59.99999999979451,60.000000611070746,-6.11276234963043e-07,-0.0005999999999979452
final_gamma1e4,gamma_1e-05,1e-05,N4,7,60.000000000006985,60.00000061342939,-6.134224079801243e-07,-0.0006000000000000699
final_gamma1e4,gamma_1e-05,1e-05,N4,8,60.000000000025416,60.000000614978525,-6.149531088794902e-07,-0.0006000000000002542
final_gamma1e4,gamma_1e-05,1e-05,N4,9,59.99999999954342,60.000000614810894,-6.152674743020725e-07,-0.0005999999999954343
final_gamma1e4,gamma_1e-05,1e-05,N4,10,52.20000000031475,52.20000055429563,-5.539808753951547e-07,-0.0005220000000031476
final_gamma1e4,gamma_1e-05,1e-05,N4,11,59.99999999960582,60.00000059728462,-5.9767879889705e-07,-0.0005999999999960582
final_gamma1e4,gamma_1e-05,1e-05,N4,12,59.99997296998533,60.00000059036655,-2.7620381217730028e-05,-0.0005999997296998533
final_gamma1e4,gamma_1e-05,1e-05,N4,13,59.999999260755715,60.00000059344816,-1.332692448841044e-06,-0.0005999999926075572
final_gamma1e4,gamma_1e-05,1e-05,N4,14,59.99996849751303,60.00000057504554,-3.207753250933365e-05,-0.0005999996849751304
final_gamma1e4,gamma_1e-05,1e-05,N4,15,59.99997296377908,60.000000578697694,-2.7614918614915496e-05,-0.0005999997296377909
final_gamma1e4,gamma_1e-05,1e-05,N4,16,59.999999991377734,60.00000059507409,-6.036963569044929e-07,-0.0005999999999137774
final_gamma1e4,gamma_1e-05,1e-05,N4,17,52.20000000019039,52.20000054656484,-5.463744443545693e-07,-0.000522000000001904
final_gamma1e4,gamma_1e-05,1e-05,N4,18,59.999999999321744,60.00000060944309,-6.101213472220479e-07,-0.0005999999999932175
final_gamma1e4,gamma_1e-05,1e-05,N4,19,60.00000000017046,60.00000061378138,-6.136109220733488e-07,-0.0006000000000017046
final_gamma1e4,gamma_1e-05,1e-05,N4,20,60.00000000056672,60.0000006158462,-6.152794753688795e-07,-0.0006000000000056673
final_gamma1e4,gamma_1e-05,1e-05,N4,21,60.00000000028462,60.00000061618131,-6.158966883162975e-07,-0.0006000000000028463
final_gamma1e4,gamma_1e-05,1e-05,N4,22,60.000000000081556,60.00000061509264,-6.150110820613008e-07,-0.0006000000000008156
final_gamma1e4,gamma_1e-05,1e-05,N4,23,59.99999999998763,60.00000061349892,-6.135112897709405e-07,-0.0005999999999998763
final_gamma1e4,gamma_1e-05,1e-05,N4,24,59.99999999989222,60.00000061214417,-6.122519522477887e-07,-0.0005999999999989223
final_gamma1e4,gamma_1e-05,1e-05,N5,1,59.99999999973724,60.00000064413896,-6.444017159878968e-07,-0.0005999999999973725
final_gamma1e4,gamma_1e-05,1e-05,N5,2,59.99999999891348,60.00000064172047,-6.428069880826115e-07,-0.0005999999999891348
final_gamma1e4,gamma_1e-05,1e-05,N5,3,59.99999999343311,60.000000640130814,-6.466977069408131e-07,-0.0005999999999343311
final_gamma1e4,gamma_1e-05,1e-05,N5,4,59.999999864412366,60.00000063941442,-7.75002050090734e-07,-0.0005999999986441237
final_gamma1e4,gamma_1e-05,1e-05,N5,5,59.9999999968075,60.00000064109782,-6.442903170977843e-07,-0.0005999999999680751
final_gamma1e4,gamma_1e-05,1e-05,N5,6,59.999999999804366,60.00000064563146,-6.458270931375409e-07,-0.0005999999999980437
final_gamma1e4,gamma_1e-05,1e-05,N5,7,60.00000000003066,60.00000065408906,-6.540583967762359e-07,-0.0006000000000003067
final_gamma1e4,gamma_1e-05,1e-05,N5,8,60.00000000005739,60.00000066072066,-6.60663268092776e-07,-0.0006000000000005739
final_gamma1e4,gamma_1e-05,1e-05,N5,9,59.99999999955144,60.00000066207775,-6.62526311145939e-07,-0.0005999999999955145
final_gamma1e4,gamma_1e-05,1e-05,N5,10,52.200000000303184,52.20000060003774,-5.997345553510058e-07,-0.0005220000000030319
final_gamma1e4,gamma_1e-05,1e-05,N5,11,57.30487804853846,57.304878665658066,-6.171196034188142e-07,-0.0005730487804853847
final_gamma1e4,gamma_1e-05,1e-05,N5,12,57.30486035840688,57.30487865919857,-1.8300791694514373e-05,-0.0005730486035840688
final_gamma1e4,gamma_1e-05,1e-05,N5,13,57.30487756494713,57.30487865940126,-1.094454134431544e-06,-0.0005730487756494713
final_gamma1e4,gamma_1e-05,1e-05,N5,14,57.304857431254206,57.30487864624313,-2.1214988926487877e-05,-0.0005730485743125421
final_gamma1e4,gamma_1e-05,1e-05,N5,15,57.30486035426683,57.30487864814576,-1.8293878930819574e-05,-0.0005730486035426684
final_gamma1e4,gamma_1e-05,1e-05,N5,16,57.30487804307491,57.30487866021448,-6.171395696696891e-07,-0.0005730487804307492
final_gamma1e4,gamma_1e-05,1e-05,N5,17,52.20000000019212,52.200000591798705,-5.916065859423725e-07,-0.0005220000000019212
final_gamma1e4,gamma_1e-05,1e-05,N5,18,59.99999999933492,60.0000006572182,-6.578832838499693e-07,-0.0005999999999933492
final_gamma1e4,gamma_1e-05,1e-05,N5,19,60.00000000023752,60.00000066460597,-6.643684500318159e-07,-0.0006000000000023752
final_gamma1e4,gamma_1e-05,1e-05,N5,20,60.00000000064966,60.00000066616255,-6.655128856891679e-07,-0.0006000000000064967
final_gamma1e4,gamma_1e-05,1e-05,N5,21,60.00000000034801,60.00000066395643,-6.636084179945101e-07,-0.0006000000000034801
final_gamma1e4,gamma_1e-05,1e-05,N5,22,60.00000000011824,60.000000658293544,-6.58175302703512e-07,-0.0006000000000011825
final_gamma1e4,gamma_1e-05,1e-05,N5,23,60.000000000008306,60.0000006521256,-6.521172934981223e-07,-0.0006000000000000831
final_gamma1e4,gamma_1e-05,1e-05,N5,24,59.99999999990498,60.00000064772138,-6.478163996348485e-07,-0.0005999999999990499
final_gamma1e4,gamma_1e-05,1e-05,N6,1,59.99999999972526,60.000000614088265,-6.143630031374414e-07,-0.0005999999999972527
final_gamma1e4,gamma_1e-05,1e-05,N6,2,59.99999999890386,60.000000613489306,-6.145854456462985e-07,-0.0005999999999890387
final_gamma1e4,gamma_1e-05,1e-05,N6,3,59.999999993427295,60.000000613126176,-6.196988806550507e-07,-0.000599999999934273
final_gamma1e4,gamma_1e-05,1e-05,N6,4,59.9999998644092,60.00000061304232,-7.48633119940223e-07,-0.000599999998644092
final_gamma1e4,gamma_1e-05,1e-05,N6,5,59.999999996799815,60.000000613512675,-6.167128603351557e-07,-0.0005999999999679982
final_gamma1e4,gamma_1e-05,1e-05,N6,6,59.99999999978963,60.00000061435302,-6.145633903997805e-07,-0.0005999999999978964
final_gamma1e4,gamma_1e-05,1e-05,N6,7,60.00000000000363,60.00000061533132,-6.153276856935008e-07,-0.0006000000000000364
final_gamma1e4,gamma_1e-05,1e-05,N6,8,60.00000000000635,60.00000061551018,-6.155038292376958e-07,-0.0006000000000000636
final_gamma1e4,gamma_1e-05,1e-05,N6,9,59.99999999940875,60.000000614457406,-6.150486555611678e-07,-0.0005999999999940876
final_gamma1e4,gamma_1e-05,1e-05,N6,10,52.20000000004408,52.200000548286866,-5.48242788056541e-07,-0.0005220000000004408
final_gamma1e4,gamma_1e-05,1e-05,N6,11,41.330731707397234,41.33073212006645,-4.1266921613214436e-07,-0.0004133073170739724
final_gamma1e4,gamma_1e-05,1e-05,N6,12,29.90872283628634,29.65149068235781,0.2572321539285305,-0.0002990872283628634
final_gamma1e4,gamma_1e-05,1e-05,N6,13,29.9086938908679,29.651490674450105,0.2572032164177962,-0.00029908693890867905
final_gamma1e4,gamma_1e-05,1e-05,N6,14,29.90872274266797,29.651490685410035,0.25723205725793363,-0.0002990872274266797
final_gamma1e4,gamma_1e-05,1e-05,N6,15,29.90872283884834,29.651490689573844,0.2572321492744969,-0.00029908722838848344
final_gamma1e4,gamma_1e-05,1e-05,N6,16,29.908722852752447,29.651490694924167,0.25723215782828035,-0.0002990872285275245
final_gamma1e4,gamma_1e-05,1e-05,N6,17,52.19999999997142,52.20000054007397,-5.401025546802884e-07,-0.0005219999999997142
final_gamma1e4,gamma_1e-05,1e-05,N6,18,59.999999999208974,60.000000605930474,-6.067214997074188e-07,-0.0005999999999920898
final_gamma1e4,gamma_1e-05,1e-05,N6,19,60.00000000016823,60.000000611612556,-6.114443280580417e-07,-0.0006000000000016823
final_gamma1e4,gamma_1e-05,1e-05,N6,20,60.00000000058236,60.00000061499488,-6.144125208606965e-07,-0.0006000000000058236
final_gamma1e4,gamma_1e-05,1e-05,N6,21,60.00000000030031,60.00000061648447,-6.161841596963313e-07,-0.0006000000000030032
final_gamma1e4,gamma_1e-05,1e-05,N6,22,60.00000000009026,60.00000061662913,-6.165388697354501e-07,-0.0006000000000009027
final_gamma1e4,gamma_1e-05,1e-05,N6,23,59.9999999999901,60.00000061607678,-6.160866803384124e-07,-0.0005999999999999011
final_gamma1e4,gamma_1e-05,1e-05,N6,24,59.99999999989087,60.000000615343474,-6.154526062118748e-07,-0.0005999999999989087
final_gamma1e4,gamma_1e-05,1e-05,N7,1,59.99999999967901,60.00000061059471,-6.109156984734909e-07,-0.0005999999999967902
final_gamma1e4,gamma_1e-05,1e-05,N7,2,59.99999999885522,60.000000609700955,-6.108457313303006e-07,-0.0005999999999885523
final_gamma1e4,gamma_1e-05,1e-05,N7,3,59.999999993376015,60.00000060912779,-6.157517731253392e-07,-0.0005999999999337602
final_gamma1e4,gamma_1e-05,1e-05,N7,4,59.999999864356184,60.00000060891964,-7.445634579994476e-07,-0.0005999999986435619
final_gamma1e4,gamma_1e-05,1e-05,N7,5,59.999999996749864,60.00000060958655,-6.128366862867551e-07,-0.0005999999999674987
final_gamma1e4,gamma_1e-05,1e-05,N7,6,59.99999999974546,60.00000061107072,-6.11325255306383e-07,-0.0005999999999974547
final_gamma1e4,gamma_1e-05,1e-05,N7,7,59.99999999996965,60.00000061342937,-6.13459718579179e-07,-0.0005999999999996966
final_gamma1e4,gamma_1e-05,1e-05,N7,8,59.999999999982315,60.0000006149785,-6.14996181980132e-07,-0.0005999999999998232
final_gamma1e4,gamma_1e-05,1e-05,N7,9,59.99999999940856,60.00000061481085,-6.154022926807556e-07,-0.0005999999999940856
final_gamma1e4,gamma_1e-05,1e-05,N7,10,52.200000000139454,52.20000055429558,-5.541561236555026e-07,-0.0005220000000013946
final_gamma1e4,gamma_1e-05,1e-05,N7,11,52.199999999916635,52.20000052454766,-5.246310266215914e-07,-0.0005219999999991664
final_gamma1e4,gamma_1e-05,1e-05,N7,12,52.199999999884525,52.200000521898616,-5.220140906203596e-07,-0.0005219999999988453
final_gamma1e4,gamma_1e-05,1e-05,N7,13,52.19999999982947,52.200000519590105,-5.197606327556059e-07,-0.0005219999999982948
final_gamma1e4,gamma_1e-05,1e-05,N7,14,52.199999999755725,52.20000051783659,-5.180808670957049e-07,-0.0005219999999975573
final_gamma1e4,gamma_1e-05,1e-05,N7,15,52.19999999966276,52.20000051642541,-5.16762654001468e-07,-0.0005219999999966276
final_gamma1e4,gamma_1e-05,1e-05,N7,16,52.19999999969581,52.20000051739304,-5.176972308618133e-07,-0.0005219999999969582
final_gamma1e4,gamma_1e-05,1e-05,N7,17,52.200000000064264,52.200000546564794,-5.465005301630299e-07,-0.0005220000000006427
final_gamma1e4,gamma_1e-05,1e-05,N7,18,59.99999999920107,60.00000060944305,-6.102419760622979e-07,-0.0005999999999920108
final_gamma1e4,gamma_1e-05,1e-05,N7,19,60.000000000162025,60.00000061378137,-6.136193420047675e-07,-0.0006000000000016203
final_gamma1e4,gamma_1e-05,1e-05,N7,20,60.00000000058163,60.0000006158462,-6.152645681822833e-07,-0.0006000000000058164
final_gamma1e4,gamma_1e-05,1e-05,N7,21,60.00000000028657,60.000000616181296,-6.158947272183468e-07,-0.0006000000000028657
final_gamma1e4,gamma_1e-05,1e-05,N7,22,60.00000000006082,60.00000061509262,-6.150317943820482e-07,-0.0006000000000006083
final_gamma1e4,gamma_1e-05,1e-05,N7,23,59.99999999995132,60.0000006134989,-6.135475771884558e-07,-0.0005999999999995132
final_gamma1e4,gamma_1e-05,1e-05,N7,24,59.99999999984739,60.00000061214415,-6.122967590727058e-07,-0.0005999999999984739
final_gamma1e4,gamma_1e-05,1e-05,N8,1,59.99999999970742,60.00000061433206,-6.14624639183603e-07,-0.0005999999999970742
final_gamma1e4,gamma_1e-05,1e-05,N8,2,59.99999999888491,60.000000613715464,-6.148305544684263e-07,-0.0005999999999888491
final_gamma1e4,gamma_1e-05,1e-05,N8,3,59.99999999340859,60.00000061330941,-6.199008169005538e-07,-0.000599999999934086
final_gamma1e4,gamma_1e-05,1e-05,N8,4,59.999999864390965,60.000000613151535,-7.487605699907363e-07,-0.0005999999986439097
final_gamma1e4,gamma_1e-05,1e-05,N8,5,59.999999996781014,60.00000061349897,-6.167179549265711e-07,-0.0005999999999678102
final_gamma1e4,gamma_1e-05,1e-05,N8,6,59.99999999977209,60.000000614142195,-6.143701014593717e-07,-0.000599999999997721
final_gamma1e4,gamma_1e-05,1e-05,N8,7,59.999999999990244,60.00000061472337,-6.147331248484988e-07,-0.0005999999999999025
final_gamma1e4,gamma_1e-05,1e-05,N8,8,59.999999999987935,60.00000061412707,-6.141391324376855e-07,-0.0005999999999998794
final_gamma1e4,gamma_1e-05,1e-05,N8,9,59.9999999993811,60.00000061191696,-6.12535856703289e-07,-0.0005999999999938111
final_gamma1e4,gamma_1e-05,1e-05,N8,10,52.20000000007001,52.200000539860554,-5.397905411541615e-07,-0.0005220000000007002
final_gamma1e4,gamma_1e-05,1e-05,N8,11,49.917073170392044,49.91707365139942,-4.810073761518652e-07,-0.0004991707317039205
final_gamma1e4,gamma_1e-05,1e-05,N8,12,38.495034544709874,38.23783220285403,0.25720234185584445,-0.0003849503454470988
final_gamma1e4,gamma_1e-05,1e-05,N8,13,38.49503454059499,38.23783220214491,0.2572023384500852,-0.00038495034540594994
final_gamma1e4,gamma_1e-05,1e-05,N8,14,38.495029527917836,38.237832196000554,0.25719733191728267,-0.0003849502952791784
final_gamma1e4,gamma_1e-05,1e-05,N8,15,38.49503454074195,38.237832207353534,0.25720233338841325,-0.0003849503454074195
final_gamma1e4,gamma_1e-05,1e-05,N8,16,38.49506430694804,38.23783222992621,0.2572320770218255,-0.0003849506430694804
final_gamma1e4,gamma_1e-05,1e-05,N8,17,52.199999999988435,52.2000005312708,-5.312823674330502e-07,-0.0005219999999998844
final_gamma1e4,gamma_1e-05,1e-05,N8,18,59.99999999917718,60.00000060345612,-6.042789451043973e-07,-0.0005999999999917718
final_gamma1e4,gamma_1e-05,1e-05,N8,19,60.00000000016813,60.00000061043265,-6.102645215833036e-07,-0.0006000000000016813
final_gamma1e4,gamma_1e-05,1e-05,N8,20,60.000000000597105,60.00000061456914,-6.139720341025168e-07,-0.0006000000000059711
final_gamma1e4,gamma_1e-05,1e-05,N8,21,60.000000000308084,60.000000616406794,-6.160987098269288e-07,-0.0006000000000030809
final_gamma1e4,gamma_1e-05,1e-05,N8,22,60.00000000008607,60.0000006167244,-6.166383315076018e-07,-0.0006000000000008607
final_gamma1e4,gamma_1e-05,1e-05,N8,23,59.99999999997837,60.00000061626124,-6.162828682931831e-07,-0.0005999999999997838
final_gamma1e4,gamma_1e-05,1e-05,N8,24,59.999999999875264,60.000000615568304,-6.156930396628013e-07,-0.0005999999999987527
final_gamma1e4,gamma_1e-05,1e-05,N9,1,59.99999999971536,60.00000061100689,-6.112915329481439e-07,-0.0005999999999971536
final_gamma1e4,gamma_1e-05,1e-05,N9,2,59.99999999889355,60.00000061047005,-6.115765032177478e-07,-0.0005999999999889356
final_gamma1e4,gamma_1e-05,1e-05,N9,3,59.99999999341767,60.000000610172314,-6.167546473534458e-07,-0.0005999999999341767
final_gamma1e4,gamma_1e-05,1e-05,N9,4,59.99999986440022,60.00000061014209,-7.457418647049963e-07,-0.0005999999986440023
final_gamma1e4,gamma_1e-05,1e-05,N9,5,59.99999999678988,60.00000061067024,-6.13880359878749e-07,-0.0005999999999678989
final_gamma1e4,gamma_1e-05,1e-05,N9,6,59.99999999977955,60.00000061156497,-6.117854240983434e-07,-0.0005999999999977955
final_gamma1e4,gamma_1e-05,1e-05,N9,7,59.99999999999558,60.00000061274597,-6.127503908714971e-07,-0.0005999999999999558
final_gamma1e4,gamma_1e-05,1e-05,N9,8,59.99999999999478,60.00000061360319,-6.136084138574915e-07,-0.0005999999999999478
final_gamma1e4,gamma_1e-05,1e-05,N9,9,59.99999999939029,60.00000061379941,-6.144091173609922e-07,-0.0005999999999939029
final_gamma1e4,gamma_1e-05,1e-05,N9,10,52.20000000006383,52.20000055429555,-5.542317182971601e-07,-0.0005220000000006384
final_gamma1e4,gamma_1e-05,1e-05,N9,11,46.72097560957568,46.72097608321039,-4.7363470656591744e-07,-0.00046720975609575686
final_gamma1e4,gamma_1e-05,1e-05,N9,12,35.29894805945628,35.04173464258523,0.25721341687104626,-0.00035298948059456285
final_gamma1e4,gamma_1e-05,1e-05,N9,13,35.298937282515226,35.041734640926286,0.2572026415889397,-0.0003529893728251523
final_gamma1e4,gamma_1e-05,1e-05,N9,14,35.298944875225445,35.04173464128196,0.2572102339434821,-0.0003529894487522545
final_gamma1e4,gamma_1e-05,1e-05,N9,15,35.298948057920285,35.041734648636506,0.25721340928377856,-0.00035298948057920285
final_gamma1e4,gamma_1e-05,1e-05,N9,16,35.29896674940684,35.041734661451144,0.25723208795569263,-0.0003529896674940684
final_gamma1e4,gamma_1e-05,1e-05,N9,17,52.199999999985415,52.20000054656478,-5.465793648795625e-07,-0.0005219999999998542
final_gamma1e4,gamma_1e-05,1e-05,N9,18,59.999999999188674,60.00000060918349,-6.099948137716638e-07,-0.0005999999999918868
final_gamma1e4,gamma_1e-05,1e-05,N9,19,60.00000000016789,60.00000061168328,-6.115153894370451e-07,-0.0006000000000016789
final_gamma1e4,gamma_1e-05,1e-05,N9,20,60.00000000059101,60.00000061323542,-6.126444134224585e-07,-0.0006000000000059102
final_gamma1e4,gamma_1e-05,1e-05,N9,21,60.000000000305135,60.00000061383793,-6.13532797899552e-07,-0.0006000000000030514
final_gamma1e4,gamma_1e-05,1e-05,N9,22,60.0000000000881,60.00000061361668,-6.135285772757015e-07,-0.0006000000000008811
final_gamma1e4,gamma_1e-05,1e-05,N9,23,59.999999999983615,60.000000612954686,-6.129710712343694e-07,-0.0005999999999998362
final_gamma1e4,gamma_1e-05,1e-05,N9,24,59.99999999988219,60.00000061221574,-6.123335509755634e-07,-0.000599999999998822
