Time,Node,Load_MW,RES_MW,RES_Act_MW,RES_Curtail_MW,Conv_MW,Import_MW,Export_MW,Price_EUR,aFRR_Price_Up_EUR,aFRR_Price_Down_EUR,Flow_L12_MW,Limit_L12_MW,Flow_L14_MW,Limit_L14_MW,Flow_L15_MW,Limit_L15_MW,Flow_L23_MW,Limit_L23_MW,Flow_L34_MW,Limit_L34_MW,Flow_L45_MW,Limit_L45_MW,I1_Power_MW,I1_SOC_Perc,I1_Ch_MW,I1_Dis_MW,I1_R_Up_MW,I1_R_Down_MW,I2_Power_MW,I2_SOC_Perc,I2_Ch_MW,I2_Dis_MW,I2_R_Up_MW,I2_R_Down_MW,I3_Power_MW,I3_SOC_Perc,I3_Ch_MW,I3_Dis_MW,I3_R_Up_MW,I3_R_Down_MW,I4_Power_MW,I4_SOC_Perc,I4_Ch_MW,I4_Dis_MW,I4_R_Up_MW,I4_R_Down_MW,Total_BESS_Power_MW
1,N1,41.94,280.83,280.83,0,599.8334973023184,0.0,832.4678459877179,67.99793328021056,644.6173538025682,644.7753332535325,371.63750971297367,400,229.67535627714636,400,231.15497999759788,400,107.416868684697,400,-155.58873312808208,240,-185.27740602156985,240,-1.100103795803304,211.79218345009215,6.91774497104959,5.817641175246286,2.1582300993313126,2.28199651154729,-1.9474888509353914,0.0,2.248718631737924,0.3012297808025325,1.8949873709882081,1.9665781479851887,-1.5977148238506338,0.0,2.690731001013279,1.093016177162645,1.8916953572793564,1.9646532880839414,-1.6029958172739385,0.0,2.8791825716335366,1.2761867543595982,1.8941499076245925,1.9829007913028198,-6.248303287863267
1,N2,251.64,0.0,0.0,0,0.0,264.2206410282766,0.0,68.11337813699846,644.6173538025682,644.7753332535325,371.63750971297367,400,229.67535627714636,400,231.15497999759788,400,107.416868684697,400,-155.58873312808208,240,-185.27740602156985,240,-4.803035476081601,198.9211827467472,9.349990409509186,4.5469549334275845,2.184959649291922,1.9425178874570812,-2.5359043621500086,0.0,2.838188961658398,0.3022845995083892,1.894362549619571,1.7799547987245896,-2.644118035602965,0.0,3.570270403668006,0.9261523680650408,1.895682162748066,1.803431941025126,-2.5975831544808994,0.0,3.697184022415872,1.0996008679349727,1.8916281632397496,1.769205772177534,-12.580641028315474
1,N3,251.64,0.0,0.0,0,0.0,263.0056018127789,0.0,68.10754882845775,644.6173538025682,644.7753332535325,371.63750971297367,400,229.67535627714636,400,231.15497999759788,400,107.416868684697,400,-155.58873312808208,240,-185.27740602156985,240,-4.19122414545053,214.87706180506686,8.92788984250545,4.736665697054921,2.1863782407629917,1.9891492757656934,-2.3751587429119736,0.0,2.678005686613113,0.3028469437011393,1.8940975910770472,1.8263506701252692,-2.417734495552195,0.0,3.3696485897811153,0.9519140942289203,1.8935221942673626,1.8362386837536793,-2.381484428903088,0.0,3.508741207165158,1.12725677826207,1.8922623245109487,1.8215196859772593,-11.365601812817786
1,N4,251.64,0.0,0.0,0,0.0,259.36402917063424,0.0,68.0571176747293,644.6173538025682,644.7753332535325,371.63750971297367,400,229.67535627714636,400,231.15497999759788,400,107.416868684697,400,-155.58873312808208,240,-185.27740602156985,240,-1.986796410217094,213.0454715144615,7.422756109855414,5.43595969963832,2.1697970159465063,2.1788953627097736,-2.043267990553474,0.0,2.344916050035235,0.3016480594817609,1.8945009546298877,1.9354592538666093,-1.847449494234713,0.0,2.883002578419989,1.035553084185276,1.8928770629215128,1.9292326234050852,-1.8465152756671173,0.0,3.0596610457048152,1.213145770037698,1.8948790174848613,1.9391940594435608,-7.724029170672399
1,N5,41.94,0.0,0.0,0,0.0,45.87757397602811,0.0,68.03493972179291,644.6173538025682,644.7753332535325,371.63750971297367,400,229.67535627714636,400,231.15497999759788,400,107.416868684697,400,-155.58873312808208,240,-185.27740602156985,240,1.016311458163143,216.04231603618337,5.92764104920909,6.943952507372233,2.133913291177884,2.439501965860741,-1.9712271298082924,0.0,2.2699550058735865,0.2987278760652941,1.8957210589340012,1.964199134025432,-1.7198758603946294,0.0,2.7652848431258814,1.045408982731252,1.9009468214981624,1.9407885951271808,-1.6882801703096846,0.0,2.931080583947007,1.2428004136373223,1.901786603289918,1.9619759974106075,-4.363071702349464
2,N1,40.440000000000005,325.6,325.6,0,599.7798922656223,0.0,865.4540050448024,61.02174420164653,644.6173538025682,644.7753332535325,383.11979467162746,400,236.24941725972616,400,246.08479311344894,400,110.04603374990394,400,-160.6794986557582,240,-188.78921241648493,240,-4.833390494914273,219.63820575769236,9.396280172244024,4.562889677329752,2.1582300993313126,2.28199651154729,-5.167126604912983,0.0,5.458337746071345,0.29121114115836233,1.8949873709882081,1.9665781479851887,-4.760921235789726,0.0,5.5917378169416745,0.8308165811519486,1.8916953572793564,1.9646532880839414,-4.716320001679869,0.0,5.727482002593613,1.0111620009137432,1.8941499076245925,1.9829007913028198,-19.47775833729685
2,N2,242.64000000000001,0.0,0.0,0,0.0,273.0737609217234,0.0,61.21636176912663,644.6173538025682,644.7753332535325,383.11979467162746,400,236.24941725972616,400,246.08479311344894,400,110.04603374990394,400,-160.6794986557582,240,-188.78921241648493,240,-8.430761996346279,213.72724208031744,12.167396118085941,3.736634121739663,2.184959649291922,1.9425178874570812,-7.24883585526937,0.0,7.536750138448477,0.28791428317910717,1.894362549619571,1.7799547987245896,-7.337517279037075,0.0,8.088760109661093,0.7512428306240182,1.895682162748066,1.803431941025126,-7.4166457911055845,0.0,8.33359881249863,0.9169530213930462,1.8916281632397496,1.769205772177534,-30.433760921758306
2,N3,242.64000000000001,0.0,0.0,0,0.0,270.7255324056621,0.0,61.19606843598388,644.6173538025682,644.7753332535325,383.11979467162746,400,236.24941725972616,400,246.08479311344894,400,110.04603374990394,400,-160.6794986557582,240,-188.78921241648493,240,-7.980920861907341,228.80673574606928,11.830223740912007,3.8493028790046666,2.1863782407629917,1.9891492757656934,-6.631231099754338,0.0,6.920209083463891,0.2889779837095529,1.8940975910770472,1.8263506701252692,-6.734255198424007,0.0,7.5002550248674735,0.7659998264434664,1.8935221942673626,1.8362386837536793,-6.7391252456113,0.0,7.673356805064249,0.9342315594529498,1.8922623245109487,1.8215196859772593,-28.085532405696988
2,N4,242.64000000000001,0.0,0.0,0,0.0,264.35913102045293,0.0,61.10527143069885,644.6173538025682,644.7753332535325,383.11979467162746,400,236.24941725972616,400,246.08479311344894,400,110.04603374990394,400,-160.6794986557582,240,-188.78921241648493,240,-5.766646067448762,222.70186353096992,10.091789402776286,4.325143335327524,2.1697970159465063,2.1788953627097736,-5.468514762121389,0.0,5.759326763932081,0.2908120018106921,1.8945009546298877,1.9354592538666093,-5.251787592778141,0.0,6.061948133659083,0.8101605408809422,1.8928770629215128,1.9292326234050852,-5.2321825981387855,0.0,6.217288238666534,0.9851056405277481,1.8948790174848613,1.9391940594435608,-21.719131020487076
2,N5,40.440000000000005,0.0,0.0,0,0.0,57.29558069696409,0.0,61.0654265631322,644.6173538025682,644.7753332535325,383.11979467162746,400,236.24941725972616,400,246.08479311344894,400,110.04603374990394,400,-160.6794986557582,240,-188.78921241648493,240,-2.3064623693482194,218.88377217417053,7.894569228298106,5.588106858949887,2.133913291177884,2.439501965860741,-5.1876629072306555,0.0,5.4776232792142245,0.28996037198356894,1.8957210589340012,1.964199134025432,-4.869424958510468,0.0,5.685709366451238,0.8162844079407706,1.9009468214981624,1.9407885951271808,-4.813102688857871,0.0,5.811270422874449,0.9981677340165775,1.901786603289918,1.9619759974106075,-17.176652923947213
3,N1,39.54,370.0,370.0,0,599.7871256675037,0.0,896.6254058752396,62.060005700288436,644.6173538025682,644.7753332535325,391.82463540969945,400,242.93682769757825,400,261.86394276796193,400,113.3812379895657,400,-163.28316711425882,240,-192.23401778759,240,-9.035099710192737,235.56892623615636,12.793586341745655,3.7584866315529184,2.1582300993313126,2.28199651154729,-8.333231516243359,0.0,8.621301631780927,0.28807011553756895,1.8949873709882081,1.9665781479851887,-8.183557595314895,0.0,8.922410037820832,0.7388524425059364,1.8916953572793564,1.9646532880839414,-8.061843691957382,0.0,8.97435983917958,0.9125161472221998,1.8941499076245925,1.9829007913028198,-33.61373251370837
3,N2,237.24,0.0,0.0,0,0.0,278.44339742013364,0.0,62.4559673708297,644.6173538025682,644.7753332535325,391.82463540969945,400,242.93682769757825,400,261.86394276796193,400,113.3812379895657,400,-163.28316711425882,240,-192.23401778759,240,-10.637768635998595,232.78405111315686,13.93809268549338,3.3003240494947854,2.184959649291922,1.9425178874570812,-10.405925102251711,0.0,10.697334476592463,0.29140937434075276,1.894362549619571,1.7799547987245896,-9.986063705380927,0.0,10.700887076901164,0.7148233715202383,1.895682162748066,1.803431941025126,-10.173639976531833,0.0,11.045298780070937,0.871658803539104,1.8916281632397496,1.769205772177534,-41.203397420163064
3,N3,237.24,0.0,0.0,0,0.0,276.6644051038244,0.0,62.3981700521934,644.6173538025682,644.7753332535325,391.82463540969945,400,242.93682769757825,400,261.86394276796193,400,113.3812379895657,400,-163.28316711425882,240,-192.23401778759,240,-10.32148433342301,247.25090080825458,13.679002254684557,3.357517921261547,2.1863782407629917,1.9891492757656934,-9.801840921300911,0.0,10.093168487398255,0.2913275660973448,1.8940975910770472,1.8263506701252692,-9.619093131594385,0.0,10.339671654891214,0.7205785232968291,1.8935221942673626,1.8362386837536793,-9.6819867175356,0.0,10.56219331196224,0.8802065944266405,1.8922623245109487,1.8215196859772593,-39.42440510385391
3,N4,237.24,0.0,0.0,0,0.0,271.88767837090955,0.0,62.2036042566204,644.6173538025682,644.7753332535325,391.82463540969945,400,242.93682769757825,400,261.86394276796193,400,113.3812379895657,400,-163.28316711425882,240,-192.23401778759,240,-9.18533899463255,238.94276347864073,12.829074231936481,3.643735237303931,2.1697970159465063,2.1788953627097736,-8.597296614605366,0.0,8.887465783329672,0.29016916872430637,1.8945009546298877,1.9354592538666093,-8.472515277686748,0.0,9.209804261239317,0.7372889835525684,1.8928770629215128,1.9292326234050852,-8.3925274840136,0.0,9.297561614252842,0.9050341302392428,1.8948790174848613,1.9391940594435608,-34.64767837093826
3,N5,39.54,0.0,0.0,0,0.0,69.62992498037195,0.0,62.1174019122526,644.6173538025682,644.7753332535325,391.82463540969945,400,242.93682769757825,400,261.86394276796193,400,113.3812379895657,400,-163.28316711425882,240,-192.23401778759,240,-5.905873433728168,228.78419184531583,10.312263132433339,4.406389698705171,2.133913291177884,2.439501965860741,-8.270395160919865,0.0,8.558471443344693,0.28807628242482886,1.8957210589340012,1.964199134025432,-8.212241390041008,0.0,8.947531077803085,0.7352896877620767,1.9009468214981624,1.9407885951271808,-8.078835642632066,0.0,8.987418001717181,0.9085823590851153,1.901786603289918,1.9619759974106075,-30.46734562732111
4,N1,37.8,354.83,354.83,0,599.3217643904597,0.0,881.6264966000366,46.473092429385204,644.6173538025682,644.7753332535325,385.39240950710536,400,238.05855839398166,400,258.17552869894956,400,110.84265800597254,400,-161.26758378576173,240,-188.035582205514,240,-9.267177776955563,251.95207009798426,12.959073280082517,3.691895503126955,2.1582300993313126,2.28199651154729,-8.644960284453258,0.0,8.936491747778428,0.2915314633251687,1.8949873709882081,1.9665781479851887,-8.489778411191192,0.0,9.225805617025154,0.7360272058339608,1.8916953572793564,1.9646532880839414,-8.312929159366321,0.0,9.219719605071068,0.9067904457047472,1.8941499076245925,1.9829007913028198,-34.714845631966334
4,N2,226.8,0.0,0.0,0,0.0,274.5497515011328,0.0,46.69725956509666,644.6173538025682,644.7753332535325,385.39240950710536,400,238.05855839398166,400,258.17552869894956,400,110.84265800597254,400,-161.26758378576173,240,-188.035582205514,240,-11.575102751298452,253.64467409699753,14.695839136429877,3.1207363851314236,2.184959649291922,1.9425178874570812,-12.221469522616072,0.0,12.510150687009421,0.2886811643933489,1.894362549619571,1.7799547987245896,-11.842523022630608,0.0,12.530674509554743,0.6881514869241349,1.895682162748066,1.803431941025126,-12.110656204620827,0.0,12.951684977172663,0.841028772551836,1.8916281632397496,1.769205772177534,-47.74975150116596
4,N3,226.8,0.0,0.0,0,0.0,272.11024179173404,0.0,46.671685200390925,644.6173538025682,644.7753332535325,385.39240950710536,400,238.05855839398166,400,258.17552869894956,400,110.84265800597254,400,-161.26758378576173,240,-188.035582205514,240,-11.363396843520459,267.69490535821336,14.53901341445311,3.175616570932652,2.1863782407629917,1.9891492757656934,-11.401148289456769,0.0,11.690858243667126,0.2897099542103575,1.8940975910770472,1.8263506701252692,-11.212903812603628,0.0,11.91061941902635,0.6977156064227231,1.8935221942673626,1.8362386837536793,-11.332792846186313,0.0,12.186435685781383,0.8536428395950696,1.8922623245109487,1.8215196859772593,-45.31024179176717
4,N4,226.8,0.0,0.0,0,0.0,264.82655681373404,0.0,46.56621603409736,644.6173538025682,644.7753332535325,385.39240950710536,400,238.05855839398166,400,258.17552869894956,400,110.84265800597254,400,-161.26758378576173,240,-188.035582205514,240,-10.28556861051549,257.28652934305944,13.771195801366842,3.4856271908513516,2.1697970159465063,2.1788953627097736,-9.404114588434393,0.0,9.695943684220161,0.29182909578576766,1.8945009546298877,1.9354592538666093,-9.229071705386731,0.0,9.955071753060508,0.7260000476737773,1.8928770629215128,1.9292326234050852,-9.107801909429577,0.0,9.998907853434176,0.891105944004599,1.8948790174848613,1.9391940594435608,-38.02655681376619
4,N5,37.8,0.0,0.0,0,0.0,70.1399464934356,0.0,46.520784102934094,644.6173538025682,644.7753332535325,385.39240950710536,400,238.05855839398166,400,258.17552869894956,400,110.84265800597254,400,-161.26758378576173,240,-188.035582205514,240,-6.873345406609798,240.55741923392108,11.054706960412396,4.181361553802598,2.133913291177884,2.439501965860741,-8.677304857929363,0.0,8.968487281367796,0.2911824234384337,1.8957210589340012,1.964199134025432,-8.601179716406909,0.0,9.331127793599357,0.7299480771924488,1.9009468214981624,1.9407885951271808,-8.408025322064052,0.0,9.309082108004436,0.9010567859403826,1.901786603289918,1.9619759974106075,-32.559855303010124
5,N1,38.58,367.41,367.41,0,599.6845298777289,0.0,892.5805131767913,54.20204790157403,644.873108121783,644.5122283613741,389.4082896163057,400,241.26541743560435,400,261.9068061248813,400,112.57994003503455,400,-162.41641752707704,240,-190.51397746946577,240,-10.036733402760618,269.8025459644252,13.631892726114417,3.595159323353799,2.815650219149269,2.1349828750535504,-8.723330084901372,0.0,9.013358024734346,0.29002793983297515,2.125525395172582,1.9359823414075876,-8.665877280325644,0.0,9.394946388477692,0.7290691081520478,2.1178874923670747,1.9375340524181988,-8.499037899734937,0.0,9.400437968367775,0.9014000686328388,2.1583850368135384,1.94197299375899,-35.92497866772257
5,N2,231.48000000000002,0.0,0.0,0,0.0,276.828349581271,0.0,54.50842183589126,644.873108121783,644.5122283613741,389.4082896163057,400,241.26541743560435,400,261.9068061248813,400,112.57994003503455,400,-162.41641752707704,240,-190.51397746946577,240,-10.929947504189968,273.2743365365415,14.134357916871629,3.204410412681661,1.3939161262463005,2.105797917917394,-11.701722861107825,0.0,11.99169934931718,0.28997648820935423,1.5086794399750576,1.8309216719177348,-11.229710512385072,0.0,11.933317786070338,0.7036072736852671,1.5137403215356917,1.8362324906817802,-11.486968703620088,0.0,12.342344463664565,0.855375760044478,1.465429499780246,1.8194111657912693,-45.34834958130295
5,N3,231.48000000000002,0.0,0.0,0,0.0,274.9963575621115,0.0,54.467516386669935,644.873108121783,644.5122283613741,389.4082896163057,400,241.26541743560435,400,261.9068061248813,400,112.57994003503455,400,-162.41641752707704,240,-190.51397746946577,240,-10.781040350531438,287.0326082448183,14.015032786402884,3.233992435871447,1.6084700747425253,2.1238064497646385,-11.07460598542065,0.0,11.364965079967163,0.2903590945465136,1.6672962356804433,1.8547863658704569,-10.776032933007123,0.0,11.484692630233667,0.7086596972265446,1.6771370934765906,1.8535309507302675,-10.884678293184274,0.0,11.748468560336018,0.8637902671517439,1.6435346653442091,1.8491292495541063,-43.51635756214348
5,N4,231.48000000000002,0.0,0.0,0,0.0,269.3629773779932,0.0,54.319564502357494,644.873108121783,644.5122283613741,389.4082896163057,400,241.26541743560435,400,261.9068061248813,400,112.57994003503455,400,-162.41641752707704,240,-190.51397746946577,240,-10.213893381963238,275.50151112772534,13.678836108689527,3.4649427267262896,2.4492379011265153,2.1832189267119744,-9.380345721741492,0.0,9.671424946339728,0.291079224598237,2.0536936835747426,1.9160748253523945,-9.200583994617789,0.0,9.925474406595095,0.7248904119773056,2.057973130213521,1.9132748925266323,-9.088154279701529,0.0,9.978621575546912,0.8904672958453835,2.0611314166843457,1.9210997973745967,-37.882977378024044
5,N5,38.58,0.0,0.0,0,0.0,71.39282865541558,0.0,54.25484232335515,644.873108121783,644.5122283613741,389.4082896163057,400,241.26541743560435,400,261.9068061248813,400,112.57994003503455,400,-162.41641752707704,240,-190.51397746946577,240,-7.089692130836078,252.758591411089,11.18622531820607,4.0965331873699915,2.563226968275555,2.2879971201069123,-8.712931374466187,0.0,9.002239536861213,0.28930816239502544,2.118159072365942,1.9349809358991321,-8.746276264282328,0.0,9.464698040380442,0.7184217760981142,2.1073655973277066,1.933953203710373,-8.560146904199721,0.0,9.451933991010405,0.8917870868106839,2.145675494785098,1.9434413007624378,-33.10904667378431
6,N1,42.36,320.42,320.42,0,599.8495205052144,0.0,865.8058736805999,71.40446243211453,644.873108121783,644.5122283613741,385.33142581388574,400,237.94017390178942,400,242.53427396492484,400,111.20075351039159,400,-161.4612766554888,240,-191.28491357706665,240,-3.3579005438294285,274.73274500815256,8.493004065054961,5.135103521225533,2.815650219149269,2.1349828750535504,-3.080043123915694,0.0,3.3747461700751273,0.2947030461594335,2.125525395172582,1.9359823414075876,-2.8221291994432502,0.0,3.7652917359657563,0.9431625365225059,2.1178874923670747,1.9375340524181988,-2.8365977215647495,0.0,3.9506047588877897,1.11400703732304,2.1583850368135384,1.94197299375899,-12.09667058875312
6,N2,254.16,0.0,0.0,0,0.0,274.13067230349407,0.0,71.62809444460277,644.873108121783,644.5122283613741,385.33142581388574,400,237.94017390178942,400,242.53427396492484,400,111.20075351039159,400,-161.4612766554888,240,-191.28491357706665,240,-5.830302630308944,283.0756072981297,10.066836918431797,4.2365342881228525,1.3939161262463005,2.105797917917394,-4.715361667044351,0.0,5.005961275378341,0.29059960833398935,1.5086794399750576,1.8309216719177348,-4.672845398970416,0.0,5.5083764931372645,0.8355310941668477,1.5137403215356917,1.8362324906817802,-4.752162607199662,0.0,5.747449834918772,0.9952872277191096,1.465429499780246,1.8194111657912693,-19.970672303523372
6,N3,254.16,0.0,0.0,0,0.0,272.6620301658802,0.0,71.60233797165222,644.873108121783,644.5122283613741,385.33142581388574,400,237.94017390178942,400,242.53427396492484,400,111.20075351039159,400,-161.4612766554888,240,-191.28491357706665,240,-5.582642297251687,296.35128071672756,9.879948781956456,4.297306484704769,1.6084700747425253,2.1238064497646385,-4.324085488748365,0.0,4.615446348619102,0.291360859870737,1.6672962356804433,1.8547863658704569,-4.278483277649838,0.0,5.127379178327445,0.8488959006776067,1.6771370934765906,1.8535309507302675,-4.316819102259405,0.0,5.329585289501057,1.0127661872416516,1.6435346653442091,1.8491292495541063,-18.502030165909293
6,N4,254.16,0.0,0.0,0,0.0,267.76381082336735,0.0,71.49630395984568,644.873108121783,644.5122283613741,385.33142581388574,400,237.94017390178942,400,242.53427396492484,400,111.20075351039159,400,-161.4612766554888,240,-191.28491357706665,240,-3.7384742601717385,281.235157715206,8.529864243659606,4.791389983487868,2.4492379011265153,2.1832189267119744,-3.3997373618618942,0.0,3.6929547299664502,0.293217368104556,2.0536936835747426,1.9160748253523945,-3.221514739346016,0.0,4.121912898426831,0.9003981590808148,2.057973130213521,1.9132748925266323,-3.2440844620149525,0.0,4.318330197719289,1.0742457357043371,2.0611314166843457,1.9210997973745967,-13.6038108233946
6,N5,42.36,0.0,0.0,0,0.0,51.249360387858246,0.0,71.4489869730724,644.873108121783,644.5122283613741,385.33142581388574,400,237.94017390178942,400,242.53427396492484,400,111.20075351039159,400,-161.4612766554888,240,-191.28491357706665,240,-0.4573999753117599,251.90339680486687,6.918075646932226,6.460675671620466,2.563226968275555,2.2879971201069123,-3.1293988026448614,0.0,3.4206767673760075,0.2912779647311462,2.118159072365942,1.9349809358991321,-2.9697681976118773,0.0,3.8663134367060596,0.8965452390941824,2.1073655973277066,1.933953203710373,-2.948627249869528,0.0,4.033953408365303,1.0853261584957752,2.145675494785098,1.9434413007624378,-9.505194225438027
7,N1,51.9,278.24,278.24,0,599.8781432947636,0.0,842.3791335684064,79.83193642329624,644.873108121783,644.5122283613741,398.6406651460966,400,247.9558107315451,400,195.78265769076475,400,118.33124131675243,400,-166.39472897600234,240,-211.6110315494302,240,3.4674526239819645,265.8926203402335,5.379876830007598,8.847329453989563,2.815650219149269,2.1349828750535504,5.7549754135627476,0.0,0.2976727050446945,6.052648118607442,2.125525395172582,1.9359823414075876,3.506110663311971,0.0,0.9057582679548386,4.41186893126681,2.1178874923670747,1.9375340524181988,3.438703640478705,0.0,1.0915690333599857,4.530272673838691,2.1583850368135384,1.94197299375899,16.16724234133539
7,N2,311.4,0.0,0.0,0,0.0,280.30942382934404,0.0,82.23841687112974,644.873108121783,644.5122283613741,398.6406651460966,400,247.9558107315451,400,195.78265769076475,400,118.33124131675243,400,-166.39472897600234,240,-211.6110315494302,240,9.143583481446123,262.5859345381548,3.5284834250920727,12.672066906538197,1.3939161262463005,2.105797917917394,7.099630472763811,0.0,0.2860826234634554,7.385713096227266,1.5086794399750576,1.8309216719177348,7.410865035591588,0.0,0.7474215095001999,8.158286545091787,1.5137403215356917,1.8362324906817802,7.436497180839882,0.0,0.9066100620479519,8.343107242887834,1.465429499780246,1.8194111657912693,31.090576170641405
7,N3,311.4,0.0,0.0,0,0.0,284.72597029275465,0.0,81.79909654770428,644.873108121783,644.5122283613741,398.6406651460966,400,247.9558107315451,400,195.78265769076475,400,118.33124131675243,400,-166.39472897600234,240,-211.6110315494302,240,7.329175482296007,279.65061056145464,3.889851136904902,11.219026619200909,1.6084700747425253,2.1238064497646385,6.542293328848269,0.0,0.28686944168888995,6.82916277053716,1.6672962356804433,1.8547863658704569,6.413372166081828,0.0,0.7671941674973328,7.180566333579161,1.6771370934765906,1.8535309507302675,6.389188730006244,0.0,0.9342109885137218,7.3233997185199655,1.6435346653442091,1.8491292495541063,26.674029707232346
7,N4,311.4,0.0,0.0,0,0.0,293.17211330497315,0.0,80.55440998488925,644.873108121783,644.5122283613741,398.6406651460966,400,247.9558107315451,400,195.78265769076475,400,118.33124131675243,400,-166.39472897600234,240,-211.6110315494302,240,3.2223677734344047,273.0702466907363,4.812670027102394,8.035037800536799,2.4492379011265153,2.1832189267119744,5.988080912523229,0.0,0.2908524802920569,6.2789333928152855,2.0536936835747426,1.9160748253523945,4.546005423424125,0.0,0.8314168391692631,5.377422262593388,2.057973130213521,1.9132748925266323,4.471432585636287,0.0,1.0169445323666624,5.4883771180029495,2.0611314166843457,1.9210997973745967,18.227886695018046
7,N5,51.9,0.0,0.0,0,50.37345290541499,0.0,15.828373858665387,79.98219816307447,644.873108121783,644.5122283613741,398.6406651460966,400,247.9558107315451,400,195.78265769076475,400,118.33124131675243,400,-166.39472897600234,240,-211.6110315494302,240,3.934819866589158,242.19656287755623,4.865278872919377,8.800098739508535,2.563226968275555,2.2879971201069123,5.887367837312884,0.0,0.29172339303405553,6.179091230346939,2.118159072365942,1.9349809358991321,3.822051602329404,0.0,0.8412947466290677,4.663346348958472,2.1073655973277066,1.933953203710373,3.7106816470104387,0.0,1.0468970734784278,4.757578720488866,2.145675494785098,1.9434413007624378,17.354920953241884
8,N1,59.7,214.23,214.23,0,599.8777967453575,0.0,762.882128836036,79.81349420381076,644.873108121783,644.5122283613741,398.92113443861746,400,252.6200864878461,400,111.34090790957265,400,114.6646193489278,400,-160.5525635509443,240,-234.58144170401536,240,-4.463875999846302,272.9082545707262,9.548110708342486,5.084234708496185,2.815650219149269,2.1349828750535504,6.021343063740233,0.0,0.29586046854721687,6.317203532287451,2.125525395172582,1.9359823414075876,3.555303000221791,0.0,0.8814436057702364,4.4367466059920275,2.1178874923670747,1.9375340524181988,3.367802521606075,0.0,1.0677121081281877,4.4355146297342625,2.1583850368135384,1.94197299375899,8.480572585721799
8,N2,358.2,0.0,0.0,0,0.0,284.25651508968946,0.0,83.65418313693334,644.873108121783,644.5122283613741,398.92113443861746,400,252.6200864878461,400,111.34090790957265,400,114.6646193489278,400,-160.5525635509443,240,-234.58144170401536,240,18.976233710891115,221.59986827353424,1.5210342610873298,20.497267971978445,1.3939161262463005,2.105797917917394,18.182733060064386,0.0,0.29880638468531334,18.4815394447497,1.5086794399750576,1.8309216719177348,18.374611023513005,0.0,0.5475654358123794,18.922176459325385,1.5137403215356917,1.8362324906817802,18.409907115827522,0.0,0.6637921083985984,19.07369922422612,1.465429499780246,1.8194111657912693,73.94348491029604
8,N3,358.2,15.05,15.05,0,0.0,275.217182899872,0.0,82.94244732872433,644.873108121783,644.5122283613741,398.92113443861746,400,252.6200864878461,400,111.34090790957265,400,114.6646193489278,400,-160.5525635509443,240,-234.58144170401536,240,17.68874083015408,241.34171262326737,1.8472498153966062,19.535990645550687,1.6084700747425253,2.1238064497646385,16.649204654910772,0.0,0.2988198727207663,16.94802452763154,1.6672962356804433,1.8547863658704569,16.82527048025573,0.0,0.5843027252524086,17.40957320550814,1.6771370934765906,1.8535309507302675,16.775614495962948,0.0,0.7124952483907846,17.488109744353732,1.6435346653442091,1.8491292495541063,67.93883046128352
8,N4,358.2,0.0,0.0,0,0.0,326.64896464091726,0.0,80.94940570175727,644.873108121783,644.5122283613741,398.92113443861746,400,252.6200864878461,400,111.34090790957265,400,114.6646193489278,400,-160.5525635509443,240,-234.58144170401536,240,7.299548955486663,256.3745208789368,4.107499216846093,11.407048172332756,2.4492379011265153,2.1832189267119744,9.427824839917822,0.0,0.2890413537812481,9.71686619369907,2.0536936835747426,1.9160748253523945,7.4422390078438525,0.0,0.7271777544281939,8.169416762272046,2.057973130213521,1.9132748925266323,7.381422555825269,0.0,0.8969697109193627,8.278392266744632,2.0611314166843457,1.9210997973745967,31.55103535907361
8,N5,59.7,0.0,0.0,0,170.66056486413632,0.0,123.24053379444265,80.03097128367264,644.873108121783,644.5122283613741,398.92113443861746,400,252.6200864878461,400,111.34090790957265,400,114.6646193489278,400,-160.5525635509443,240,-234.58144170401536,240,-2.039241239253637,244.54360149898565,7.6032461612920015,5.5640049220383645,2.563226968275555,2.2879971201069123,6.28263873697091,0.0,0.28949228970324625,6.572131026674156,2.118159072365942,1.9349809358991321,4.099170403253122,0.0,0.8153554387655033,4.914525842018626,2.1073655973277066,1.933953203710373,3.9374010293305437,0.0,1.0122817049746555,4.949682734305199,2.145675494785098,1.9434413007624378,12.279968930300939
9,N1,60.0,160.58,160.58,0,599.8787100454185,0.0,710.0729347514888,79.95927024944737,644.7849993014106,641.4113447708697,397.4570631938843,400,249.50906840609457,400,63.10680315150999,400,82.74317940707094,400,-150.74391022893067,240,-241.79098112375794,240,-2.9191766355924544,276.9004403122854,8.492466596326611,5.573289960734157,2.4720822199584838,2.101350749360456,5.023046817581525,0.0,0.29345929956792083,5.316506117149446,1.92135332053005,1.9112438820637276,3.819869862827022,0.0,0.8514112624084076,4.67128112523543,1.9256404465604782,1.9093325516365902,3.6966963267011277,0.0,1.0353773975468048,4.7320737242479325,1.9305965847324844,1.915423474457668,9.62043637151722
9,N2,360.0,0.0,0.0,0,0.0,314.7138837868133,0.0,81.15648684840627,644.7849993014106,641.4113447708697,397.4570631938843,400,249.50906840609457,400,63.10680315150999,400,82.74317940707094,400,-150.74391022893067,240,-241.79098112375794,240,13.272855688394689,192.455658717152,2.862702929426184,16.135558617820873,1.9168885301919585,2.119826284869496,10.536851704313483,0.0,0.2864615446464305,10.823313248959913,1.839010889465267,1.88399475959093,10.703043920486742,0.0,0.6957513106495028,11.398795231136244,1.8399554664952227,1.8839035603871264,10.773364899979672,0.0,0.8473649224099643,11.620729822389636,1.8254612235855912,1.8743777114985352,45.28611621317458
9,N3,360.0,88.58,88.58,0,0.0,233.48708963600149,0.0,80.94382679759117,644.7849993014106,641.4113447708697,397.4570631938843,400,249.50906840609457,400,63.10680315150999,400,82.74317940707094,400,-150.74391022893067,240,-241.79098112375794,240,11.144877117859869,216.62347730540765,3.3590279876300317,14.5039051054899,2.018074466062615,2.1225932438043373,8.985554783450985,0.0,0.28658225219891614,9.272137035649902,1.8765866390675978,1.8911780602368498,8.934449536297073,0.0,0.7154982097739995,9.649947746071073,1.8745951183432004,1.8897031616192035,8.874170247496592,0.0,0.8760839253043128,9.750254172800904,1.8692303336760407,1.8844120283431711,37.939051685104516
9,N4,360.0,0.0,0.0,0,0.0,340.55613930092187,0.0,80.32842721017778,644.7849993014106,641.4113447708697,397.4570631938843,400,249.50906840609457,400,63.10680315150999,400,82.74317940707094,400,-150.74391022893067,240,-241.79098112375794,240,2.5654372463841337,249.408245541815,5.590177262968892,8.155614509353025,2.245254136084261,2.209047578296287,6.264227946366345,0.0,0.28807104843874537,6.55229899480509,1.9153083481199311,1.9070840421389192,5.382601636807918,0.0,0.7817736179594009,6.164375254767319,1.913274710939455,1.9054850602936941,5.231593869509683,0.0,0.963176209678475,6.194770079188158,1.920273458540149,1.9091484092245468,19.44386069906808
9,N5,60.0,0.0,0.0,0,227.13288069024338,0.0,178.68417797224785,80.03876353879903,644.7849993014106,641.4113447708697,397.4570631938843,400,249.50906840609457,400,63.10680315150999,400,82.74317940707094,400,-150.74391022893067,240,-241.79098112375794,240,-1.7597244386076092,246.26172714224452,7.7201168243577785,5.960392385750169,2.1788205407731582,2.2357756299357066,5.218687754941199,0.0,0.2897217798243463,5.508409534765546,1.9212859513543599,1.911821500488407,4.119523582114545,0.0,0.8101985977053758,4.929722179819921,1.9210242248267373,1.9193059552399752,3.9728103835503825,0.0,1.003963533207408,4.97677391675779,1.9288667356694515,1.9248032769998713,11.551297281998519
10,N1,54.36,76.22,76.22,0,599.8792685562369,0.0,631.6461778430004,80.01199711535061,644.7849993014106,641.4113447708697,349.7637523261255,400,220.6641780012725,400,61.21824751560249,400,23.277429171328645,400,-113.52076310356192,240,-212.67320630097063,240,-2.9857190777322673,281.0641554964914,8.382119398108392,5.396400320376125,2.4720822199584838,2.101350749360456,4.830024303681585,0.0,0.29157469259020496,5.121598996271789,1.92135332053005,1.9112438820637276,4.095191901006777,0.0,0.8371578362309888,4.932349737237766,1.9256404465604782,1.9093325516365902,3.973596762871658,0.0,1.0233471823211095,4.9969439451927675,1.9305965847324844,1.915423474457668,9.913093889827753
10,N2,326.16,0.0,0.0,0,0.0,326.48632315479676,0.0,80.0756367337295,644.7849993014106,641.4113447708697,349.7637523261255,400,220.6641780012725,400,61.21824751560249,400,23.277429171328645,400,-113.52076310356192,240,-212.67320630097063,240,-6.640537256218248,203.7668559209662,10.90786980854981,4.267332552331562,1.9168885301919585,2.119826284869496,2.278466672832582,0.0,0.3039999661957425,2.5824666390283246,1.839010889465267,1.88399475959093,2.0676696035940396,0.0,0.9769722654400749,3.0446418690341144,1.8399554664952227,1.8839035603871264,1.968077824984518,0.0,1.1649611241896474,3.1330389491741655,1.8254612235855912,1.8743777114985352,-0.3263231548071084
10,N3,326.16,188.34,188.34,0,0.0,136.79819227489045,0.0,80.07486407229823,644.7849993014106,641.4113447708697,349.7637523261255,400,220.6641780012725,400,61.21824751560249,400,23.277429171328645,400,-113.52076310356192,240,-212.67320630097063,240,-6.081632907360833,226.90762018525578,10.262714602720191,4.181081695359358,2.018074466062615,2.1225932438043373,2.5355327118015905,0.0,0.30197218946047366,2.837504901262064,1.8765866390675978,1.8911780602368498,2.3431991129170693,0.0,0.9493593493176742,3.2925584622347435,1.8745951183432004,1.8897031616192035,2.230895066302674,0.0,1.137655928132357,3.368550994435031,1.8692303336760407,1.8844120283431711,1.027993983660501
10,N4,326.16,0.0,0.0,0,0.0,319.81662119868133,0.0,80.05034032264768,644.7849993014106,641.4113447708697,349.7637523261255,400,220.6641780012725,400,61.21824751560249,400,23.277429171328645,400,-113.52076310356192,240,-212.67320630097063,240,-4.149626182026909,255.85403791551659,9.160076965423949,5.01045078339704,2.245254136084261,2.209047578296287,3.7338901190322358,0.0,0.2945320031098048,4.02842212214204,1.9153083481199311,1.9070840421389192,3.456250985787726,0.0,0.866304378364724,4.32255536415245,1.913274710939455,1.9054850602936941,3.302863878517156,0.0,1.0551254684260116,4.357989346943167,1.920273458540149,1.9091484092245468,6.343378801310209
10,N5,54.36,0.0,0.0,0,197.4162586086158,0.0,151.4549587853681,80.03287363173753,644.7849993014106,641.4113447708697,349.7637523261255,400,220.6641780012725,400,61.21824751560249,400,23.277429171328645,400,-113.52076310356192,240,-212.67320630097063,240,-4.041688956921,252.50555154792775,9.062600068864615,5.020911111943615,2.1788205407731582,2.2357756299357066,4.576276714598255,0.0,0.28993956147500477,4.86621627607326,1.9212859513543599,1.911821500488407,4.001144503991336,0.0,0.8204742001110588,4.821618704102394,1.9210242248267373,1.9193059552399752,3.862967915081401,0.0,1.0116594089138715,4.874627323995273,1.9288667356694515,1.9248032769998713,8.398700176749992
11,N1,48.18,42.18,42.18,0,599.8461906627193,0.0,601.423260043998,69.73895276354082,644.7849993014106,641.4113447708697,244.64288680770662,400,176.5625256277106,400,180.21784760858088,400,-43.047838177201555,400,-35.085780737386465,240,-141.8891095753362,240,1.3637724816005665,276.65539411894434,5.633095969471153,6.99686845107172,2.4720822199584838,2.101350749360456,1.9724558761439221,0.0,0.27604909278794376,2.248504968931866,1.92135332053005,1.9112438820637276,2.069528452341988,0.0,1.0336881517037095,3.103216604045697,1.9256404465604782,1.9093325516365902,2.178347931546387,0.0,1.227951574033893,3.4062995055802805,1.9305965847324844,1.915423474457668,7.5841047416328635
11,N2,289.08000000000004,0.0,0.0,0,0.0,287.6907249849081,0.0,69.75623799803431,644.7849993014106,641.4113447708697,244.64288680770662,400,176.5625256277106,400,180.21784760858088,400,-43.047838177201555,400,-35.085780737386465,240,-141.8891095753362,240,-1.8937528602504186,205.9007909631903,7.230961625810726,5.337208765560307,1.9168885301919585,2.119826284869496,1.3602710266187779,0.0,0.2704575769631065,1.6307286035818844,1.839010889465267,1.88399475959093,0.948273266775207,0.0,1.2541295896595888,2.2024028564347957,1.8399554664952227,1.8839035603871264,0.9744835819207429,0.0,1.4242462575531416,2.3987298394738845,1.8254612235855912,1.8743777114985352,1.3892750150643092
11,N3,289.08000000000004,295.41,295.41,0,0.0,0.0,7.962057439815144,69.76181363698078,644.7849993014106,641.4113447708697,244.64288680770662,400,176.5625256277106,400,180.21784760858088,400,-43.047838177201555,400,-35.085780737386465,240,-141.8891095753362,240,-2.0881650080844993,229.43415001599078,7.315911295775546,5.227746287691047,2.018074466062615,2.1225932438043373,1.4509537491699271,0.0,0.27270799683039554,1.7236617460003227,1.8765866390675978,1.8911780602368498,1.1244502786906896,0.0,1.2080562215217023,2.332506500212392,1.8745951183432004,1.8897031616192035,1.151875176168841,0.0,1.3842206398387578,2.536095816007599,1.8692303336760407,1.8844120283431711,1.6391141959449584
11,N4,289.08000000000004,0.0,0.0,0,0.0,283.3658544656604,0.0,69.76429082396123,644.7849993014106,641.4113447708697,244.64288680770662,400,176.5625256277106,400,180.21784760858088,400,-43.047838177201555,400,-35.085780737386465,240,-141.8891095753362,240,0.3354292910608292,253.5478234755308,5.9979702188413455,6.333399509902175,2.245254136084261,2.209047578296287,1.7963492087879194,0.0,0.2756182260919682,2.0719674348798875,1.9153083481199311,1.9070840421389192,1.770586769598766,0.0,1.0751418510235313,2.8457286206222974,1.913274710939455,1.9054850602936941,1.8117802648651482,0.0,1.2699524500109152,3.0817327148760634,1.920273458540149,1.9091484092245468,5.714145534312663
11,N5,48.18,0.0,0.0,0,0.0,38.328738033244676,0.0,69.7645435745414,644.7849993014106,641.4113447708697,244.64288680770662,400,176.5625256277106,400,180.21784760858088,400,-43.047838177201555,400,-35.085780737386465,240,-141.8891095753362,240,3.113426586837698,244.5192416895482,5.003297061604271,8.116723648441969,2.1788205407731582,2.2357756299357066,1.953299507204882,0.0,0.2733337591962619,2.226633266401144,1.9212859513543599,1.911821500488407,2.14184928484282,0.0,0.9778420648128239,3.119691349655644,1.9210242248267373,1.9193059552399752,2.1594075411556357,0.0,1.2101169563103118,3.3695244974659473,1.9288667356694515,1.9248032769998713,9.367982920041037
12,N1,45.9,25.16,25.16,0,599.8719912578841,0.0,565.4230243014491,76.72379133375834,644.7849993014106,641.4113447708697,214.9521168841727,400,165.3271368236964,400,185.14377059358014,400,-83.80060681326245,400,-3.675520923287816,240,-129.32743527412316,240,-3.848552478522979,282.6372928529212,8.483559171959064,4.635006693436084,2.4720822199584838,2.101350749360456,-3.4618024330998507,0.0,3.756253451272748,0.2944510181728974,1.92135332053005,1.9112438820637276,-3.1898739977901114,0.0,4.101707530821531,0.9118335330314197,1.9256404465604782,1.9093325516365902,-3.2024039247104956,0.0,4.289081899876418,1.0866779751659226,1.9305965847324844,1.915423474457668,-13.702632834123436
12,N2,275.4,0.0,0.0,0,0.0,298.7527236974351,0.0,76.73697651984128,644.7849993014106,641.4113447708697,214.9521168841727,400,165.3271368236964,400,185.14377059358014,400,-83.80060681326245,400,-3.675520923287816,240,-129.32743527412316,240,-6.321346414291349,216.68330957444738,10.326889814544213,4.005543400252864,1.9168885301919585,2.119826284869496,-5.660199097562266,0.0,5.946661340846276,0.28646224328401015,1.839010889465267,1.88399475959093,-5.67724202727142,0.0,6.469026857197822,0.7917848299264016,1.8399554664952227,1.8839035603871264,-5.693936158320594,0.0,6.652296230355173,0.9583600720345793,1.8254612235855912,1.8743777114985352,-23.35272369744563
12,N3,275.4,377.97,377.97,0,0.0,0.0,80.1250858899747,76.74200925488579,644.7849993014106,641.4113447708697,214.9521168841727,400,165.3271368236964,400,185.14377059358014,400,-83.80060681326245,400,-3.675520923287816,240,-129.32743527412316,240,-7.149475096908209,241.77879996181986,11.102989359185429,3.9535142622772197,2.018074466062615,2.1225932438043373,-5.115069232920703,0.0,5.403159770084219,0.2880905371635161,1.8765866390675978,1.8911780602368498,-5.078725074518485,0.0,5.888891602936335,0.8101665284178495,1.8745951183432004,1.8897031616192035,-5.095266034338796,0.0,6.0741943505524745,0.9789283162136784,1.8692303336760407,1.8844120283431711,-22.43853543868619
12,N4,275.4,0.0,0.0,0,0.0,290.9790511745318,0.0,76.74796414854134,644.7849993014106,641.4113447708697,214.9521168841727,400,165.3271368236964,400,185.14377059358014,400,-83.80060681326245,400,-3.675520923287816,240,-129.32743527412316,240,-4.346011231380932,260.4746912563198,8.929165517713638,4.583154286332706,2.245254136084261,2.209047578296287,-3.8671407943449694,0.0,4.1592218271284676,0.2920810327834984,1.9153083481199311,1.9070840421389192,-3.670265236034127,0.0,4.54059390617032,0.8703286701361934,1.913274710939455,1.9054850602936941,-3.695633912781047,0.0,4.741229016284396,1.0455951035033488,1.920273458540149,1.9091484092245468,-15.579051174541075
12,N5,45.9,0.0,0.0,0,1.7643926330059925,55.81633531945697,0.0,76.7497006558523,644.7849993014106,641.4113447708697,214.9521168841727,400,165.3271368236964,400,185.14377059358014,400,-83.80060681326245,400,-3.675520923287816,240,-129.32743527412316,240,-1.487072607845505,245.8193072955097,7.096879677672762,5.609807069827257,2.1788205407731582,2.2357756299357066,-3.5177085537894337,0.0,3.8087168755421916,0.29100832175275787,1.9212859513543599,1.911821500488407,-3.351683104415484,0.0,4.2172313237433485,0.865548219327865,1.9210242248267373,1.9193059552399752,-3.3242636864151125,0.0,4.381925547966817,1.057661861551704,1.9288667356694515,1.9248032769998713,-11.680727952465535
13,N1,44.94,18.13,18.13,0,591.5287133060025,0.0,545.8054419245443,40.393586739218286,644.6217735979143,644.7505930138796,199.16324333646958,400,159.05449497701426,400,187.5877036110605,400,-108.33262398368227,400,13.763025204384045,240,-122.38031461920694,240,-1.8224943360966117,284.46533768329505,7.809418175399591,5.986923839302979,2.1020696287544105,2.5550306918782204,-5.9789844221206,0.0,6.270968540368734,0.29198411824813364,1.8932021894632916,1.9684093258328428,-5.593099244789585,0.0,6.389599743879247,0.7965004990896618,1.891602417560422,1.981453923576526,-5.5084113994898125,0.0,6.482527237794366,0.9741158383045533,1.8925672672620037,1.9903212873301466,-18.90298940249661
13,N2,269.64,0.0,0.0,0,0.0,307.4958673201518,0.0,40.40486204784351,644.6217735979143,644.7505930138796,199.16324333646958,400,159.05449497701426,400,187.5877036110605,400,-108.33262398368227,400,13.763025204384045,240,-122.38031461920694,240,-8.174299688388556,230.96797636499113,12.065187158895114,3.890887470506557,2.2009845341369405,1.9067555295045078,-9.769921672217261,0.0,10.05432231848043,0.28440064626316897,1.8965947459291377,1.776618265733045,-9.888842002622141,0.0,10.60236138628454,0.7135193836623994,1.8948837795157416,1.7718846882364283,-10.022803956947527,0.0,10.896890125407914,0.874086168460387,1.8922851824293565,1.7553685051763672,-37.855867320175484
13,N3,269.64,428.28,428.28,0,0.0,0.0,122.09564918806628,40.409485286398194,644.6217735979143,644.7505930138796,199.16324333646958,400,159.05449497701426,400,187.5877036110605,400,-108.33262398368227,400,13.763025204384045,240,-122.38031461920694,240,-9.738712727176539,259.0256600087137,13.495191945011364,3.756479217834825,2.1949996762406956,1.8566747613631909,-8.896462714568155,0.0,9.182644680224225,0.28618196565606957,1.89568762184505,1.8260873280108134,-8.928774963365262,0.0,9.656740058102962,0.7279650947376994,1.8928120345127213,1.8237557155299386,-8.969199561761794,0.0,9.86067581981977,0.891476258057975,1.8926363701522972,1.8180152807557453,-36.53314996687175
13,N4,269.64,0.0,0.0,0,0.0,295.1978348006053,0.0,40.417291819926156,644.6217735979143,644.7505930138796,199.16324333646958,400,159.05449497701426,400,187.5877036110605,400,-108.33262398368227,400,13.763025204384045,240,-122.38031461920694,240,-6.036061724816418,270.62633885057517,10.396765679311578,4.36070395449516,2.1884250617406362,2.148438046723245,-6.720957562158746,0.0,7.011594326344005,0.2906367641852591,1.8937892236164982,1.9367716408775721,-6.425939358038801,0.0,7.19913155364241,0.773192195603609,1.892330504938799,1.9420595157344422,-6.374876155614424,0.0,7.320737557581415,0.9458614019669911,1.8943964912151663,1.9440544303094027,-25.557834800628388
13,N5,44.94,0.0,0.0,0,0.0,65.20738899185352,0.0,40.41964828505682,644.6217735979143,644.7505930138796,199.16324333646958,400,159.05449497701426,400,187.5877036110605,400,-108.33262398368227,400,13.763025204384045,240,-122.38031461920694,240,-2.965624883998605,250.01576668060898,8.102310889571578,5.136686005572973,2.1465690270838937,2.368620054843421,-6.050360576233367,0.0,6.340928707257188,0.2905681310238205,1.894327395058725,1.9636538916170267,-5.765756297916807,0.0,6.543356702122658,0.7776004042058511,1.9032177355299307,1.9541936503213906,-5.657173949429309,0.0,6.617389411962645,0.9602154625333363,1.9029228863823786,1.9659902497477328,-20.43891570757809
14,N1,44.46,10.36,10.36,0,599.7813350899677,0.0,540.8752068845079,59.878501824173036,644.6217735979143,644.7505930138796,195.98269261165294,400,157.54427851565075,400,187.34823575720426,400,-109.9793576728675,400,15.825234591087662,240,-120.88610633096552,240,-6.925089089530356,296.48243723317205,10.535184553772803,3.610095464242447,2.1020696287544105,2.5550306918782204,-6.333680195003988,0.0,6.625297976731131,0.29161778172714314,1.8932021894632916,1.9684093258328428,-5.810435182256273,0.0,6.601539197318126,0.7911040150618531,1.891602417560422,1.981453923576526,-5.728964544870761,0.0,6.6969775348843505,0.9680129900135894,1.8925672672620037,1.9903212873301466,-24.79816901166138
14,N2,266.76,0.0,0.0,0,0.0,305.96205028452044,0.0,59.88945606034138,644.6217735979143,644.7505930138796,195.98269261165294,400,157.54427851565075,400,187.34823575720426,400,-109.9793576728675,400,15.825234591087662,240,-120.88610633096552,240,-9.329252026982545,247.53535460456507,12.772009461319328,3.4427574343367837,2.2009845341369405,1.9067555295045078,-9.73582698229651,0.0,10.02059299598534,0.2847660136888296,1.8965947459291377,1.776618265733045,-10.0047287880029,0.0,10.71534340912033,0.7106146211174287,1.8948837795157416,1.7718846882364283,-10.132242487256864,0.0,11.003568692575335,0.8713262053184707,1.8922851824293565,1.7553685051763672,-39.202050284538814
14,N3,266.76,430.0,430.0,0,0.0,0.0,125.80459226395523,59.894064683595616,644.6217735979143,644.7505930138796,195.98269261165294,400,157.54427851565075,400,187.34823575720426,400,-109.9793576728675,400,15.825234591087662,240,-120.88610633096552,240,-10.33721318338059,277.4848143912572,13.749364222581754,3.4121510392011647,2.1949996762406956,1.8566747613631909,-8.911624432198249,0.0,9.198103563829772,0.2864791316315237,1.89568762184505,1.8260873280108134,-9.07342889357743,0.0,9.798202279065418,0.7247733854879873,1.8928120345127213,1.8237557155299386,-9.105113121742225,0.0,9.993492808852665,0.8883796871104407,1.8926363701522972,1.8180152807557453,-37.427379630898486
14,N4,266.76,0.0,0.0,0,0.0,294.25561943770396,0.0,59.902105349555406,644.6217735979143,644.7505930138796,195.98269261165294,400,157.54427851565075,400,187.34823575720426,400,-109.9793576728675,400,15.825234591087662,240,-120.88610633096552,240,-7.326725271137257,283.32271496606006,11.207960134935941,3.881234863798684,2.1884250617406362,2.148438046723245,-6.956986429504091,0.0,7.247528737917608,0.29054230841351697,1.8937892236164982,1.9367716408775721,-6.629766622759704,0.0,7.398912628464401,0.7691460057046964,1.892330504938799,1.9420595157344422,-6.582141114320767,0.0,7.523231645892627,0.9410905315718605,1.8943964912151663,1.9440544303094027,-27.495619437721817
14,N5,44.46,0.0,0.0,0,0.0,66.46212942623869,0.0,59.90457151978404,644.6217735979143,644.7505930138796,195.98269261165294,400,157.54427851565075,400,187.34823575720426,400,-109.9793576728675,400,15.825234591087662,240,-120.88610633096552,240,-4.113138624410432,256.4893839004474,8.772283123717642,4.65914449930721,2.1465690270838937,2.368620054843421,-6.380417116127782,0.0,6.670986830804516,0.2905697146767343,1.894327395058725,1.9636538916170267,-5.97168882920071,0.0,6.748997066212718,0.777308237012008,1.9032177355299307,1.9541936503213906,-5.870405745294693,0.0,6.827148199219052,0.9567424539243583,1.9029228863823786,1.9659902497477328,-22.335650315033615
15,N1,43.86,9.99,9.99,0,599.6163140343396,0.0,545.5168871993739,42.477822590397636,644.6217735979143,644.7505930138796,202.17018909901444,400,158.48599162314227,400,184.8607064772172,400,-93.58341226642474,400,4.972817647764489,240,-122.38604794240187,240,-5.172577991328364,305.0612745177328,9.367953174369278,4.195375183040914,2.1020696287544105,2.5550306918782204,-5.343761244380087,0.0,5.635496650390774,0.29173540601068715,1.8932021894632916,1.9684093258328428,-4.8703405461956475,0.0,5.695260073563189,0.8249195273675416,1.891602417560422,1.981453923576526,-4.8317754988566834,0.0,5.8352435107769764,1.0034680119202928,1.8925672672620037,1.9903212873301466,-20.218455280760782
15,N2,263.15999999999997,0.0,0.0,0,0.0,295.7536013654391,0.0,42.48948604773315,644.6217735979143,644.7505930138796,202.17018909901444,400,158.48599162314227,400,184.8607064772172,400,-93.58341226642474,400,4.972817647764489,240,-122.38604794240187,240,-7.781427167970508,261.13543536602253,11.477905192852381,3.6964780248818734,2.2009845341369405,1.9067555295045078,-8.133845830871275,0.0,8.419009910729251,0.2851640798579768,1.8965947459291377,1.776618265733045,-8.309841299762372,0.0,9.045243140758366,0.7354018409959944,1.8948837795157416,1.7718846882364283,-8.368487066861771,0.0,9.267662801084956,0.8991757342231852,1.8922851824293565,1.7553685051763672,-32.59360136546593
15,N3,263.15999999999997,393.02000000000004,393.02000000000004,0,0.0,0.0,98.55622991418927,42.494405857657696,644.6217735979143,644.7505930138796,202.17018909901444,400,158.48599162314227,400,184.8607064772172,400,-93.58341226642474,400,4.972817647764489,240,-122.38604794240187,240,-8.941383843298173,293.26549677934065,12.594684226831607,3.6533003835334332,2.1949996762406956,1.8566747613631909,-7.358693817604799,0.0,7.645475859521985,0.2867820419171869,1.89568762184505,1.8260873280108134,-7.497859277797781,0.0,8.248309930710949,0.7504506529131675,1.8928120345127213,1.8237557155299386,-7.494835182635412,0.0,8.41184787816088,0.9170126955254689,1.8926363701522972,1.8180152807557453,-31.292772121336164
15,N4,263.15999999999997,0.0,0.0,0,0.0,285.84485721330867,0.0,42.5013805776409,644.6217735979143,644.7505930138796,202.17018909901444,400,158.48599162314227,400,184.8607064772172,400,-93.58341226642474,400,4.972817647764489,240,-122.38604794240187,240,-5.892760138347631,293.25579950554163,10.0652102901421,4.172450151794468,2.1884250617406362,2.148438046723245,-5.768368400599835,0.0,6.0587322220314235,0.29036382143158856,1.8937892236164982,1.9367716408775721,-5.514781086071259,0.0,6.313061752988417,0.7982806669171577,1.892330504938799,1.9420595157344422,-5.50894758831635,0.0,6.480942429028412,0.9719948407120614,1.8943964912151663,1.9440544303094027,-22.684857213335075
15,N5,43.86,0.0,0.0,0,0.0,62.474658534815326,0.0,42.503635215348666,644.6217735979143,644.7505930138796,202.17018909901444,400,158.48599162314227,400,184.8607064772172,400,-93.58341226642474,400,4.972817647764489,240,-122.38604794240187,240,-3.4151249733482443,261.5581636464802,8.43899940827648,5.023874434928236,2.1465690270838937,2.368620054843421,-5.375280488162368,0.0,5.66529951530291,0.2900190271405413,1.894327395058725,1.9636538916170267,-5.019634264073342,0.0,5.824549080260679,0.8049148161873376,1.9032177355299307,1.9541936503213906,-4.9625535309840565,0.0,5.9490332583676935,0.9864797273836365,1.9029228863823786,1.9659902497477328,-18.772593256568012
16,N1,45.480000000000004,11.1,11.1,0,599.8750039682258,0.0,552.9220961550056,79.93220540418409,644.6217735979143,644.7505930138796,231.45690639055977,400,169.71933490456408,400,151.74585485988186,400,-57.70233068337998,400,-24.285727848332595,240,-141.02001043755905,240,-12.576087866492596,327.7800771459052,15.752125845054374,3.1760379785617774,2.1020696287544105,2.5550306918782204,-0.13175595378181137,0.0,1.1733918769280367,1.0416359231462253,1.8932021894632916,1.9684093258328428,0.0884783160184035,0.0,1.7635290472567366,1.8520073632751402,1.891602417560422,1.981453923576526,0.052657501158423825,0.0,1.9993279972681026,2.0519854984265264,1.8925672672620037,1.9903212873301466,-12.566708003097581
16,N2,272.88,0.0,0.0,0,0.0,289.15923707393966,0.0,79.94721011123112,644.6217735979143,644.7505930138796,231.45690639055977,400,169.71933490456408,400,151.74585485988186,400,-57.70233068337998,400,-24.285727848332595,240,-141.02001043755905,240,-14.238553199585109,287.0552077078937,17.099637086750025,2.8610838871649156,2.2009845341369405,1.9067555295045078,-0.5099773217771187,0.0,1.3483841227946898,0.838406801017571,1.8965947459291377,1.776618265733045,-0.763522960516438,0.0,2.2834739807697813,1.5199510202533433,1.8948837795157416,1.7718846882364283,-0.7671835920755781,0.0,2.486553450312562,1.719369858236984,1.8922851824293565,1.7553685051763672,-16.279237073954242
16,N3,272.88,322.07,322.07,0,0.0,0.0,33.416602835047414,79.9524897751397,644.6217735979143,644.7505930138796,231.45690639055977,400,169.71933490456408,400,151.74585485988186,400,-57.70233068337998,400,-24.285727848332595,240,-141.02001043755905,240,-14.147922291769898,318.9973184785035,17.05174363699057,2.9038213452206714,2.1949996762406956,1.8566747613631909,-0.4257996007591405,0.0,1.298872064970684,0.8730724642115435,1.89568762184505,1.8260873280108134,-0.5917504873879957,0.0,2.166224964413095,1.5744744770250991,1.8928120345127213,1.8237557155299386,-0.6017225031570295,0.0,2.3785132698802207,1.7767907667231913,1.8926363701522972,1.8180152807557453,-15.767194883074064
16,N4,272.88,0.0,0.0,0,0.0,286.45361749379055,0.0,79.95587391238035,644.6217735979143,644.7505930138796,231.45690639055977,400,169.71933490456408,400,151.74585485988186,400,-57.70233068337998,400,-24.285727848332595,240,-141.02001043755905,240,-13.096557673002184,316.9555693068348,16.241012450051635,3.14445477704945,2.1884250617406362,2.148438046723245,-0.21296100935509743,0.0,1.2021513244761304,0.989190315121033,1.8937892236164982,1.9367716408775721,-0.11373947406280349,0.0,1.8798925769850796,1.7661531029222761,1.892330504938799,1.9420595157344422,-0.15035933738722296,0.0,2.1077297687398517,1.9573704313526288,1.8943964912151663,1.9440544303094027,-13.573617493807308
16,N5,45.480000000000004,0.0,0.0,0,46.839678452113816,10.72584442232282,0.0,79.95532148615607,644.6217735979143,644.7505930138796,231.45690639055977,400,169.71933490456408,400,151.74585485988186,400,-57.70233068337998,400,-24.285727848332595,240,-141.02001043755905,240,-11.9201586601581,282.9800310831716,15.383620704802366,3.4634620446442663,2.1465690270838937,2.368620054843421,-0.1523155460347787,0.0,1.183984050717517,1.0316685046827383,1.894327395058725,1.9636538916170267,-0.0004945439483705627,0.0,1.8158144853828821,1.8153199414345116,1.9032177355299307,1.9541936503213906,-0.012554124313340242,0.0,2.0335047718375074,2.020950647524167,1.9029228863823786,1.9659902497477328,-12.085522874454588
17,N1,48.660000000000004,11.1,11.1,0,599.8780980576379,0.0,584.1420632336694,79.88928369151172,630.0963519583079,645.4827242627748,262.3982408032369,400,179.17540906767613,400,142.5684133627566,400,-13.334741282664853,400,-60.01491330171114,240,-152.67658552645497,240,11.844492817716496,301.69848186512195,2.8444369489749244,14.688929766691421,0.14747152779777176,2.2014128127951076,3.3718215630793127,0.0,0.2975953112434784,3.669416874322791,1.961876350874424,1.893556555711473,3.355175196277289,0.0,0.8704946324733754,4.225669828750664,1.9541671082945604,1.8863996667157896,3.2586952740319752,0.0,1.0626252097923592,4.321320483824334,1.9675959506071443,1.8957323734984148,21.830184851105074
17,N2,291.96000000000004,0.0,0.0,0,0.0,275.7329820859017,0.0,79.90915968708157,630.0963519583079,645.4827242627748,262.3982408032369,400,179.17540906767613,400,142.5684133627566,400,-13.334741282664853,400,-60.01491330171114,240,-152.67658552645497,240,9.942935315907764,264.9704355904598,3.0967096304742583,13.039644946382023,0.13508717264938686,2.1077741718260765,2.3149962442353167,0.0,0.3060940628989071,2.621090307134224,1.860192449283665,1.894880851854365,2.0189567164271347,0.0,1.004151100454388,3.023107816881523,1.8721129389658882,1.8981143355283696,1.950129637504909,0.0,1.1892097320766204,3.1393393695815295,1.852601944538495,1.8821972308770243,16.227017914075123
17,N3,291.96000000000004,222.74,222.74,0,0.0,46.680172019046246,0.0,79.91496186508924,630.0963519583079,645.4827242627748,262.3982408032369,400,179.17540906767613,400,142.5684133627566,400,-13.334741282664853,400,-60.01491330171114,240,-152.67658552645497,240,15.619461688159316,284.82399460207193,2.9368972941280735,18.55635898228739,0.13122487339198446,2.14615569702384,2.5314264724997244,0.0,0.3041424842929316,2.835568956792656,1.9095599440568016,1.8945439832737496,2.2363578786793283,0.0,0.9759282130549698,3.212286091734298,1.919180073713153,1.8924928137849366,2.158802062647683,0.0,1.1629100311521627,3.321712093799846,1.905821643558756,1.8861636011974183,22.546048101986052
17,N4,291.96000000000004,0.0,0.0,0,0.0,271.83708129241995,0.0,79.91430244282893,630.0963519583079,645.4827242627748,262.3982408032369,400,179.17540906767613,400,142.5684133627566,400,-13.334741282664853,400,-60.01491330171114,240,-152.67658552645497,240,11.09560110854871,292.4617888312833,2.9053451779033286,14.000946286452038,0.14797314913989779,2.1715496483923475,3.1540878271512947,0.0,0.2988979184387708,3.452985745590065,1.9605000246941553,1.8942325036493897,2.9981280478829087,0.0,0.8935402562897303,3.891668304172639,1.959010041896013,1.891565790414378,2.875101723974777,0.0,1.0889576662628107,3.9640593902375874,1.9634285380174843,1.8972052228803071,20.122918707557687
17,N5,48.660000000000004,0.0,0.0,0,44.12366104556643,0.0,10.108172163698372,79.91200493085975,630.0963519583079,645.4827242627748,262.3982408032369,400,179.17540906767613,400,142.5684133627566,400,-13.334741282664853,400,-60.01491330171114,240,-152.67658552645497,240,4.696577814276024,272.171544778636,2.8736625959839994,7.570240410260023,9.969740663691683,2.191834028339909,3.339245524005388,0.0,0.2942695008985291,3.633515024903917,1.9628847158473692,1.8954996135984825,3.371619702192099,0.0,0.8310277843223642,4.202647486514463,1.9515074906104228,1.906424582090139,3.2370680776367426,0.0,1.0397940379345658,4.2768621155713085,1.9664575323991498,1.9142191121688987,14.644511118110254
18,N1,50.04,15.540000000000001,15.540000000000001,0,599.8751771006315,0.0,564.4169857138735,80.02813862313562,630.0963519583079,645.4827242627748,365.2377068681109,400,218.40004315923778,400,-19.22076431347503,400,58.731360817288824,400,-143.37094100268706,240,-227.68936712616392,240,-11.3103820981774,321.9397713549017,14.887675000541869,3.5772929023644684,0.14747152779777176,2.2014128127951076,3.2478609305564072,0.0,0.2971602709001982,3.5450212014566054,1.961876350874424,1.893556555711473,3.6054427853647555,0.0,0.8441229611375227,4.449565746502278,1.9541671082945604,1.8863996667157896,3.5051206147185545,0.0,1.0360528405186016,4.541173455237156,1.9675959506071443,1.8957323734984148,-0.9519577675376829
18,N2,300.24,0.0,0.0,0,0.0,306.506346050822,0.0,80.12066397139787,630.0963519583079,645.4827242627748,365.2377068681109,400,218.40004315923778,400,-19.22076431347503,400,58.731360817288824,400,-143.37094100268706,240,-227.68936712616392,240,-12.733807717481213,287.99889347882305,15.866470601574695,3.1326628840934836,0.13508717264938686,2.1077741718260765,2.1814034811430023,0.0,0.3048109819743162,2.4862144631173186,1.860192449283665,1.894880851854365,2.1840679419920295,0.0,0.9653468760487381,3.1494148180407677,1.8721129389658882,1.8981143355283696,2.101990243520966,0.0,1.1543809540089203,3.256371197529886,1.852601944538495,1.8821972308770243,-6.266346050825215
18,N3,300.24,103.2,103.2,0,0.0,202.10230181997574,0.0,80.11549591392182,630.0963519583079,645.4827242627748,365.2377068681109,400,218.40004315923778,400,-19.22076431347503,400,58.731360817288824,400,-143.37094100268706,240,-227.68936712616392,240,-12.19783627854142,306.81349097847044,15.439635530518713,3.241799251977292,0.13122487339198446,2.14615569702384,2.4051553482512507,0.0,0.30293857260879353,2.708093920860044,1.9095599440568016,1.8945439832737496,2.411684474884111,0.0,0.9411463094984869,3.352830784382598,1.919180073713153,1.8924928137849366,2.3249229420551014,0.0,1.1300847802026872,3.455007722257789,1.905821643558756,1.8861636011974183,-5.056073513350957
18,N4,300.24,0.0,0.0,0,0.0,302.71846928271464,0.0,80.07398831774181,630.0963519583079,645.4827242627748,365.2377068681109,400,218.40004315923778,400,-19.22076431347503,400,58.731360817288824,400,-143.37094100268706,240,-227.68936712616392,240,-11.823668156916252,313.6996251194836,15.2607462347622,3.437078077845948,0.14797314913989779,2.1715496483923475,3.0422698287164236,0.0,0.29826866833336785,3.3405384970497916,1.9605000246941553,1.8942325036493897,3.2157053386639003,0.0,0.8676153418647008,4.083320680528601,1.959010041896013,1.891565790414378,3.0872237068179906,0.0,1.0618508772795305,4.149074584097521,1.9634285380174843,1.8972052228803071,-2.4784692827179367
18,N5,50.04,0.0,0.0,0,297.3303663131253,0.0,246.91013143963886,80.0479716635563,630.0963519583079,645.4827242627748,365.2377068681109,400,218.40004315923778,400,-19.22076431347503,400,58.731360817288824,400,-143.37094100268706,240,-227.68936712616392,240,-10.586943852680891,290.9909741975761,14.44212737188419,3.8551835192032993,9.969740663691683,2.191834028339909,3.205649050488811,0.0,0.29518484278973783,3.500833893278549,1.9628847158473692,1.8954996135984825,3.5601632725789427,0.0,0.8221308569957546,4.3822941295746975,1.9515074906104228,1.906424582090139,3.440896656123497,0.0,1.0231097918144658,4.464006447937963,1.9664575323991498,1.9142191121688987,-0.3802348734896408
19,N1,50.519999999999996,9.99,9.99,0,599.9453575796064,0.0,594.3389200941773,79.96127959340357,630.0963519583079,645.4827242627748,370.87316530379616,400,216.00985053282906,400,7.45590425755217,400,95.6940868118286,400,-164.59032412142818,240,-219.49433228786762,240,24.195532483896717,270.1360842657965,0.24379640520692075,24.43932888910364,0.14747152779777176,2.2014128127951076,3.2330014756853633,0.0,0.2970465391733837,3.530048014858747,1.961876350874424,1.893556555711473,3.8483566341773363,0.0,0.8266641501761338,4.67502078435347,1.9541671082945604,1.8863996667157896,3.6528601033181975,0.0,1.0194927025140603,4.672352805832258,1.9675959506071443,1.8957323734984148,34.929750697077615
19,N2,303.12,0.0,0.0,0,0.0,275.1790784919675,0.0,80.0747680561994,630.0963519583079,645.4827242627748,370.87316530379616,400,216.00985053282906,400,7.45590425755217,400,95.6940868118286,400,-164.59032412142818,240,-219.49433228786762,240,24.244600304136064,236.0875784951956,0.23113329282265546,24.47573359695872,0.13508717264938686,2.1077741718260765,1.5469179528954862,0.0,0.3086584889814962,1.8555764418769825,1.860192449283665,1.894880851854365,0.7297745079070614,0.0,1.278189003077171,2.0079635109842324,1.8721129389658882,1.8981143355283696,1.4196287426473004,0.0,1.3171591803167204,2.736787922964021,1.852601944538495,1.8821972308770243,27.940921507585916
19,N3,303.12,13.76,13.76,0,0.0,260.2844109332566,0.0,80.06722729609452,630.0963519583079,645.4827242627748,370.87316530379616,400,216.00985053282906,400,7.45590425755217,400,95.6940868118286,400,-164.59032412142818,240,-219.49433228786762,240,24.26351058121265,254.87618594079726,0.22851461939353326,24.492025200606182,0.13122487339198446,2.14615569702384,1.7554754808422854,0.0,0.30618293014501347,2.061658410987299,1.9095599440568016,1.8945439832737496,1.3263119287558562,0.0,0.9370823341679029,2.263394262923759,1.919180073713153,1.8924928137849366,1.7364671269260112,0.0,1.2466969669172165,2.983164093843228,1.905821643558756,1.8861636011974183,29.081765117736804
19,N4,303.12,0.0,0.0,0,0.0,270.9138586992686,0.0,80.01358333703469,630.0963519583079,645.4827242627748,370.87316530379616,400,216.00985053282906,400,7.45590425755217,400,95.6940868118286,400,-164.59032412142818,240,-219.49433228786762,240,24.192793226058544,261.90693170236085,0.2447002716532945,24.437493497711838,0.14797314913989779,2.1715496483923475,2.598812166802806,0.0,0.2995345478605693,2.8983467146633752,1.9605000246941553,1.8942325036493897,2.569729422003337,0.0,0.8949387972455194,3.464668219248856,1.959010041896013,1.891565790414378,2.8448064854200625,0.0,1.0828652768457634,3.927671762265826,1.9634285380174843,1.8972052228803071,32.20614130028475
19,N5,50.519999999999996,0.0,0.0,0,238.82275625136467,0.0,212.0384280303154,79.9829307692185,630.0963519583079,645.4827242627748,370.87316530379616,400,216.00985053282906,400,7.45590425755217,400,95.6940868118286,400,-164.59032412142818,240,-219.49433228786762,240,13.530131579714942,261.9444060146488,0.38940525518277447,13.919536834897716,9.969740663691683,2.191834028339909,3.0954569923748774,0.0,0.2955773755145394,3.3910343678894166,1.9628847158473692,1.8954996135984825,3.615996153808675,0.0,0.8145222944340719,4.430518448242747,1.9515074906104228,1.906424582090139,3.4940870526076324,0.0,1.0153574936213234,4.509444546228956,1.9664575323991498,1.9142191121688987,23.735671778506124
20,N1,55.620000000000005,11.47,11.47,0,599.9480167414649,0.0,589.2280875597353,79.96396033238068,630.0963519583079,645.4827242627748,385.8919754539315,400,228.32783724414412,400,-24.991725138340197,400,110.47013599853678,400,-171.5648392867909,240,-239.0947236736484,240,24.21401771410736,218.2939871597312,0.23957560176321574,24.453593315870577,0.14747152779777176,2.2014128127951076,2.748032118705963,0.0,0.30014397632042733,3.0481760950263905,1.961876350874424,1.893556555711473,3.283653235180888,0.0,0.8622259493552078,4.145879184536096,1.9541671082945604,1.8863996667157896,3.190559025544196,0.0,1.0543201368109716,4.244879162355168,1.9675959506071443,1.8957323734984148,33.43626209353841
20,N2,333.72,0.0,0.0,0,0.0,275.42183945539455,0.0,80.20894089195771,630.0963519583079,645.4827242627748,385.8919754539315,400,228.32783724414412,400,-24.991725138340197,400,110.47013599853678,400,-171.5648392867909,240,-239.0947236736484,240,24.258969183025812,184.14630592497082,0.22821978344453886,24.487188966470352,0.13508717264938686,2.1077741718260765,11.499097715579309,0.0,0.28312865667762027,11.782226372256929,1.860192449283665,1.894880851854365,11.240276636950842,0.0,0.6748776737078858,11.915154310658728,1.8721129389658882,1.8981143355283696,11.299817008984782,0.0,0.8256035342504094,12.125420543235192,1.852601944538495,1.8821972308770243,58.29816054454074
20,N3,333.72,0.0,0.0,0,0.0,282.03497528532756,0.0,80.17736515399848,630.0963519583079,645.4827242627748,385.8919754539315,400,228.32783724414412,400,-24.991725138340197,400,110.47013599853678,400,-171.5648392867909,240,-239.0947236736484,240,24.27713438144576,202.91047268554325,0.2257958343432659,24.502930215789025,0.13122487339198446,2.14615569702384,9.096357755844897,0.0,0.2849245154554046,9.381282271300302,1.9095599440568016,1.8945439832737496,9.180488018340121,0.0,0.6982795475640579,9.878767565904178,1.919180073713153,1.8924928137849366,9.131044558973805,0.0,0.8579877970817381,9.989032356055544,1.905821643558756,1.8861636011974183,51.68502471460458
20,N4,333.72,0.0,0.0,0,0.0,295.85772163100165,0.0,80.05510077349409,630.0963519583079,645.4827242627748,385.8919754539315,400,228.32783724414412,400,-24.991725138340197,400,110.47013599853678,400,-171.5648392867909,240,-239.0947236736484,240,24.20855589323288,210.0814172358849,0.2413713104945565,24.449927203727437,0.14797314913989779,2.1715496483923475,4.092347632297767,0.0,0.2925197617399364,4.384867394037704,1.9605000246941553,1.8942325036493897,4.849042186055435,0.0,0.780270482305247,5.629312668360682,1.959010041896013,1.891565790414378,4.71233265734942,0.0,0.9664970283303056,5.678829685679726,1.9634285380174843,1.8972052228803071,37.862278368935506
20,N5,55.620000000000005,0.0,0.0,0,296.21454913189893,0.0,264.08644881198853,79.99162255635972,630.0963519583079,645.4827242627748,385.8919754539315,400,228.32783724414412,400,-24.991725138340197,400,110.47013599853678,400,-171.5648392867909,240,-239.0947236736484,240,13.593540718946416,232.7658466371547,0.3756260321869869,13.969166751133404,9.969740663691683,2.191834028339909,2.925768569133982,0.0,0.2967147588676255,3.222483328001607,1.9628847158473692,1.8954996135984825,3.5416824905073327,0.0,0.8223328288451116,4.364015319352444,1.9515074906104228,1.906424582090139,3.4309079014501345,0.0,1.0228793513911032,4.453787252841238,1.9664575323991498,1.9142191121688987,23.491899680037864
21,N1,53.88,15.540000000000001,15.540000000000001,0,599.8792211360121,0.0,591.5900280685803,79.96171463562497,637.1152925473136,644.4868833092397,386.6141182506639,400,226.54939208421618,400,-21.573482266299695,400,108.35070512417373,400,-173.29773800756095,240,-236.5377712412286,240,20.40151085007358,174.45491985589413,0.8039583808494618,21.205469230923043,2.2973777387426275,2.214653571939178,2.934538137785112,0.0,0.2988921659035062,3.233430303688618,1.92124596092028,1.892720022304212,3.4055521664380657,0.0,0.8554800974284666,4.261032263866532,1.9223822766529874,1.8848660867919422,3.315451524185863,0.0,1.0462112309556142,4.361662755141477,1.9255437226500831,1.8937822090325143,30.057052678482624
21,N2,323.28000000000003,0.0,0.0,0,0.0,278.26341312649015,0.0,80.21045036656525,637.1152925473136,644.4868833092397,386.6141182506639,400,226.54939208421618,400,-21.573482266299695,400,108.35070512417373,400,-173.29773800756095,240,-236.5377712412286,240,21.07905475056109,138.88211965733672,0.6944855377979274,21.77354028835902,1.935936533117554,1.9666970811564108,8.020695621577325,0.0,0.2851528386462776,8.305848460223602,1.8965548012079338,1.8958524948077615,7.946639567335917,0.0,0.7190791079920313,8.665718675327948,1.9009310600909655,1.8987778177230372,7.970196934092976,0.0,0.8799813986893624,8.850178332782338,1.8897351280567758,1.885698505670101,45.016586873567306
21,N3,323.28000000000003,0.0,0.0,0,0.0,281.6484431317345,0.0,80.17803411604417,637.1152925473136,644.4868833092397,386.6141182506639,400,226.54939208421618,400,-21.573482266299695,400,108.35070512417373,400,-173.29773800756095,240,-236.5377712412286,240,21.168966242436653,157.4695396067122,0.6812663609693839,21.850232603406038,1.9050231033802716,2.025922748356771,6.867155354816703,0.0,0.28654188052396623,7.153697235340669,1.9083476836741746,1.895226228732537,6.803602662336473,0.0,0.7361324949580517,7.539735157294525,1.9118819220789496,1.8952048780964272,6.791832608730841,0.0,0.9041173644945284,7.695949973225369,1.9058468582026409,1.8879700557595545,41.63155686832067
21,N4,323.28000000000003,0.0,0.0,0,0.0,289.78942531788385,0.0,80.0537814043661,637.1152925473136,644.4868833092397,386.6141182506639,400,226.54939208421618,400,-21.573482266299695,400,108.35070512417373,400,-173.29773800756095,240,-236.5377712412286,240,20.652212955617397,165.72227135457763,0.760885961177439,21.413098916794837,2.1696022458284117,2.133818534968094,3.9971827435613614,0.0,0.29270776601984744,4.289890509581209,1.9200783790104596,1.8940287146801515,4.476622827823616,0.0,0.793838352908482,5.270461180732098,1.917440400118372,1.8910785952242282,4.364556155171307,0.0,0.9819819160394725,5.34653807121078,1.9238404381105871,1.8958706260529286,33.49057468217368
21,N5,53.88,0.0,0.0,0,281.74701329236484,0.0,258.1112535075282,79.98966445495113,637.1152925473136,644.4868833092397,386.6141182506639,400,226.54939208421618,400,-21.573482266299695,400,108.35070512417373,400,-173.29773800756095,240,-236.5377712412286,240,20.070323077621907,189.5997913508138,0.8755558991508784,20.945878976772786,2.368238821510295,2.494237531315983,3.080703198924023,0.0,0.29577544749371687,3.3764786464177394,1.9215676259145007,1.8947682711963454,3.600113130512037,0.0,0.8195523718509767,4.419665502363014,1.91612185931566,1.905110648903734,3.4931008081660755,0.0,1.0193960862908737,4.512496894456949,1.9237152322945752,1.9122673221340936,30.244240215224046
22,N1,42.239999999999995,10.73,10.73,0,599.8766984621672,0.0,572.9747994795443,80.02024833803516,637.1152925473136,644.4868833092397,352.2130280166028,400,204.52754950639655,400,16.234221956545092,400,96.47137590492419,400,-158.97102498468905,240,-205.84978062197197,240,-5.802801119903658,184.17056841501045,10.163721829714353,4.360920709810695,2.2973777387426275,2.214653571939178,3.3299193065908392,0.0,0.2967509498378378,3.626670256428677,1.92124596092028,1.892720022304212,3.586504305915418,0.0,0.847074451364004,4.433578757279422,1.9223822766529874,1.8848660867919422,3.500739860355341,0.0,1.040013141240487,4.540753001595828,1.9255437226500831,1.8937822090325143,4.61436235295794
22,N2,253.44,0.0,0.0,0,0.0,255.74165211167858,0.0,80.08625739895429,637.1152925473136,644.4868833092397,352.2130280166028,400,204.52754950639655,400,16.234221956545092,400,96.47137590492419,400,-158.97102498468905,240,-205.84978062197197,240,-8.557048801598938,153.90167397017538,12.380937064195539,3.823888262596601,1.935936533117554,1.9666970811564108,2.0778357022025626,0.0,0.3065715059435665,2.384407208146129,1.8965548012079338,1.8958524948077615,2.1279023482689334,0.0,0.9755268626642333,3.1034292109331667,1.9009310600909655,1.8987778177230372,2.0496586394411103,0.0,1.1662794781808792,3.2159381176219894,1.8897351280567758,1.885698505670101,-2.3016521116863315
22,N3,253.44,0.0,0.0,0,0.0,255.44240088961305,0.0,80.08754255304974,637.1152925473136,644.4868833092397,352.2130280166028,400,204.52754950639655,400,16.234221956545092,400,96.47137590492419,400,-158.97102498468905,240,-205.84978062197197,240,-8.961633895129665,173.21107514882883,12.905889633000884,3.944255737871218,1.9050231033802716,2.025922748356771,2.3142118730481616,0.0,0.3042001144090561,2.618411987457218,1.9083476836741746,1.895226228732537,2.361970527064128,0.0,0.9492989189029136,3.3112694459670413,1.9118819220789496,1.8952048780964272,2.2830506053959763,0.0,1.1399497656993776,3.423000371095354,1.9058468582026409,1.8879700557595545,-2.0024008896213994
22,N4,253.44,0.0,0.0,0,0.0,251.4063051436796,0.0,80.05823535155308,637.1152925473136,644.4868833092397,352.2130280166028,400,204.52754950639655,400,16.234221956545092,400,96.47137590492419,400,-158.97102498468905,240,-205.84978062197197,240,-7.242261657904272,178.1881565382079,11.396295671922744,4.154034014018472,2.1696022458284117,2.133818534968094,3.0406088916234246,0.0,0.2984962100930335,3.339105101716458,1.9200783790104596,1.8940287146801515,3.171071637594212,0.0,0.8737459657238394,4.044817603318052,1.917440400118372,1.8910785952242282,3.0642759850008607,0.0,1.0682682783787163,4.132544263379577,1.9238404381105871,1.8958706260529286,2.033694856314226
22,N5,42.239999999999995,0.0,0.0,0,227.7483670896554,0.0,189.6155586654268,80.03966558977123,637.1152925473136,644.4868833092397,352.2130280166028,400,204.52754950639655,400,16.234221956545092,400,96.47137590492419,400,-158.97102498468905,240,-205.84978062197197,240,-6.095484253732858,199.78411999708675,10.771425669258056,4.675941415525198,2.368238821510295,2.494237531315983,3.265277313823681,0.0,0.29545496268022065,3.560732276503902,1.9215676259145007,1.8947682711963454,3.517571554112631,0.0,0.8322630217636972,4.349834575876328,1.91612185931566,1.905110648903734,3.419826961568983,0.0,1.0315060287489084,4.4513329903178915,1.9237152322945752,1.9122673221340936,4.107191575772438
23,N1,37.14,12.950000000000001,12.950000000000001,0,599.8770774567408,0.0,580.7466225521094,79.99638525725761,637.1152925473136,644.4868833092397,311.38340427827177,400,185.53712419534565,400,83.82609407849215,400,86.93298095638298,400,-136.31048077474293,240,-171.84651762411303,240,-5.2824450279835355,192.82913420904168,9.95374855456258,4.671303526579044,2.2973777387426275,2.214653571939178,3.567731783023514,0.0,0.29600192179471496,3.8637337048182285,1.92124596092028,1.892720022304212,3.425788104101776,0.0,0.8683154579432096,4.2941035620449854,1.9223822766529874,1.8848660867919422,3.354735326864799,0.0,1.061044239448347,4.415779566313146,1.9255437226500831,1.8937822090325143,5.065810186006553
23,N2,222.84,0.0,0.0,0,0.0,224.45042332188874,0.0,80.02933686754314,637.1152925473136,644.4868833092397,311.38340427827177,400,185.53712419534565,400,83.82609407849215,400,86.93298095638298,400,-136.31048077474293,240,-171.84651762411303,240,-7.8734191344532745,167.5492227311507,12.041215336332066,4.167796201878791,1.935936533117554,1.9666970811564108,2.2554766319863417,0.0,0.30568594856142733,2.561162580547769,1.8965548012079338,1.8958524948077615,2.0339463201653016,0.0,1.0083921251199817,3.0423384452852833,1.9009310600909655,1.8987778177230372,1.9735728604029386,0.0,1.194559989353369,3.1681328497563075,1.8897351280567758,1.885698505670101,-1.610423321898693
23,N3,222.84,0.0,0.0,0,0.0,223.2434617311257,0.0,80.0362581950836,637.1152925473136,644.4868833092397,311.38340427827177,400,185.53712419534565,400,83.82609407849215,400,86.93298095638298,400,-136.31048077474293,240,-171.84651762411303,240,-7.367645138361818,185.85808694892273,11.722429038807533,4.354783900445716,1.9050231033802716,2.025922748356771,2.501894960031181,0.0,0.303416667904262,2.805311627935443,1.9083476836741746,1.895226228732537,2.263044758233436,0.0,0.9783370599867858,3.241381818220222,1.9118819220789496,1.8952048780964272,2.199243688961111,0.0,1.1662765577855017,3.3655202467466125,1.9058468582026409,1.8879700557595545,-0.40346173113608996
23,N4,222.84,0.0,0.0,0,0.0,221.07316104471585,0.0,80.02459880220765,637.1152925473136,644.4868833092397,311.38340427827177,400,185.53712419534565,400,83.82609407849215,400,86.93298095638298,400,-136.31048077474293,240,-171.84651762411303,240,-7.467689485718665,190.99519767412622,11.92792793208361,4.460238446364945,2.1696022458284117,2.133818534968094,3.250163607005705,0.0,0.29775451440775336,3.5479181214134585,1.9200783790104596,1.8940287146801515,3.0390156161827457,0.0,0.8951052130499135,3.934120829232659,1.917440400118372,1.8910785952242282,2.9453492178054126,0.0,1.0900019874975562,4.035351205302969,1.9238404381105871,1.8958706260529286,1.766838955275198
23,N5,37.14,0.0,0.0,0,117.89669698915671,0.0,88.02042354562087,80.01652939723799,637.1152925473136,644.4868833092397,311.38340427827177,400,185.53712419534565,400,83.82609407849215,400,86.93298095638298,400,-136.31048077474293,240,-171.84651762411303,240,-2.917955107132417,203.924845893002,7.9278526096794755,5.009897502547059,2.368238821510295,2.494237531315983,3.4984856613290627,0.0,0.29416556357083623,3.792651224899899,1.9215676259145007,1.8947682711963454,3.3887275462636683,0.0,0.8460528970543961,4.234780443318065,1.91612185931566,1.905110648903734,3.2944684560014914,0.0,1.048773839276755,4.343242295278246,1.9237152322945752,1.9122673221340936,7.263726556461806
24,N1,34.379999999999995,26.639999999999997,26.639999999999997,0,599.8745445245589,0.0,590.7724262959529,79.97655095024218,637.1152925473136,644.4868833092397,297.5290040552682,400,179.12703727227657,400,114.11638496840807,400,83.852487402456,400,-128.64343248560107,240,-158.7581504807878,240,-10.385304999788282,211.27262806742587,14.206931834618192,3.82162683482991,2.2973777387426275,2.214653571939178,3.0650639616110134,0.0,0.28762548706754953,3.352689448678563,1.92124596092028,1.892720022304212,2.978135490430329,0.0,0.9211046900410824,3.899240180471412,1.9223822766529874,1.8848660867919422,2.9862573736814504,0.0,1.1073331152756065,4.093590488957057,1.9255437226500831,1.8937822090325143,-1.355848174065489
24,N2,206.27999999999997,0.0,0.0,0,0.0,213.6765166528121,0.0,80.00445137866491,637.1152925473136,644.4868833092397,297.5290040552682,400,179.12703727227657,400,114.11638496840807,400,83.852487402456,400,-128.64343248560107,240,-158.7581504807878,240,-13.029243545333774,191.1268966630301,16.178224974140225,3.148981428806451,1.935936533117554,1.9666970811564108,2.1074251241604025,0.0,0.2934925271919634,2.400917651352366,1.8965548012079338,1.8958524948077615,1.762562808159381,0.0,1.0781617592771349,2.840724567436516,1.9009310600909655,1.8987778177230372,1.7627389602030474,0.0,1.2498132947938774,3.012552254996925,1.8897351280567758,1.885698505670101,-7.396516652810944
24,N3,206.27999999999997,0.0,0.0,0,0.0,212.49591988805702,0.0,80.01219344476826,637.1152925473136,644.4868833092397,297.5290040552682,400,179.12703727227657,400,114.11638496840807,400,83.852487402456,400,-128.64343248560107,240,-158.7581504807878,240,-12.434768422797383,208.2811070723201,15.715388157113347,3.280619734315965,1.9050231033802716,2.025922748356771,2.2821735511754726,0.0,0.29226687889130865,2.5744404300667814,1.9083476836741746,1.895226228732537,1.9693216600834027,0.0,1.0431653001198449,3.0124869602032476,1.9118819220789496,1.8952048780964272,1.9673533234826108,0.0,1.2191271091317886,3.1864804326143994,1.9058468582026409,1.8879700557595545,-6.215919888055899
24,N4,206.27999999999997,0.0,0.0,0,0.0,209.24175526746336,0.0,80.00348966213218,637.1152925473136,644.4868833092397,297.5290040552682,400,179.12703727227657,400,114.11638496840807,400,83.852487402456,400,-128.64343248560107,240,-158.7581504807878,240,-11.072009734221595,210.76387694364234,14.739834481162843,3.6678247469412484,2.1696022458284117,2.133818534968094,2.818031587277718,0.0,0.2886499434232383,3.106681530700956,1.9200783790104596,1.8940287146801515,2.6592729792083007,0.0,0.9471918079382613,3.606464787146562,1.917440400118372,1.8910785952242282,2.6329499002734256,0.0,1.1363011392506597,3.769251039524085,1.9238404381105871,1.8958706260529286,-2.9617552674621512
24,N5,34.379999999999995,0.0,0.0,0,79.0814439252013,0.0,44.64176551237962,79.99791555294851,637.1152925473136,644.4868833092397,297.5290040552682,400,179.12703727227657,400,114.11638496840807,400,83.852487402456,400,-128.64343248560107,240,-158.7581504807878,240,-9.06692169611737,219.78752389162543,13.329721946782795,4.262800250665425,2.368238821510295,2.494237531315983,3.0234017630520116,0.0,0.28449196950639155,3.3078937325584032,1.9215676259145007,1.8947682711963454,3.014031059068529,0.0,0.8789915826098121,3.893022641678341,1.91612185931566,1.905110648903734,2.969810461175332,0.0,1.0854039556357153,4.055214416811047,1.9237152322945752,1.9122673221340936,-0.05967841282149822
